,init_to_steady1_2_0,init_to_steady1_2_1,init_to_steady1_2_2,init_to_steady1_2_3,init_to_steady1_2_4,init_to_steady1_3_0,init_to_steady1_3_1,init_to_steady1_3_2,init_to_steady1_3_3,init_to_steady1_3_4,init_to_steady1_3_5,init_to_steady1_3_6,init_to_steady1_3_7,init_to_steady1_3_8,init_to_steady1_3_9,init_to_steady1_3_10,init_to_steady1_3_11,init_to_steady1_3_12,init_to_steady1_3_13,init_to_steady1_3_14,init_to_steady1_4_0,init_to_steady1_4_1,init_to_steady1_4_2,init_to_steady1_4_3,init_to_steady1_4_4,init_to_steady1_4_5,init_to_steady1_4_6,init_to_steady1_4_7,init_to_steady1_4_8,init_to_steady1_4_9,init_to_steady1_4_10,init_to_steady1_4_11,init_to_steady1_4_12,init_to_steady1_5_0,init_to_steady1_5_1,init_to_steady1_5_2,init_to_steady1_5_3,init_to_steady1_5_4,init_to_steady1_5_5,init_to_steady1_5_6,init_to_steady1_5_7,init_to_steady1_5_8,init_to_steady1_5_9,init_to_steady1_5_10,init_to_steady1_5_11,init_to_steady1_5_12,init_to_steady1_5_13,init_to_steady1_5_14,init_to_steady1_5_15,init_to_steady1_5_16,init_to_steady1_5_17,init_to_steady1_5_18,init_to_steady1_5_19,init_to_steady1_5_20,init_to_steady1_5_21,init_to_steady1_5_22,init_to_steady1_5_23,init_to_steady1_5_24,init_to_steady1_5_25,init_to_steady1_5_26,init_to_steady1_5_27,init_to_steady1_5_28,init_to_steady1_5_29,init_to_steady1_5_30,init_to_steady1_6_0,init_to_steady1_6_1,init_to_steady1_6_2,init_to_steady1_6_3,init_to_steady1_6_4,init_to_steady1_6_5,init_to_steady1_6_6,init_to_steady1_6_7,init_to_steady1_6_8,init_to_steady1_6_9,init_to_steady1_6_10,init_to_steady1_6_11,init_to_steady1_6_12,init_to_steady1_6_13,init_to_steady1_6_14,init_to_steady1_6_15,init_to_steady1_6_16,init_to_steady1_6_17,init_to_steady1_6_18,init_to_steady1_6_19,init_to_steady1_6_20,init_to_steady1_6_21,init_to_steady1_6_22,init_to_steady1_6_23,init_to_steady1_6_24,init_to_steady1_6_25,init_to_steady1_6_26,init_to_steady1_6_27,init_to_steady1_6_28,init_to_steady1_6_29,init_to_steady1_7_0,init_to_steady1_7_1,init_to_steady1_7_2,init_to_steady1_7_3,init_to_steady1_7_4,init_to_steady1_7_5,init_to_steady1_7_6,init_to_steady1_7_7,init_to_steady1_7_8,init_to_steady1_7_9,init_to_steady1_7_10,init_to_steady1_7_11,init_to_steady1_7_12,init_to_steady1_7_13,init_to_steady1_7_14,init_to_steady1_7_15,init_to_steady1_7_16,init_to_steady1_7_17,init_to_steady1_7_18,init_to_steady1_7_19,init_to_steady1_7_20,init_to_steady1_7_21,init_to_steady1_7_22,init_to_steady1_7_23,init_to_steady1_7_24,init_to_steady1_7_25,init_to_steady1_7_26,init_to_steady1_7_27,init_to_steady1_7_28,init_to_steady1_7_29,init_to_steady1_7_30,init_to_steady1_7_31,init_to_steady1_7_32,init_to_steady1_7_33,init_to_steady1_7_34,init_to_steady1_7_35,init_to_steady1_7_36,init_to_steady1_7_37,init_to_steady1_7_38,init_to_steady1_7_39,init_to_steady1_7_40,init_to_steady1_7_41,init_to_steady1_7_42,init_to_steady1_7_43,init_to_steady1_7_44,init_to_steady1_8_0,init_to_steady1_8_1,init_to_steady1_8_2,init_to_steady1_8_3,init_to_steady1_8_4,init_to_steady1_8_5,init_to_steady1_8_6,init_to_steady1_8_7,init_to_steady1_8_8,init_to_steady1_8_9,init_to_steady1_8_10,init_to_steady1_8_11,init_to_steady1_8_12,init_to_steady1_8_13,init_to_steady1_8_14,init_to_steady1_8_15,init_to_steady1_8_16,init_to_steady1_8_17,init_to_steady1_8_18,init_to_steady1_8_19,init_to_steady1_8_20,init_to_steady1_8_21,init_to_steady1_8_22,init_to_steady1_8_23,init_to_steady1_8_24,init_to_steady1_8_25,init_to_steady1_8_26,init_to_steady1_8_27,init_to_steady1_8_28,init_to_steady1_8_29,init_to_steady1_8_30,init_to_steady1_8_31,init_to_steady1_8_32,init_to_steady1_8_33,init_to_steady1_8_34,init_to_steady1_8_35,init_to_steady1_8_36,init_to_steady1_8_37,init_to_steady1_8_38,init_to_steady1_8_39,init_to_steady1_8_40,init_to_steady1_8_41,init_to_steady1_8_42,init_to_steady1_8_43,init_to_steady1_8_44,init_to_steady1_8_45,init_to_steady1_8_46,init_to_steady1_8_47,init_to_steady1_8_48,init_to_steady1_8_49,init_to_steady1_8_50,init_to_steady1_8_51,init_to_steady1_8_52,init_to_steady1_8_53,init_to_steady1_8_54,init_to_steady1_8_55,init_to_steady1_8_56,init_to_steady1_8_57,init_to_steady1_8_58,init_to_steady1_8_59,init_to_steady1_8_60,init_to_steady1_8_61,init_to_steady1_8_62,init_to_steady1_8_63,init_to_steady1_8_64,init_to_steady1_8_65,init_to_steady1_8_66,init_to_steady1_8_67,init_to_steady1_8_68,init_to_steady1_8_69,init_to_steady1_8_70,init_to_steady1_8_71,init_to_steady1_8_72,init_to_steady1_8_73,init_to_steady1_8_74,init_to_steady1_9_0,init_to_steady1_9_1,init_to_steady1_9_2,init_to_steady1_9_3,init_to_steady1_9_4,init_to_steady1_9_5,init_to_steady1_9_6,init_to_steady1_9_7,init_to_steady1_9_8,init_to_steady1_9_9,init_to_steady1_9_10,init_to_steady1_9_11,init_to_steady1_9_12,init_to_steady1_9_13,init_to_steady1_9_14,init_to_steady1_9_15,init_to_steady1_9_16,init_to_steady1_9_17,init_to_steady1_9_18,init_to_steady1_9_19,init_to_steady1_9_20,init_to_steady1_9_21,init_to_steady1_9_22,init_to_steady1_9_23,init_to_steady1_9_24,init_to_steady1_9_25,init_to_steady1_9_26,init_to_steady1_9_27,init_to_steady1_9_28,init_to_steady1_9_29,init_to_steady1_9_30,init_to_steady1_9_31,init_to_steady1_9_32,init_to_steady1_9_33,init_to_steady1_9_34,init_to_steady1_9_35,init_to_steady1_9_36,init_to_steady1_9_37,init_to_steady1_9_38,init_to_steady1_9_39,init_to_steady1_9_40,init_to_steady1_9_41,init_to_steady1_9_42,init_to_steady1_9_43,init_to_steady1_9_44,init_to_steady1_9_45,init_to_steady1_9_46,init_to_steady1_9_47,init_to_steady1_9_48,init_to_steady1_9_49,init_to_steady1_9_50,init_to_steady1_9_51,init_to_steady1_9_52,init_to_steady1_9_53,init_to_steady1_9_54,init_to_steady1_9_55,init_to_steady1_9_56,init_to_steady1_9_57,init_to_steady1_9_58,init_to_steady1_9_59,init_to_steady1_9_60,init_to_steady1_9_61,init_to_steady1_9_62,init_to_steady1_9_63,init_to_steady1_9_64,init_to_steady1_9_65,init_to_steady1_9_66,init_to_steady1_9_67,init_to_steady1_9_68,init_to_steady1_9_69,init_to_steady1_9_70,init_to_steady1_9_71,init_to_steady1_9_72,init_to_steady1_9_73,init_to_steady1_9_74,init_to_steady1_9_75,init_to_steady1_9_76,init_to_steady1_9_77,init_to_steady1_9_78,init_to_steady1_9_79,init_to_steady1_9_80,init_to_steady1_15_0,init_to_steady1_16_0,init_to_steady1_16_1,init_to_steady1_16_2,init_to_steady1_16_3,init_to_steady1_17_0,init_to_steady1_17_1,init_to_steady1_17_2,steady1_0,steady1_1,steady1_2,steady1_3,steady1_4,steady1_5,steady1_6,steady1_7,steady1_8,steady1_9,steady1_10,steady1_11,steady1_12,steady1_13,steady1_14,steady1_15,steady1_16,steady1_17,steady1_18,steady1_19,steady1_20,steady1_21,steady1_22,steady1_23,steady1_24,steady1_25,steady1_26,steady1_27,steady1_28,steady1_29,steady1_30,steady1_31,steady1_32,steady1_33,steady1_34,steady1_35,steady1_36,steady1_37,steady1_38,steady1_39,steady1_40,steady1_41,steady1_42,steady1_43,steady1_44,steady1_45,steady1_46,steady1_47,steady1_48,steady1_49,steady1_50,steady1_51,steady1_52,steady1_53,steady1_54,steady1_55,steady1_56,steady1_57,steady1_58,steady1_59,steady1_60,steady1_61,steady1_62,steady1_63,steady1_64,steady1_65,steady1_66,steady1_67,steady1_68,steady1_69,steady1_70,steady1_71,steady1_72,steady1_73,steady1_74,steady1_75,steady1_76,steady1_77,steady1_78,steady1_79,steady1_80,steady1_81,steady1_82,steady1_83,steady1_84,steady1_85,steady1_86,steady1_87,steady1_88,steady1_89,steady1_90,steady1_91,steady1_92,steady1_93,steady1_94,steady1_95,steady1_96,steady1_97,steady1_98,steady1_99,steady1_100,steady1_101,steady1_102,steady1_103,steady1_104,steady1_105,steady1_106,steady1_107,steady1_108,steady1_109,steady1_110,steady1_111,steady1_112,steady1_113,steady1_114,steady1_115,steady1_116,steady1_117,steady1_118,steady1_119,steady1_120,steady1_121,steady1_122,steady1_123,steady1_124,steady1_125,steady1_126,steady1_127,steady1_128,steady1_129,steady1_130,steady1_131,steady1_132,steady1_133,steady1_134,steady1_135,steady1_136,steady1_137,steady1_138,steady1_139,steady1_140,steady1_141,steady1_142,steady1_143,steady1_144,steady1_145,steady1_146,steady1_147,steady1_148,steady1_149,steady1_150,steady1_151,steady1_152,steady1_153,steady1_154,steady1_155,steady1_156,steady1_157,steady1_158,steady1_159,steady1_160,steady1_161,steady1_162,steady1_163,steady1_164,steady1_165,steady1_166,steady1_167,steady1_168,steady1_169,steady1_170,steady1_171,steady1_172,steady1_173,steady1_174,steady1_175,steady1_176,steady1_177,steady1_178,steady1_179,steady1_180,steady1_181,steady1_182,steady1_183,steady1_184,steady1_185,steady1_186,steady1_187,steady1_188,steady1_189,steady1_190,steady1_191,steady1_192,steady1_193,steady1_194,steady1_195,steady1_196,steady1_197,steady1_198,steady1_199,steady1_200,steady1_201,steady1_202,steady1_203,steady1_204,steady1_205,steady1_206,steady1_207,steady1_208,steady1_209,steady1_210,steady1_211,steady1_212,steady1_213,steady1_214,steady1_215,steady1_216,steady1_217,steady1_218,steady1_219,steady1_220,steady1_221,steady1_222,steady1_223,steady1_224,steady1_225,steady1_226,steady1_227,steady1_228,steady1_229,steady1_230,steady1_231,steady1_232,steady1_233,steady1_234,steady1_235,steady1_236,steady1_237,steady1_238,steady1_239,steady1_240,steady1_241,steady1_242,steady1_243,steady1_244,steady1_245,steady1_246,steady1_247,steady1_248,steady1_249,steady1_250,steady1_251,steady1_252,steady1_253,steady1_254,steady1_255,steady1_256,steady1_257,steady1_258,steady1_259,steady1_260,steady1_261,steady1_262,steady1_263,steady1_264,steady1_265,steady1_266,steady1_267,steady1_268,steady1_269,steady1_270,steady1_271,steady1_272,steady1_273,steady1_274,steady1_275,steady1_276,steady1_277,steady1_278,steady1_279,steady1_280,steady1_281,steady1_282,steady1_283,steady1_284,steady1_285,steady1_286,steady1_287,steady1_288,steady1_289,steady1_290,steady1_291,steady1_292,steady1_293,steady1_294,steady1_295,steady1_296,steady1_297,steady1_298,steady1_299,steady1_300,steady1_301,steady1_302,steady1_303,steady1_304,steady1_305,steady1_306,steady1_307,steady1_308,steady1_309,steady1_310,steady1_311,steady1_312,steady1_313,steady1_314,steady1_315,steady1_316,steady1_317,steady1_318,steady1_319,steady1_320,steady1_321,steady1_322,steady1_323,steady1_324,steady1_325,steady1_326,steady1_327,steady1_328,steady1_329,steady1_330,steady1_331,steady1_332,steady1_333,steady1_334,steady1_335,steady1_336,steady1_337,steady1_338,steady1_339,steady1_340,steady1_341,steady1_342,steady1_343,steady1_344,steady1_345,steady1_346,steady1_347,steady1_348,steady1_349,steady1_350,steady1_351,steady1_352,steady1_353,steady1_354,steady1_355,steady1_356,steady1_357,steady1_358,steady1_359,steady1_360,steady1_361,steady1_362,steady1_363,steady1_364,steady1_365,steady1_366,steady1_367,steady1_368,steady1_369,steady1_370,steady1_371,steady1_372,steady1_373,steady1_374,steady1_375,steady1_376,steady1_377,steady1_378,steady1_379,steady1_380,steady1_381,steady1_382,steady1_383,steady1_384,steady1_385,steady1_386,steady1_387,steady1_388,steady1_389,steady1_390,steady1_391,steady1_392,steady1_393,steady1_394,steady1_395,steady1_396,steady1_397,steady1_398,steady1_399,steady1_400,steady1_401,steady1_402,steady1_403,steady1_404,steady1_405,steady1_406,steady1_407,steady1_408,steady1_409,steady1_410,steady1_411,steady1_412,steady1_413,steady1_414,steady1_415,steady1_416,steady1_417,steady1_418,steady1_419,steady1_420,steady1_421,steady1_422,steady1_423,steady1_424,steady1_425,steady1_426,steady1_427,steady1_428,steady1_429,steady1_430,steady1_431,steady1_432,steady1_433,steady1_434,steady1_435,steady1_436,steady1_437,steady1_438,steady1_439,steady1_440,steady1_441,steady1_442,steady1_443,steady1_444,steady1_445,steady1_446,steady1_447,steady1_448,steady1_449,steady1_450,steady1_451,steady1_452,steady1_453,steady1_454,steady1_455,steady1_456,steady1_457,steady1_458,steady1_459,steady1_460,steady1_461,steady1_462,steady1_463
x0,0,1,26,4,1,0,3,3,3,3,0,4,1,0,0,5,2,0,2,1,0,0,4,26,4,6,0,54,3,0,15,1,6,1,0,0,5,0,2,15,1,16,0,0,1,1,0,0,7,0,2,0,2,0,0,0,0,0,0,0,1,0,19,0,1,0,4,2,1,9,0,9,0,0,0,2,1,0,0,4,0,0,10,0,1,0,0,0,1,5,0,0,1,0,7,2,10,0,0,1,4,0,6,3,0,1,2,2,0,0,0,1,1,0,1,0,3,0,3,0,0,2,0,0,0,5,0,1,0,58,0,0,0,1,1,0,0,3,2,0,0,0,1,0,1,1,0,1,0,0,2,5,0,75,0,22,0,1,0,0,0,4,7,2,0,4,0,0,3,20,0,1,141,2,1,0,8,14,0,0,0,13,0,2,11,18,1,5,1,2,0,8,1,2,2,2,40,17,0,2,7,4,0,1,3,4,9,7,4,0,1,0,1,1,4,3,0,1,1,360,4,0,0,0,0,0,2,0,1,3,1,0,0,1,0,1,1,25,1,0,1,3,5,10,1,0,0,0,0,0,0,3,10,6,0,4,0,0,2,1,1,15,9,0,2,1,1,0,1,0,0,2,0,1,0,2,0,2,5,0,0,2,11,20,0,0,0,7,50,0,7,0,2,0,1,38,0,3,12,11,0,1,0,0,1,16,0,0,0,5,2,0,1,0,0,1,15,0,4,1,0,10,9,1,1,0,5,0,1,0,0,0,4,1,1,10,6,0,0,0,0,0,2,1,2,0,5,0,0,2,1,2,4,1,2,0,2,2,0,2,9,0,0,1,3,2,1,28,0,37,11,0,0,0,0,0,7,0,44,1,0,0,1,5,3,0,0,0,0,6,1,0,6,0,0,109,0,1,0,0,15,2,2,3,0,0,2,3,0,1,0,1,5,0,0,18,7,1,6,0,1,1,17,2,2,0,1,0,35,0,0,0,1,0,0,0,0,2,6,8,0,1,5,0,0,2,1,2,0,0,2,0,0,1,11,11,2,3,0,0,0,0,0,0,5,0,0,9,0,0,2,16,0,1,1,5,0,5,2,0,0,50,1,1,0,1,2,1,0,1,35,0,1,1,4,0,0,0,0,4,1,0,4,0,0,1,9,2,0,0,0,1,7,0,0,0,0,1,5,0,0,0,0,2,0,0,58,27,3,1,0,2,0,0,0,0,0,0,0,0,1,0,1,0,2,0,0,5,3,0,3,2,1,5,0,14,3,1,21,0,0,0,0,1,2,1,3,0,3,3,0,1,0,2,6,3,0,0,2,1,0,0,2,4,1,4,0,0,0,15,7,23,4,1,0,0,0,2,4,0,0,0,0,0,0,2,0,8,0,7,0,0,0,0,9,1,1,1,2,7,4,0,0,9,0,4,2,0,0,3,0,1,2,6,2,12,2,1,2,0,19,11,0,0,0,1,10,0,0,1,0,0,13,26,2,3,0,0,0,0,2,0,0,0,2,2,0,9,1,0,2,4,6,6,1,0,0,1,3,1,0,2,1,2,9,16,1,0,0,4,2,8,1,0,0,0,11,0,2,0,0,3,16,0,1,3,0,0,0,1,5,2,8,2,2,0,3,2,1,2,1,0,0,0,2,4,0,0,0,3,0,0,8,0,3,5,0,0,0,0,7,2,3,3,0,0,1,36,0,4,0,21,0,11,7,29,1,0,0,27,17,0,0,0,1,1,2
x1,0,0,0,0,0,0,0,0,0,0,0,0,0,0,0,0,0,0,0,0,0,0,0,0,0,0,0,0,0,0,0,0,0,0,0,0,0,0,0,0,0,0,0,0,0,0,0,0,0,0,0,0,0,0,0,0,0,0,0,0,0,0,0,0,0,0,0,0,0,0,0,0,0,0,0,0,0,0,0,0,0,0,0,0,0,0,0,0,0,0,0,0,0,0,0,0,0,0,0,0,0,0,0,0,0,0,0,0,0,0,0,0,0,0,0,0,0,0,0,0,0,0,0,0,0,0,0,0,0,0,0,0,0,0,0,0,0,0,0,0,0,0,0,0,0,0,0,0,0,0,0,0,0,0,0,0,0,0,0,0,0,0,0,0,0,0,0,0,0,0,0,0,0,0,0,0,0,0,0,0,0,0,0,0,0,0,0,0,0,0,0,0,0,0,0,0,0,0,0,0,0,0,0,0,0,0,0,0,0,0,0,0,0,0,0,0,0,0,0,0,0,0,0,0,0,0,0,0,0,0,0,0,0,0,0,0,0,0,0,0,0,0,0,0,0,0,0,0,0,0,0,0,0,0,0,0,0,0,0,0,0,0,0,0,0,0,0,0,0,0,0,0,0,0,0,0,0,0,0,0,0,0,0,0,0,0,0,0,0,0,0,0,0,0,0,0,0,0,0,0,0,0,0,0,0,0,0,0,0,0,0,0,0,0,0,0,0,0,0,0,0,0,0,0,0,0,0,0,0,0,0,0,0,0,0,0,0,0,0,0,0,0,0,0,0,0,0,0,0,0,0,0,0,0,0,0,0,0,0,0,0,0,0,0,0,0,0,0,0,0,0,0,0,0,0,0,0,0,0,0,0,0,0,0,0,0,0,0,0,0,0,0,0,0,0,0,0,0,0,0,0,0,0,0,0,0,0,0,0,0,0,0,0,0,0,0,0,0,0,0,0,0,0,0,0,0,0,0,0,0,0,0,0,0,0,0,0,0,0,0,0,0,0,0,0,0,0,0,0,0,0,0,0,0,0,0,0,0,0,0,0,0,0,0,0,0,0,0,0,0,0,0,0,0,0,0,0,0,0,0,0,0,0,0,0,0,0,0,0,0,0,0,0,0,0,0,0,0,0,0,0,0,0,0,0,0,0,0,0,0,0,0,0,0,0,0,0,0,0,0,0,0,0,0,0,0,0,0,0,0,0,0,0,0,0,0,0,0,0,0,0,0,0,0,0,0,0,0,0,0,0,0,0,0,0,0,0,0,0,0,0,0,0,0,0,0,0,0,0,0,0,0,0,0,0,0,0,0,0,0,0,0,0,0,0,0,0,0,0,0,0,0,0,0,0,0,0,0,0,0,0,0,0,0,0,0,0,0,0,0,0,0,0,0,0,0,0,0,0,0,0,0,0,0,0,0,0,0,0,0,0,0,0,0,0,0,0,0,0,0,0,0,0,0,0,0,0,0,0,0,0,0,0,0,0,0,0,0,0,0,0,0,0,0,2,0,0,0,0,0,0,0,0,0,0,0,0,0,0,0,0,0,0,0,0,0,0,0,0,0,0,0,0,0,0,0,0,0,0,0,0,0,0,0,0,0,0,0,0,0,0,0,0,0,0,0,0,0,0,0,0,0,0,0,0,0,0,0,0,0,0,0,0,0,0,0,0,0,0,0,0,0,0,0,0,0,0,0,0,0,0,0,0,0,0,0,0,0,0,0,0,0,0,0,0,0,0
x10,1,10,3,0,2,4,941,2,205,7,47,6,2,0,0,13,3,1,2,2,1,0,2,43,64,20,0,12,203,1,9,4,73,7,0,1,3,2,14,69,1,16,1,11,1,5,0,9,5,0,16,0,20,3,1,5,6,25,6,0,11,0,6,0,14,8,112,3,0,4,1,25,1,22,1,184,1,2,0,9,1,0,2,21,14,23,0,9,81,5,5,9,9,1,13,5,70,4,6,7,14,0,47,5,10,36,2,2,2,23,0,9,1,0,1,1,6,2,2,2,2,24,0,8,8,35,25,2,1,463,2,1,4,3,29,26,0,3,8,2,130,41,80,1,3,44,1,24,0,0,68,3,13,4,6,315,1,14,4,0,0,6,16,12,1,2,1,11,1,12,0,28,5,0,0,117,5,6,0,14,182,1,187,11,5,5,17,3,3,4,122,21,9,5,5,0,110,7,26,6,15,18,1,1,32,21,6,2,2,2,1,0,945,6,19,17,1,21,1,5,1,1,3,1,6,2,12,4,59,12,73,19,1,2,1,5,2,3,1,1,8,2,6,372,12,10,7,16,14,0,45,25,41,1,2,9,24,6,9,7,39,18,35,0,2,25,68,1,1,6,0,10,3,0,4,14,1,13,42,22,0,3,80,19,29,0,5,16,9,0,204,1,3,2,4,22,0,11,7,41,0,0,1,0,56,9,1,2,2,4,57,0,8,0,2,2,4,0,1,3,3,0,24,18,2,1,134,5,87,3,1,0,13,134,2,1,19,0,3,89,0,1,9,1,1,0,0,1,3,6,0,2,4,2,6,0,1,101,44,4,54,2,26,42,5,1,3,12,3,20,242,27,2,3,0,7,42,0,6,5,0,10,2,7,10,54,2,0,13,232,3,1,1,13,0,1,1,2,29,2,72,134,26,5,2,0,707,22,0,1,0,2,594,2,7,4,41,13,25,0,146,12,195,1,2,2,1,0,17,47,20,0,6,5,4,8,0,105,2,230,10,6,147,4,0,4,6,11,1,25,22,11,5,5,158,3,253,9,20,22,0,246,0,33,126,0,1,5,1,7,254,11,0,1,1,67,1,32,0,0,4,182,1,65,4,0,2,3,147,4,762,3,33,15,27,0,126,0,0,3,0,1,5,1,2,4,6,1810,3,1,64,22,7,0,1,0,0,12,0,6,4,1,3,2,0,11,7,141,3,2,10,7,31,24,0,0,39,41,12,1,3,11,610,0,25,3,0,1,1,0,1,10,94,42,0,4,12,15,18,0,22,4,4,43,3,46,23,1,6,9,396,76,0,197,19,0,19,11,13,2,0,3,5,62,2,69,2,23,0,20,10,111,2,923,203,28,1,27,19,0,19,26,2,5,0,9,9,89,0,10,5,5,9,1,6,36,1,16,2,6,277,5,2,7,87,4,3,18,0,64,0,4,6,62,3,1554,1,6,3,29,28,551,4,3,35,2,27,2,3,5,1,0,15,261,223,4,4,1,1,40,1,0,4,0,13,4,0,4,4,1,10,6,28,86,66,45,0,21,5,4,2,0,1,2,33,20,5,5,0,1,6,3,3,2,0,1,2,27,6,0,0,60,5,0,3,10,4,0,0,2,18,3,44,12,57,2,7,2,20,13,11,0,1,0,1,6,23,0,0,21,4,1,159,1,3,32,21,13,13,23,12,0,25,0,4,3,2,21,15,9,3,8,7,3,1,9,2,2,4,7,126,0,0,2,2,27,3
x11,0,0,0,0,0,0,0,0,0,0,0,0,0,0,0,0,0,0,0,0,0,0,0,0,0,0,0,0,0,0,0,0,0,0,0,0,0,0,0,0,0,0,0,0,0,0,0,0,0,0,0,0,0,0,0,0,0,0,0,0,0,0,0,0,0,0,0,0,0,0,0,0,0,0,0,0,0,0,0,0,0,0,0,0,0,0,0,0,0,0,0,0,0,0,0,0,0,0,0,0,0,0,0,0,0,0,0,0,0,0,0,0,0,0,0,0,0,0,0,0,0,0,0,0,0,0,0,0,0,0,0,0,0,0,0,0,0,0,0,0,0,0,0,0,0,0,0,0,0,0,0,0,0,0,0,0,0,0,0,0,0,0,0,0,0,0,0,0,0,0,0,0,0,0,0,0,0,0,0,0,0,0,0,0,0,0,0,0,0,0,0,0,0,0,0,0,0,0,0,0,0,0,0,0,0,0,0,0,0,0,0,0,0,0,0,0,0,0,0,0,0,0,0,0,0,0,0,0,0,0,0,0,0,0,0,0,0,0,0,0,0,0,0,0,0,0,0,0,0,0,0,0,0,0,0,0,0,0,0,0,0,0,0,0,0,0,0,0,0,0,0,0,0,0,0,0,0,0,0,0,0,0,0,0,0,0,0,0,0,0,0,0,0,0,0,0,0,4,1,1,0,0,0,0,1,8,2,0,0,1,20,0,0,0,0,1,0,0,0,0,0,0,0,0,0,0,2,2,2,0,0,0,2,1,0,0,6,0,0,0,0,9,4,1,0,0,0,0,0,7,1,0,1,0,2,0,1,1,0,1,3,4,0,0,4,2,0,17,4,3,1,0,0,0,0,1,1,0,7,0,0,0,0,1,1,0,0,0,2,2,21,0,0,0,0,0,5,1,1,0,1,13,0,0,0,0,0,0,0,0,0,0,4,0,0,0,0,0,2,4,0,6,3,1,5,0,1,0,16,0,0,0,3,0,0,0,0,2,0,7,0,3,1,1,0,1,0,0,2,0,1,0,0,0,0,3,13,5,0,0,0,0,0,0,1,0,0,0,0,1,2,4,0,3,0,0,0,4,0,0,0,1,0,0,17,0,0,0,0,2,1,0,1,4,1,0,9,1,0,0,1,0,1,0,0,0,7,16,0,0,0,5,2,0,0,1,0,0,0,0,1,0,0,5,0,0,4,0,0,0,0,0,0,3,0,0,0,0,4,0,0,1,0,0,0,0,0,0,1,0,0,1,2,1,0,2,2,0,0,0,0,0,0,1,1,0,0,0,5,0,0,2,0,1,1,0,2,0,1,0,0,0,7,2,0,3,0,0,0,0,4,13,0,0,3,0,0,1,0,0,0,2,0,0,0,0,3,1,0,1,0,7,0,0,2,1,4,2,2,2,1,1,1,0,0,2,2,0,0,0,0,4,0,12,4,1,0,0,3,1,0,5,0,1,1,0,6,1,0,0,0,0,7,2,0,13,0,0,1,2,0,0,1,0,0,1,0,0,2,0,4,6,0,5,2,0,1,2,2,4,0,0,0,0,0,1,0,0,0,1,17,2,0,0,0,0,1,0,9,0,0,2,12,0,1,2,0,0,0,1,2,0,1,0,0,0,2,3,0,0,2,0,0,0,0,7,0,0,0,0,0,0,3,0,1,1,5,1,0,0,3,0,0,0,0,0,3,6,2,3,0,2,1,21,0,4,0,0,0,1,15,1,0,1,0,5,1
x12,0,0,0,0,0,0,0,0,0,0,0,0,0,0,0,0,0,0,0,0,0,0,0,0,0,0,0,0,0,0,0,0,0,0,0,0,0,0,0,0,0,0,0,0,0,0,0,0,0,0,0,0,0,0,0,0,0,0,0,0,0,0,0,0,0,0,0,0,0,0,0,0,0,0,0,0,0,0,0,0,0,0,0,0,0,0,0,0,0,0,0,0,0,0,0,0,0,0,0,0,0,0,0,0,0,0,0,0,0,0,0,0,0,0,0,0,0,0,0,0,0,0,0,0,0,0,0,0,0,0,0,0,0,0,0,0,0,0,0,0,0,0,0,0,0,0,0,0,0,0,0,0,0,0,0,0,0,0,0,0,0,0,0,0,0,0,0,0,0,0,0,0,0,0,0,0,0,0,0,0,0,0,0,0,0,0,0,0,0,0,0,0,0,0,0,0,0,0,0,0,0,0,0,0,0,0,0,0,0,0,0,0,0,0,0,0,0,0,0,0,0,0,0,0,0,0,0,0,0,0,0,0,0,0,0,0,0,0,0,0,0,0,1,0,0,0,0,0,0,0,0,0,0,0,0,0,0,0,0,0,0,0,0,0,0,0,0,0,0,0,0,0,0,0,0,0,0,0,0,0,0,0,0,0,0,0,0,0,0,0,0,0,0,0,0,0,0,0,0,0,0,0,0,0,0,0,0,0,0,0,0,0,0,0,0,0,0,0,0,0,0,0,0,0,0,0,0,0,0,0,0,0,0,0,0,0,0,0,0,0,0,0,0,0,0,0,0,0,0,0,0,0,0,0,0,0,0,0,0,0,0,0,0,0,0,0,0,0,0,0,0,0,0,0,0,0,0,0,0,0,0,0,0,0,0,0,0,0,0,0,0,0,0,0,0,0,0,0,0,0,0,0,0,0,0,0,0,0,0,0,0,0,0,0,0,0,0,0,0,0,0,0,0,0,0,0,0,0,0,0,0,0,0,0,0,0,0,0,0,0,0,0,0,0,0,0,0,0,0,0,0,0,0,0,0,0,0,0,0,0,0,0,0,0,0,0,0,0,0,0,0,0,0,0,0,0,0,0,0,0,0,0,0,0,0,0,0,0,0,0,0,0,0,0,0,0,0,0,0,0,0,0,0,0,0,0,0,0,0,0,0,0,0,0,0,0,0,0,0,0,0,0,0,0,0,0,0,0,0,0,0,0,0,0,0,0,0,0,0,0,0,0,0,0,0,0,0,0,0,0,0,0,0,0,0,0,0,0,0,0,0,0,0,0,0,0,0,0,0,0,0,0,0,0,0,0,0,0,0,0,0,0,0,0,0,0,0,0,0,0,0,0,0,0,0,0,0,0,0,0,0,0,0,0,0,0,0,0,0,0,0,0,0,0,0,0,0,0,0,0,0,0,0,0,0,0,0,0,0,0,0,0,0,0,0,0,0,0,0,0,0,0,0,0,0,0,0,0,0,0,0,0,0,0,0,0,0,0,0,0,0,0,0,0,0,0,0,0,0,0,0,0,0,0,1,0,0,0,0,0,0,0,0,0,0,0,0,0,0,0,0,0,0,0,0,0,0,0,0,0,0,0,0,0,0,0,0,0,0,0,0,0,0,0,0,0,0,0,0,0,0,0,0,0,0,0,0,0,0,0,0,0,0,0,0,0,0,0,0,0,0,0,0,0,0,0,0,0,0,0,0,0,0,0,0,0,0,0,0,0,0,0,0,0,0,0,0
x13,1,3,11,13,5,1,24,1,193,21,20,238,0,0,0,16,37,2,4,5,130,10,6,1,20,8,3,193,1,0,3,6,15,26,0,0,188,0,0,8,20,3,15,0,22,0,0,7,23,0,5,0,3,3,2,5,59,4,17,0,19,22,5,0,9,47,2,202,2,2,4,19,0,2,0,40,0,110,1,2,0,0,2,0,20,0,23,0,68,17,2,1,1,0,303,9,1906,0,21,15,10,5,96,14,12,1,12,0,2,4,0,14,8,4,22,0,1,2,0,2,0,42,1,9,1,5,0,22,20,1,0,0,26,1,2,2,1,1,15,0,0,0,0,0,0,0,0,0,0,0,0,0,0,0,0,0,0,0,0,0,0,0,0,0,0,0,0,0,0,0,0,0,0,0,0,0,0,0,0,0,0,0,0,0,0,0,0,0,0,0,0,0,0,0,0,0,0,0,0,0,0,0,0,0,0,0,0,0,0,0,0,0,0,0,0,0,0,0,0,0,0,0,0,0,0,0,0,0,0,0,0,0,0,0,0,0,0,0,0,0,0,0,0,0,0,0,0,0,0,0,0,0,0,0,0,0,0,0,0,0,0,0,0,0,0,0,0,0,0,0,0,0,0,0,0,0,0,0,0,0,0,0,0,0,0,0,0,0,0,0,0,0,0,0,0,0,0,0,0,0,0,0,0,0,0,0,0,0,0,0,0,0,0,0,0,0,0,0,0,0,0,0,0,0,0,0,0,0,0,0,0,0,0,0,0,0,0,0,0,0,0,0,0,0,0,0,0,0,0,0,0,0,0,0,0,0,0,0,0,0,0,0,0,0,0,0,0,0,0,0,0,0,0,0,0,0,0,0,0,0,0,0,0,0,0,0,0,0,0,0,0,0,0,0,0,0,0,0,0,0,0,0,0,0,0,0,0,0,0,0,0,0,0,0,0,0,0,0,0,0,0,0,0,0,0,0,0,0,0,0,0,0,0,0,0,0,0,0,0,0,0,0,0,0,0,0,0,0,0,0,0,0,0,0,0,0,0,0,0,0,0,0,0,0,0,0,0,0,0,0,0,0,0,0,0,0,0,0,0,0,0,0,0,0,0,0,0,0,0,0,0,0,0,0,0,0,0,0,0,0,0,0,0,0,0,0,0,0,0,0,0,0,0,0,0,0,0,0,0,0,0,0,0,0,0,0,0,0,0,0,0,0,0,0,0,0,0,0,0,0,0,0,0,0,0,0,0,0,0,0,0,0,0,0,0,0,0,0,0,0,0,0,0,0,0,0,0,0,0,0,0,0,0,0,0,0,0,0,0,0,0,0,0,0,0,0,0,0,0,0,0,0,0,0,0,0,0,0,0,0,0,0,0,0,0,0,0,0,0,0,0,0,0,0,0,0,0,0,0,0,0,0,0,0,0,0,0,0,0,0,0,0,0,0,0,0,0,0,0,0,0,0,0,0,0,0,0,0,0,0,0,0,0,0,0,0,0,0,0,0,0,0,0,0,0,0,0,0,0,0,0,0,0,0,0,0,0,0,0,0,0,0,0,0,0,0,0,0,0,0,0,0,0,0,0,0,0,0,0,0,0,0,0,0,0,0,0,0,0,0,0,0,0,0,0,0,0,0,0,0,0,0,0,0,0,0,0,0,0,0,0,0,0,0,0,0,0,0,0,0,0,0,0,0,0,0,0,0,0,0,0,0,0,0,0,0,0,0,0,0,0,0,0,0,0,0,0
x14,0,0,1,1,4,1,10,1,1,0,0,0,0,0,0,1,1,0,0,0,2,0,0,3,1,2,0,14,1,0,0,0,0,0,0,0,2,0,1,1,0,6,0,0,1,0,0,0,4,0,0,0,2,0,0,0,0,1,0,0,2,0,1,0,0,0,0,0,0,0,1,0,0,1,0,0,0,1,0,0,0,0,0,0,0,0,0,0,8,0,0,0,0,0,2,2,3,0,0,4,0,0,0,3,0,0,1,0,2,2,0,0,0,0,0,0,0,1,0,0,0,0,0,0,0,1,0,0,0,0,0,0,7,0,0,0,0,1,3,0,0,0,0,0,0,0,0,0,0,0,3,2,0,3,2,1,0,3,2,0,0,1,2,0,0,1,0,1,0,6,0,1,8,0,0,0,0,4,0,0,0,0,0,0,0,2,0,3,0,0,0,4,0,8,0,0,4,0,0,0,2,1,0,0,1,0,0,3,2,0,1,0,1,0,0,1,0,0,0,2,0,0,0,0,7,4,1,1,3,5,0,1,0,0,0,0,0,0,0,0,0,1,2,9,1,0,0,0,0,0,0,5,1,0,0,0,0,0,0,1,0,0,5,0,1,0,2,0,0,0,0,2,0,0,1,2,0,2,0,0,0,1,0,0,0,0,0,0,0,0,0,0,3,0,1,4,0,2,1,0,0,0,0,0,1,0,1,1,0,3,3,0,1,0,0,0,1,0,0,0,0,0,0,2,0,0,0,0,3,0,0,0,3,0,0,0,0,0,0,0,0,1,1,0,3,0,0,0,0,0,0,0,1,0,0,0,0,0,0,3,0,3,0,0,0,0,0,6,1,12,3,0,3,0,0,1,0,0,0,0,0,0,0,0,0,0,0,0,0,1,6,0,0,0,0,1,0,0,0,0,4,0,1,3,0,0,1,0,0,1,0,0,4,0,0,0,0,0,2,0,0,4,1,0,0,0,0,0,7,0,0,0,0,0,3,0,0,0,0,7,0,0,6,0,0,4,0,1,0,1,0,0,0,0,0,0,0,2,0,1,0,2,0,0,0,0,0,0,0,0,1,4,0,0,0,2,0,2,0,0,0,2,0,0,0,0,0,0,2,0,0,0,3,0,4,0,0,0,0,0,0,0,1,0,0,0,3,0,0,0,0,0,6,0,0,0,0,0,0,0,0,0,0,0,0,0,0,0,1,0,0,1,0,0,0,0,0,0,0,0,2,0,0,0,0,0,0,0,0,0,0,0,3,0,0,2,1,0,0,0,0,0,0,0,2,0,1,0,11,1,0,12,0,1,0,0,0,0,3,0,0,0,4,8,0,3,0,0,1,0,6,0,1,0,1,0,0,0,0,0,1,0,0,0,0,9,0,1,0,2,1,0,0,0,1,4,0,0,0,0,5,2,0,0,0,0,1,0,0,1,0,0,3,12,0,7,0,0,1,0,1,0,2,1,1,0,2,0,0,0,0,0,4,0,0,0,0,0,0,0,1,0,0,0,3,2,0,0,0,0,2,3,0,8,1,0,0,1,1,1,0,0,1,0,1,11,0,5,0,0,0,1,0,0,0,0,1,0,1,0,0,0,5,0,0,0,1,0,0,0,8,0,0,3,7,0,2,1,0,2,1,0,0,0,0,3,0,0,0,0,1,0,0,0,1,2,1,0,0,0,1,0,0,0,0,0,3,4,0,0,4,0,3,1,0,2,0,1,0,6,1,0,0,0,0,6,0
x15,0,0,0,0,0,0,0,0,0,0,0,0,0,0,0,0,0,0,0,0,0,0,0,0,0,0,0,0,0,0,0,0,0,0,0,0,0,0,0,0,0,0,0,0,0,0,0,0,0,0,0,0,0,0,0,0,0,0,0,0,0,0,0,0,0,0,0,0,0,0,0,0,0,0,0,0,0,0,0,0,0,0,0,0,0,0,0,0,0,0,0,0,0,0,0,0,0,0,0,0,0,0,0,0,0,0,0,0,0,0,0,0,0,0,0,0,0,0,0,0,0,0,0,0,0,0,0,0,0,0,0,0,0,0,0,0,0,0,0,0,0,0,0,0,0,0,0,0,0,0,0,0,0,0,0,0,0,0,0,0,0,0,0,0,0,0,0,0,0,0,0,0,0,0,0,0,0,0,0,0,0,0,0,0,0,0,0,0,0,0,0,0,0,0,0,0,0,0,0,0,0,0,0,0,0,0,0,0,0,0,0,0,0,0,0,0,0,0,0,0,0,0,0,0,0,0,0,0,0,0,0,0,0,0,0,0,0,0,0,0,0,0,0,0,0,0,0,0,0,0,0,0,0,0,0,0,0,0,0,0,0,0,0,0,0,0,0,0,0,0,0,0,0,0,0,0,0,0,0,0,0,0,0,0,0,0,0,0,0,0,0,0,0,0,0,0,0,0,0,0,0,0,0,0,0,0,0,0,0,0,0,0,0,0,0,0,0,0,0,0,0,0,0,0,0,0,0,0,0,0,0,0,0,0,0,0,0,0,0,0,0,0,0,0,0,0,0,0,0,0,0,0,0,0,0,0,0,0,0,0,0,0,0,0,0,0,0,0,0,0,0,0,0,0,0,0,0,0,0,0,0,0,0,0,0,0,0,0,0,0,0,0,0,0,0,0,0,0,0,0,0,0,0,0,0,0,0,0,0,0,0,0,0,0,0,0,0,0,0,0,0,0,0,0,0,0,0,0,0,0,0,0,0,0,0,0,0,0,0,0,0,0,0,0,0,0,0,0,0,0,0,0,0,0,0,0,0,0,0,0,0,0,0,0,0,0,0,0,0,0,0,0,0,0,0,0,0,0,0,0,0,0,0,0,0,0,0,0,0,0,0,0,0,0,0,0,0,0,0,0,0,0,0,0,0,0,0,0,0,0,0,0,0,0,0,0,0,0,0,0,0,0,0,0,0,0,0,0,0,0,0,0,0,0,0,0,0,0,0,0,0,0,0,0,0,0,0,0,0,0,0,0,0,0,0,0,0,0,0,0,0,0,0,0,0,0,0,0,0,0,0,0,0,0,0,0,0,0,0,0,0,0,0,0,0,0,0,0,0,0,0,0,0,0,0,0,0,0,0,0,0,0,0,0,0,0,0,0,0,0,0,0,0,0,0,0,0,0,0,0,0,0,0,0,0,0,0,0,0,0,0,0,0,0,0,0,0,0,0,0,0,0,0,0,0,0,0,0,0,0,0,0,0,0,0,0,0,0,0,0,0,0,0,0,0,0,0,0,0,0,0,0,0,0,0,0,0,0,0,0,0,0,0,0,0,0,0,0,0,0,0,0,0,0,0,0,0,0,0,0,0,0,0,0,0,0,0,0,0,0,0,0,0,0,0,0,0,0,0,0,0,0,0,0,0,0,0,0,0,0,0,0,0,0,0,0,0,0,0,0,0,0,0,0,0,0,0,0,0,0,0,0,0,0,0,0,0,0,0,0,0,0,0,0,0,0,0
x16,0,0,0,0,0,0,0,0,0,0,0,0,0,0,0,0,0,0,0,0,0,0,0,0,0,0,0,0,0,0,0,0,0,0,0,0,0,0,0,0,0,0,0,0,0,0,0,0,0,0,0,0,0,0,0,0,0,0,0,0,0,0,0,0,0,0,0,0,0,0,0,0,0,0,0,0,0,0,0,0,0,0,0,0,0,0,0,0,0,0,0,0,0,0,0,0,0,0,0,0,0,0,0,0,0,0,0,0,0,0,0,0,0,0,0,0,0,0,0,0,0,0,0,0,0,0,0,0,0,0,0,0,0,0,0,0,0,0,0,0,0,0,0,0,0,0,0,0,0,0,0,0,0,0,0,0,0,0,0,0,0,0,0,0,0,0,0,0,0,0,0,0,0,0,0,0,0,0,0,0,0,0,0,0,0,0,0,0,0,0,0,0,0,0,0,0,0,0,0,0,0,0,0,0,0,0,0,0,0,0,0,0,0,0,12,20,0,11,0,1,3,1,0,0,3,0,4,1,1,8,0,0,0,0,0,1,2,1,1,1,0,2,0,0,28,12,0,1,0,0,9,5,0,1,1,38,2,0,1,0,4,0,22,0,0,1,3,0,1,0,0,2,0,6,2,0,0,1,6,0,0,2,0,3,0,0,1,9,15,0,8,0,0,0,4,161,0,1,0,3,0,0,0,0,5,1,0,4,0,44,9,0,2,0,0,0,116,0,11,2,0,0,1,3,2,0,4,1,4,0,0,0,5,0,0,0,7,0,0,0,0,0,1,1,0,0,0,0,0,0,1,0,4,0,2,0,2,6,0,4,48,10,0,0,5,2,0,4,4,12,1,0,3,1,1,0,5,0,0,2,0,4,0,6,3,1,0,0,0,6,6,1,0,3,0,0,0,4,1,1,9,13,5,1,0,0,11,1,1,9,2,1,12,2,1,0,1,4,1,0,0,19,1,0,0,1,0,0,1,0,0,0,3,1,2,0,0,3,0,6,1,1,8,0,0,1,0,1,0,6,0,0,0,0,1,0,3,0,0,3,0,3,0,6,9,0,3,0,0,1,0,0,0,2,0,0,0,1,2,0,0,1,0,1,7,0,0,4,0,11,3,0,0,8,9,0,2,0,1,0,0,0,2,0,0,1,9,4,2,0,0,1,2,0,0,0,0,2,1,2,0,0,0,4,0,0,42,0,11,0,0,1,1,4,0,0,0,0,10,0,0,3,0,0,1,0,0,0,0,0,1,0,10,1,0,3,0,1,1,0,0,0,0,6,0,0,0,1,8,6,0,1,0,0,0,0,0,3,0,0,0,0,12,2,0,4,0,1,0,5,1,9,1,3,10,1,1,1,13,0,0,0,0,0,0,1,0,2,0,2,0,2,7,6,8,1,0,0,1,1,1,3,0,0,4,0,1,0,0,0,0,0,3,2,0,1,1,2,1,0,4,0,4,0,0,2,2,5,0,2,7,0,5,1,0,1,0,0,2,0,0,0,2,0,0,0,0,0,5,0,1,3,0,27,3,1,0,0,3,0,4,0,7,0,4,3,0,0,0,6,3,2,0,0,0,2,0,0,1,1,0,12,4,0,1,0,7,0,0,0,1,1,0,4,8,0,0,8,2,0,3,0,0,0,0,1,0,0,0,2,11,0,0,0,2,4,1,0,0,0,97,0,0,0,0,0,1,4,5,3,7,0,1,2,1,2,1,2,15,8,3,0,0,0,1,4,5
x17,0,0,0,0,0,0,0,0,0,0,0,0,0,0,0,0,0,0,0,0,0,0,0,0,0,0,0,0,0,0,0,0,0,0,0,0,0,0,0,0,0,0,0,0,0,0,0,0,0,0,0,0,0,0,0,0,0,0,0,0,0,0,0,0,0,0,0,0,0,0,0,0,0,0,0,0,0,0,0,0,0,0,0,0,0,0,0,0,0,0,0,0,0,0,0,0,0,0,0,0,0,0,0,0,0,0,0,0,0,0,0,0,0,0,0,0,0,0,0,0,0,0,0,0,0,0,0,0,0,0,0,0,0,0,0,0,0,0,0,0,0,0,0,0,0,0,0,0,0,0,0,0,0,0,0,0,0,0,0,0,0,0,0,0,0,0,0,0,0,0,0,0,0,0,0,0,0,0,0,0,0,0,0,0,0,0,0,0,0,0,0,0,0,0,0,0,0,0,0,0,0,0,0,0,0,0,0,0,0,0,0,0,0,0,0,0,0,0,0,0,0,0,0,0,0,0,0,0,0,0,0,0,0,0,0,0,0,0,0,0,0,0,0,0,0,0,0,0,0,0,0,0,0,0,0,0,0,0,0,0,0,0,0,0,0,0,0,0,0,0,0,0,0,0,0,0,0,0,0,0,0,0,0,0,0,0,0,0,0,0,0,0,0,0,0,0,0,0,0,0,0,0,0,0,1,0,2,0,0,1,13,0,1,0,0,0,0,0,0,0,0,0,1,1,2,0,0,0,2,0,0,1,0,2,1,11,3,0,0,0,0,1,3,0,1,0,0,0,0,5,0,0,0,1,2,0,0,1,0,1,19,2,0,0,7,0,0,3,2,2,2,0,0,0,1,4,11,0,3,0,0,0,0,2,5,0,0,0,1,10,4,0,1,1,0,0,0,0,3,0,2,7,5,0,0,1,0,8,0,1,0,0,2,0,0,0,3,0,2,0,0,7,0,0,0,0,0,0,0,0,2,0,0,0,0,0,0,30,1,22,0,0,2,0,0,3,0,1,0,0,5,0,0,0,1,0,6,3,0,0,0,0,1,0,0,0,0,1,1,2,1,0,0,0,0,1,0,3,1,0,0,2,0,2,1,3,0,0,0,0,3,0,1,0,71,0,1,0,0,3,0,0,4,0,0,0,1,0,0,0,0,6,9,0,0,0,0,0,1,0,0,0,1,3,0,2,5,0,10,0,0,1,0,3,0,0,0,0,2,1,3,2,0,0,1,0,0,0,1,0,0,2,0,0,0,1,3,0,0,0,0,0,0,0,2,0,5,0,0,36,0,3,1,3,0,0,0,0,0,0,0,0,2,3,0,20,0,6,0,0,2,3,0,1,1,0,0,4,3,0,1,0,1,0,0,2,0,18,0,1,1,0,2,0,10,5,0,3,6,2,6,0,0,1,0,3,10,0,1,0,1,4,2,10,2,1,0,1,0,0,6,1,34,0,6,3,4,1,0,0,3,0,6,1,0,6,0,0,0,0,0,0,1,0,2,0,0,1,0,1,1,0,0,0,0,0,0,0,3,1,0,0,1,0,4,2,0,0,0,1,6,14,0,0,0,0,0,0,7,0,0,3,4,0,0,1,0,0,0,1,9,2,0,9,7,0,0,1,1,1,0,0,0,0,0,4,0,0,0,2,0,0,5,0,2,0,1,0,1,0,0,0,0,0,0,0,1,0,1,0,0,1,0,1,1,4,6,0,4,88,17,0,0,0,3,0,0
x18,0,0,0,0,0,0,0,0,0,0,0,0,0,0,0,0,0,0,0,0,0,0,0,0,0,0,0,0,0,0,0,0,0,0,0,0,0,0,0,0,0,0,0,0,0,0,0,0,0,0,0,0,0,0,0,0,0,0,0,0,0,0,0,0,0,0,0,0,0,0,0,0,0,0,0,0,0,0,0,0,0,0,0,0,0,0,0,0,0,0,0,0,0,0,0,0,0,0,0,0,0,0,0,0,0,0,0,0,0,0,0,0,0,0,0,0,0,0,0,0,0,0,0,0,0,0,0,0,0,0,0,0,0,0,0,0,0,0,0,0,0,0,0,0,0,0,0,0,0,0,0,0,0,0,0,0,0,0,0,0,0,0,0,0,0,0,0,0,0,0,0,0,0,0,0,0,0,0,0,0,0,0,0,0,0,0,0,0,0,0,0,0,0,0,0,0,0,0,0,0,0,0,0,0,0,0,0,0,0,0,0,0,0,0,0,0,0,0,0,0,0,0,0,0,0,0,0,0,0,0,0,0,0,0,0,0,0,0,0,0,0,0,0,0,0,0,0,0,0,0,0,0,0,0,0,0,0,0,0,0,0,0,0,0,0,0,0,0,0,0,0,0,0,0,0,0,0,0,0,0,0,0,0,0,0,0,0,0,0,0,0,0,0,0,0,2,0,1,5,13,0,0,0,0,0,8,1,3,0,3,22,0,1,0,0,3,9,4,0,0,0,3,9,0,1,0,5,0,2,0,0,0,3,0,1,20,7,0,0,0,0,1,1,6,5,0,2,0,2,1,0,1,8,2,0,0,0,1,5,15,0,5,0,3,49,9,1,47,8,43,2,0,0,0,1,10,10,0,5,0,0,0,0,0,4,0,1,0,1,0,2,9,0,1,0,1,4,0,4,1,1,3,1,3,0,0,4,13,1,1,0,3,1,0,0,3,1,64,4,0,5,101,9,1,0,0,0,0,0,0,3,5,2,1,2,0,0,2,3,0,1,1,8,1,0,1,1,2,0,1,4,0,0,6,0,1,23,25,1,51,0,11,0,2,11,0,0,3,0,1,0,2,0,1,0,8,2,2,0,0,0,2,0,0,9,0,2,0,3,7,3,0,3,28,3,0,3,0,0,4,0,0,0,0,0,1,9,3,6,2,0,5,9,0,2,1,1,1,1,1,0,0,0,0,0,1,10,0,1,2,0,7,9,0,0,0,4,0,3,3,14,4,0,0,1,2,0,2,3,0,2,10,14,23,1,1,0,1,8,1,1,0,0,1,4,2,2,0,3,12,1,4,6,0,18,0,0,0,31,2,0,1,3,21,0,26,1,0,0,1,3,14,0,0,13,0,0,0,1,0,3,0,0,0,0,6,0,8,0,3,1,3,7,0,0,19,0,14,12,0,12,2,0,0,0,1,1,0,0,1,0,1,1,3,0,5,0,0,0,0,11,1,0,3,0,0,8,3,0,25,6,0,23,8,0,8,0,1,14,0,1,0,1,0,3,0,0,0,1,0,0,1,2,6,4,0,4,0,12,0,1,0,3,0,6,11,0,7,1,16,0,0,0,0,0,0,0,0,9,0,0,3,7,0,5,3,2,0,0,0,3,2,5,1,4,0,3,2,0,1,0,0,0,0,1,5,0,0,0,5,0,0,3,0,1,9,27,0,2,0,36,0,0,1,0,1,21,7,0,1,8,6,3,22,2,2,0,0,8,8,20,1,0,1,2,90,0
x19,0,0,0,0,0,0,0,0,0,0,0,0,0,0,0,0,0,0,0,0,0,0,0,0,0,0,0,0,0,0,0,0,0,0,0,0,0,0,0,0,0,0,0,0,0,0,0,0,0,0,0,0,0,0,0,0,0,0,0,0,0,0,0,0,2,1,0,6,0,5,0,8,0,11,0,2,0,40,0,82,0,0,21,3,9,0,1,5,28,1,0,8,0,0,1,123,40,0,12,11,21,7,0,21,22,0,41,0,13,0,0,0,3,1,9,1,1,1,0,0,10,1,0,9,1,2,0,7,7,6,39,2,10,4,0,4,1,4,100,1,10,2,15,0,4,2,0,3,0,2,2,2,2,19,97,15,3,2,24,0,3,1,6,2,1,4,0,1,6,84,0,2,0,0,0,1,4,43,0,4,1,0,24,2,5,12,10,14,0,12,4,9,0,6,156,1,2,2,41,3,10,1,0,10,7,17,17,0,0,0,0,0,11,46,5,22,5,9,0,1,2,5,0,6,16,9,9,6,5,33,0,14,0,1,0,21,13,0,2,16,0,0,2,6,4,4,0,9,7,7,7,0,1,17,2,4,9,1,46,0,28,1,292,0,0,1,5,0,4,4,1,6,0,2,1,2,0,49,25,2,0,50,73,9,0,0,2,0,3,0,7,0,5,10,1,10,0,19,4,9,0,0,0,10,9,1,134,29,0,1,0,2,8,1,2,12,298,0,0,30,0,0,1,4,2,0,0,3,1,0,0,33,10,2,0,0,1,1,5,1,0,1,2,18,0,0,1,0,0,1,1,0,130,1,0,0,5,0,0,0,9,12,11,1,4,31,5,7,38,4,14,0,0,0,6,0,1,0,4,0,0,0,1,10,9,0,1,1,4,9,225,1,4,6,0,3,1,15,1,0,2,60,0,617,0,0,1,5,25,1,56,3,29,0,0,99,6,1,0,0,54,2,9,0,5,0,4,0,2,0,1,2,2,1,17,1,0,24,0,3,0,0,1,0,0,19,0,5,3,0,16,3,0,14,0,0,188,1,0,3,0,2,0,4,103,0,0,57,0,0,6,4,0,2,4,0,0,1,17,0,0,2,1,16,0,0,24,200,3,24,3,0,41,8,79,0,5,1,0,0,18,1,11,0,0,0,0,12,3,2,0,0,35,0,0,0,4,3,0,0,2,2,0,3,0,0,3,14,0,1,3,10,1,4,0,1,6,8,0,0,38,17,2,1,0,5,0,179,1,1,0,0,9,0,0,42,0,1,4,0,0,0,0,0,0,2,22,2,199,5,0,18,18,23,3,8,1,1,4,0,0,1,2,69,1,19,0,0,0,1,19,9,6,24,0,0,0,329,2,0,0,60,1,0,26,3,2,9,0,2,2,47,1,31,10,6,1,2,1,7,0,3,0,1,2,937,6,2,3,38,0,1,1,16,5,22,3,0,0,0,7,10,2,0,1,0,55,0,0,4,3,0,3,6,0,20,5,0,0,6,2,0,14,0,32,25,0,0,21,0,27,4,3,327,9,0,25,11,0,0,5,0,0,0,0,11,5,6,2,1,51,0,0,0,0,1,5,2,8,0,0,212,18,0,25,11,0,1,0,0,19,0,107,0,5,1,19,17,0,2,0,0,0,1,1,3,0,0,1,0,11,4,39,1,1,28,10,17,0,1,270,0,0,2,0,1,16,4,2,1,27,11,2,11,1,0,0,0,4,7,5,0,8,3,2,1,7
x2,1,2,4,4,1,17,29,3,35,4,3,5,1,2,0,131,2,0,11,10,1,3,21,4,1,22,2,8,10,0,34,0,2,2,1,1,42,1,2,0,0,23,3,26,0,5,0,11,7,7,109,0,5,8,27,6,5,2,1,9,2,1,14,0,37,21,13,64,1,100,0,17,0,72,3,458,0,1,0,2,0,1,11,0,16,1,0,1,119,8,0,0,1,0,3,2,40,0,12,2,1,1,64,8,5,3,8,0,10,4,0,14,8,1,49,0,1,3,1,0,0,1,0,1,2,2,4,0,6,3,2,0,17,3,3,1,0,6,13,1,13,11,7,1,0,14,2,4,0,0,5,1,18,7,5,14,1,19,27,0,1,8,1,3,2,0,3,245,12,15,0,6,1,2,1,36,1,7,0,5,0,0,21,9,16,42,0,0,0,35,5,12,16,6,1,0,256,10,4,0,19,0,3,4,0,8,3,1,20,3,0,6,0,9,4,14,0,14,0,6,0,12,1,9,47,17,9,52,2,71,4,1,2,7,0,11,0,17,0,1,0,6,7,21,1,8,0,56,10,0,7,3,8,4,1,38,0,1,26,0,18,7,0,0,12,1,7,0,22,0,1,41,4,2,0,44,1,2,3,7,0,1,23,1,0,1,1,17,0,2,3,0,1,0,1,8,2,11,0,4,5,0,0,0,1,3,8,1,1,24,4,11,91,0,1,14,127,2,0,4,0,0,0,10,3,1,1,4,12,0,2,0,1,57,49,10,37,0,1,2,0,11,3,7,3,0,8,4,4,33,30,0,2,18,1,0,1,11,0,58,12,2,0,2,127,1,3,9,25,26,8,1,18,1,1,25,9,0,0,3,0,20,0,2,1,0,6,0,39,4,48,0,8,0,11,16,1,0,10,3,1,36,10,4,2,0,0,28,6,0,1,0,23,2,0,50,2,263,6,0,0,60,0,0,1,0,0,0,48,0,3,0,52,2,0,0,5,24,1,28,44,5,5,2,5,7,1,276,7,2,7,1,11,17,6,44,24,31,0,5,0,6,1,0,7,1,1,2,0,0,9,1,0,16,6,26,18,10,1,0,1,8,1,0,1,1,64,7,0,148,3,1,5,13,14,1,0,0,51,8,0,0,0,0,0,33,12,12,2,1,2,6,8,0,3,2,0,5,3,5,6,0,0,0,0,1,58,2,41,6,39,38,0,38,7,0,1,0,0,1,1,7,15,0,0,9,0,5,5,0,0,2,37,9,1,1,10,0,8,0,1,0,11,5,0,1,0,5,45,4,0,245,0,0,12,1,1,4,13,2,0,0,0,158,0,18,4,0,2,1,3,77,0,11,12,2,3,1,1,0,111,7,0,0,1,7,0,68,0,0,9,21,1,0,0,7,23,16,2,110,3,0,1,50,0,4,85,10,0,13,1,1,8,4,2,4,2,3,0,1,7,45,3,8,162,1,92,23,0,0,1,1,4,10,0,26,0,1,1,4,0,0,3,0,54,157,0,0,0,0,2,4,19,932,8,0,0,32,61,2,18,0,3,0,19,10,1,4,0,8,1,7,1,10,6,2,0,5,6,0,0,72,0,0,0,3,7,11,27,3,15,56,3,2,0,1,16,2,1,1,10,0,0,0,0,3,2,2,0,1,2,1,1,0,4,18,0,0,1,53,69,12,2,0,0,0,1,57,20,0,12,685,10,2,8,7,3,10,0,12,9,2,0,15,146,4,0
x20,1,20,332,4,6,22,260,110,239,5,531,120,550,102,9,3195,12,3,47,40,1014,21,5,147,43,69,36,26,9,4,23,54,332,179,10,6,32,4,31,28,0,71,25,18,5,0,1,67,162,2,14,28,37,7,1,179,12,43,112,6,51,5,155,2,621,322,271,261,9,41,33,1816,7,31,1,160,77,62,8,8,48,2,6,0,0,21,62,51,428,26,2,3,14,1,171,15,4296,7,29,227,23,28,53,17,448,5,36,1,17,80,42,437,14,33,6,9,73,45,0,10,14,20,3,0,6,784,1,2,25,39,333,48,95,6,3,33,55,491,5723,126,77,41,3,165,567,46,180,1,11,19,410,11,9,94,137,521,31,65,1836,0,11,10,115,17,204,5,1,32,68,11,16,11,530,1,80,11,365,403,9,12,11,48,11,100,1050,38,22,12,3,139,3,771,45,1753,50,50,74,1384,91,36,23,25,4,11,5,194,797,125,3,5,613,5,1,4,30,122,23,5,3,272,388,9,1,22,144,21,468,431,3,5,13,11,5,4,20,11652,2,268,11,1,2,3,1312,663,28,5,10,115,33,1,10,46,54,132,287,77,10,14,2336,372,103,15,225,19,62,58,424,4,8,1,13,3,14,37,118,12,1,60,1,168,3,88,20,7,6,1,7,301,41,1,240,24,20,8,53,2850,0,0,0,0,0,0,0,0,0,0,0,0,0,0,0,0,0,0,0,0,0,0,0,0,0,0,0,0,0,0,0,0,0,0,0,0,0,0,0,0,0,0,0,0,0,0,0,0,0,0,0,0,0,0,0,0,0,0,0,0,0,0,0,0,0,0,0,0,0,0,0,0,0,0,0,0,0,0,0,0,0,0,0,0,0,0,0,0,0,0,0,0,0,0,0,0,0,0,0,0,0,0,0,0,0,0,0,0,0,0,0,0,0,0,0,0,0,0,0,0,0,0,0,0,0,0,0,0,0,0,0,0,0,0,0,0,0,0,0,0,0,0,0,0,0,0,0,0,0,0,0,0,0,0,0,0,0,0,0,0,0,0,0,0,0,0,0,0,0,0,0,0,0,0,0,0,0,0,0,0,0,0,0,0,0,0,0,0,0,0,0,0,0,0,0,0,0,0,0,0,0,0,0,0,0,0,0,0,0,0,0,0,0,0,0,0,0,0,0,0,0,0,0,0,0,0,0,0,0,0,0,0,0,0,0,0,0,0,0,0,0,0,0,0,0,0,0,0,0,0,0,0,0,0,0,0,0,0,0,0,0,0,0,0,0,0,0,0,0,0,0,0,0,0,0,0,0,0,0,0,0,0,0,0,0,0,0,0,0,0,0,0,0,0,0,0,0,0,0,0,0,0,0,0,0,0,0,0,0,0,0,0,0,0,0,0,0,0,0,0,0,0,0,0,0,0,0,0,0,0,0,0,0,0,0,0,0,0,0,0,0,0,0,0,0,0,0,0,0,0,0,0,0,0,0,0,0,0,0,0,0,0,0,0,0,0,0,0,0,0,0,0,0,0,0,0,0,0,0,0,0,0,0,0,0,0,0,0,0,0,0,0,0,0,0,0,0,0,0,0,0,0,0,0,0,0,0,0,0,0,0,0,0,0,0,0,0,0,0,0,0,0,0,0,0,0,0,0,0,0,0,0,0,0,0,0,0,0,0,0,0,0,0,0,0,0,0,0,0,0,0,0,0,0,0,0,0,0,0,0,0,0,0,0,0,0,0,0,0,0,0
x21,0,0,0,0,0,0,0,0,0,0,0,0,0,0,0,0,0,0,0,0,0,0,0,0,0,0,0,0,0,0,0,0,0,0,0,0,0,0,0,0,0,0,0,0,0,0,0,0,0,0,0,0,0,0,0,0,0,0,0,0,0,0,0,0,0,0,0,0,0,0,0,0,0,0,0,0,0,0,0,0,0,0,0,0,0,0,0,0,0,0,0,0,0,0,0,0,0,0,0,0,0,0,0,0,0,0,0,0,0,0,0,0,0,0,0,0,0,0,0,0,0,0,0,0,0,0,0,0,0,0,0,0,0,0,0,0,0,0,0,0,0,0,0,0,0,0,0,0,0,0,0,0,0,0,0,0,0,0,0,0,0,0,0,0,0,0,0,0,0,0,0,0,0,0,0,0,0,0,0,0,0,0,0,0,0,0,0,0,0,0,0,0,0,0,0,0,0,0,0,0,0,0,0,0,0,0,0,0,0,0,0,0,0,0,0,0,0,0,0,0,0,0,0,0,0,0,0,0,0,0,0,0,0,0,0,0,0,0,0,0,0,0,0,0,0,0,0,0,0,0,0,0,0,0,0,0,0,0,0,0,0,0,0,0,0,0,0,0,0,0,0,0,0,0,0,0,0,0,0,0,0,0,0,0,0,0,0,0,0,0,0,0,0,0,0,0,0,0,0,0,0,0,0,0,0,0,0,0,0,0,0,0,0,0,0,0,0,0,0,0,0,0,0,0,0,0,0,0,0,0,0,0,0,0,0,0,0,0,0,0,0,0,0,0,0,0,0,0,0,0,0,0,0,0,0,0,0,0,0,0,0,0,0,0,0,0,0,0,0,0,0,0,0,0,0,0,0,0,0,0,0,0,0,0,0,0,0,0,0,0,0,0,0,0,0,0,0,0,0,0,0,0,0,0,0,0,0,0,0,0,0,0,0,0,0,0,0,0,0,0,0,0,0,0,0,0,0,0,0,0,0,0,0,0,0,0,0,0,0,0,0,0,0,0,0,0,0,0,0,0,0,0,0,0,0,0,0,0,0,0,0,0,0,0,0,0,0,0,0,0,0,0,0,0,0,0,0,0,0,0,0,0,0,0,0,0,0,0,0,0,0,0,0,0,0,0,0,0,0,0,0,0,0,0,0,0,0,0,0,0,0,0,0,0,0,0,0,0,0,0,0,0,0,0,0,0,0,0,0,0,0,0,0,0,0,0,0,0,0,0,0,0,0,0,0,0,0,0,0,0,0,0,0,0,0,0,0,0,0,0,0,0,0,0,0,0,0,0,0,0,0,0,0,0,0,0,0,0,0,0,0,0,0,0,0,0,0,0,0,0,0,0,0,0,0,0,0,0,0,0,0,0,0,0,0,0,0,0,0,0,0,0,0,0,0,0,0,0,0,0,0,0,0,0,0,0,0,0,0,0,0,0,0,0,0,0,0,0,0,0,0,0,0,0,0,0,0,0,0,0,0,0,0,0,0,0,0,0,0,0,0,0,0,0,0,0,0,0,0,0,0,0,0,0,0,0,0,0,0,0,0,0,0,0,0,0,0,0,0,0,0,0,0,0,0,0,0,0,0,0,0,0,0,0,0,0,0,0,0,0,0,0,0,0,0,0,0,0,0,0,0,0,0,0,0,0,0,0,0,0,0,0,0,0,0,0,0,0,0,0,0,0,0,0,0,0,0,0,0,0,0,0,0,0,0,0,0,0,0,0,0,0,0,0,0,0,0
x22,0,2,4,3,3,5,30,1,15,0,0,0,6,0,0,3,1,0,2,1,0,0,0,7,5,2,0,1,5,0,0,0,14,0,0,0,0,0,0,3,0,6,0,0,3,0,0,0,12,0,2,0,3,1,0,2,1,0,0,0,18,0,19,0,4,2,1,3,0,35,4,3,0,0,0,1,0,0,0,1,0,0,1,0,1,0,0,0,25,1,0,0,0,0,0,0,7,0,1,2,0,0,0,0,2,0,0,0,6,1,0,7,2,1,0,0,1,1,0,0,0,0,0,0,9,0,0,2,1,0,3,0,1,7,0,5,0,7,5,0,0,0,4,0,1,0,0,1,0,0,3,4,0,2,1,5,0,9,18,0,0,0,10,5,0,0,0,0,0,2,0,0,18,0,3,0,3,45,0,0,0,0,0,0,0,0,1,11,0,1,2,0,4,1,0,0,1,4,3,0,1,0,2,3,1,1,5,0,0,0,7,0,7,1,17,2,0,1,0,3,0,0,0,0,2,5,1,0,1,3,1,3,0,2,0,0,0,4,0,1,0,5,0,4,1,0,0,1,0,0,0,3,1,0,1,2,0,0,2,0,0,0,6,0,1,0,0,0,0,0,0,8,0,0,0,5,0,0,0,0,1,0,0,0,0,0,0,2,1,0,0,0,1,0,4,0,0,0,0,0,0,0,0,0,0,0,0,0,0,0,0,0,0,0,0,0,0,0,0,0,0,0,0,0,0,0,0,0,0,0,0,0,0,0,0,0,0,0,0,0,0,0,0,0,0,0,0,0,0,0,0,0,0,0,0,0,0,0,0,0,0,0,0,0,0,0,0,0,0,0,0,0,0,0,0,0,0,0,0,0,0,0,0,0,0,0,0,0,0,0,0,0,0,0,0,0,0,0,0,0,0,0,0,0,0,0,0,0,0,0,0,0,0,0,0,0,0,0,0,0,0,0,0,0,0,0,0,0,0,0,0,0,0,0,0,0,0,0,0,0,0,0,0,0,0,0,0,0,0,0,0,0,0,0,0,0,0,0,0,0,0,0,0,0,0,0,0,0,0,0,0,0,0,0,0,0,0,0,0,0,0,0,0,0,0,0,0,0,0,0,0,0,0,0,0,0,0,0,0,0,0,0,0,0,0,0,0,0,0,0,0,0,0,0,0,0,0,0,0,0,0,0,0,0,0,0,0,0,0,0,0,0,0,0,0,0,0,0,0,0,0,0,0,0,0,0,0,0,0,0,0,0,0,0,0,0,0,0,0,0,0,0,0,0,0,0,0,0,0,0,0,0,0,0,0,0,0,0,0,0,0,0,0,0,0,0,0,0,0,0,0,0,0,0,0,0,0,0,0,0,0,0,0,0,0,0,0,0,0,0,0,0,0,0,0,0,0,0,0,0,0,0,0,0,0,0,0,0,0,0,0,0,0,0,0,0,0,0,0,0,0,0,0,0,0,0,0,0,0,0,0,0,0,0,0,0,0,0,0,0,0,0,0,0,0,0,0,0,0,0,0,0,0,0,0,0,0,0,0,0,0,0,0,0,0,0,0,0,0,0,0,0,0,0,0,0,0,0,0,0,0,0,0,0,0,0,0,0,0,0,0,0,0,0,0,0,0,0,0,0,0,0,0,0,0,0,0,0,0,0,0,0,0,0,0,0,0,0,0,0,0,0,0,0,0,0,0,0,0,0,0,0,0,0,0,0,0,0,0,0,0,0,0,0,0,0,0
x23,0,0,0,0,0,0,0,0,0,0,0,0,0,0,0,0,0,0,0,0,0,0,0,0,0,0,0,0,0,0,0,0,0,0,0,0,0,0,0,0,0,0,0,0,0,0,0,0,0,0,0,0,0,0,0,0,0,0,0,0,0,0,0,0,0,0,0,0,0,0,0,0,0,0,0,0,0,0,0,0,0,0,0,0,0,0,0,0,0,0,0,0,0,0,0,0,0,0,0,0,0,0,0,0,0,0,0,0,0,0,0,0,0,0,0,0,0,0,0,0,0,0,0,0,0,0,0,0,0,0,0,0,0,0,0,0,0,0,0,0,0,0,2,0,1,0,0,0,0,0,0,1,0,0,0,0,0,0,0,0,0,0,0,0,0,0,0,0,0,0,0,0,0,0,0,0,0,0,0,0,0,0,0,0,0,0,0,0,0,0,0,0,0,0,0,0,0,0,0,0,0,0,0,0,0,0,0,0,0,0,0,0,0,0,0,0,0,0,0,0,0,0,0,0,0,0,0,0,0,0,0,0,0,0,0,0,0,0,0,0,0,0,0,0,0,0,0,0,0,0,0,0,0,0,0,0,0,0,0,0,0,0,0,0,0,0,0,0,0,0,0,0,0,0,0,0,0,0,0,0,0,0,0,0,0,0,0,0,0,0,0,0,0,0,0,0,0,0,0,0,0,0,0,0,0,0,0,0,0,0,0,0,0,0,0,0,0,0,0,0,0,0,0,0,0,0,0,0,0,0,0,0,0,0,0,0,0,0,0,0,0,0,0,0,0,0,0,0,0,0,0,0,0,0,0,0,0,0,0,0,0,0,0,0,0,0,0,0,0,0,0,0,0,0,0,0,0,0,0,0,0,0,0,0,0,0,0,0,0,0,0,0,0,0,0,0,0,0,0,0,0,0,0,0,0,0,0,0,0,0,0,0,0,0,0,0,0,0,0,0,0,0,0,0,0,0,0,0,0,0,0,0,0,0,0,0,0,0,0,0,0,0,0,0,0,0,0,0,0,0,0,0,0,0,0,0,0,0,0,0,0,0,0,0,0,0,0,0,0,0,0,0,0,0,0,0,0,0,0,0,0,0,0,0,0,0,0,0,0,0,0,0,0,0,0,0,0,0,0,0,0,0,0,0,0,0,0,0,0,0,0,0,0,0,0,0,0,0,0,0,0,0,0,0,0,0,0,0,0,0,0,0,0,0,0,0,0,0,0,0,0,0,0,0,0,0,0,0,0,0,0,0,0,0,0,0,0,0,0,0,0,0,0,0,0,0,0,0,0,0,0,0,0,0,0,0,0,0,0,0,0,0,0,0,0,0,0,0,0,0,0,0,0,0,0,0,0,0,0,0,0,0,0,0,0,0,0,0,0,0,0,0,0,0,0,0,0,0,0,0,0,0,0,0,0,0,0,0,0,0,0,0,0,0,0,0,0,0,0,0,0,0,0,0,0,0,0,0,0,0,0,0,0,0,0,0,0,0,0,0,0,0,0,0,0,0,0,0,0,0,0,0,0,0,0,0,0,0,0,0,0,0,0,0,0,0,0,0,0,0,0,0,0,0,0,0,0,0,0,0,0,0,0,0,0,0,0,0,0,0,0,0,0,0,0,0,0,0,0,0,0,0,0,0,0,0,0,0,0,0,0,0,0,0,0,0,0,0,0,0,0,0,0,0,0,0,0,0,0,0,0,0,0,0,0,0,0,0,0,0,0,0,0,0,0,0,0
x24,0,13,3,4,29,2,10,13,100,24,49,2,12,4,0,7,1,0,97,3,6,0,6,11,1,1,1,59,2,0,8,0,115,179,0,1,28,22,2,0,2,15,2,16,0,0,27,3,45,0,4,0,113,1,0,65,2,1050,3,0,1,1,4,0,1,13,9,8,0,8,1,71,0,2,0,14,58,42,1,181,3,1,0,0,4,0,1,11,6,14,9,2,1,0,0,1,25,0,1,57,14,1,9,8,11,10,5,2,10,2,0,74,6,2,7,11,0,10,4,0,0,12,0,0,1,23,8,122,37,20,53,0,44,10,23,7,1,2,10,2,3,0,4,1,21,0,0,4,1,0,19,2,4,14,10,2,0,8,39,2,6,9,17,120,0,2,27,2,2,96,3,1,29,9,9,5,25,59,0,4,0,0,1,2,0,0,3,7,0,116,12,43,1,44,25,0,8,17,19,0,1,4,3,1,3,0,51,7,34,0,6,3,2,4,3,31,9,0,0,19,10,27,0,5,11,2,18,23,1,34,4,2,0,2,2,0,0,15,68,2,0,2,7,55,11,3,8,4,0,0,0,16,110,43,3,7,10,0,1,38,13,335,7,0,3,2,4,5,11,7,3,1,1,0,0,2,2,16,3,20,0,20,95,11,8,0,1,147,1,2,41,0,1,4,9,0,0,0,0,0,0,0,0,0,0,0,0,0,0,0,0,0,0,0,0,0,0,0,0,0,0,0,0,0,0,0,0,0,0,0,0,0,0,0,0,0,0,0,0,0,0,0,0,0,0,0,0,0,0,0,0,0,0,0,0,0,0,0,0,0,0,0,0,0,0,0,0,0,0,0,0,0,0,0,0,0,0,0,0,0,0,0,0,0,0,0,0,0,0,0,0,0,0,0,0,0,0,0,0,0,0,0,0,0,0,0,0,0,0,0,0,0,0,0,0,0,0,0,0,0,0,0,0,0,0,0,0,0,0,0,0,0,0,0,0,0,0,0,0,0,0,0,0,0,0,0,0,0,0,0,0,0,0,0,0,0,0,0,0,0,0,0,0,0,0,0,0,0,0,0,0,0,0,0,0,0,0,0,0,0,0,0,0,0,0,0,0,0,0,0,0,0,0,0,0,0,0,0,0,0,0,0,0,0,0,0,0,0,0,0,0,0,0,0,0,0,0,0,0,0,0,0,0,0,0,0,0,0,0,0,0,0,0,0,0,0,0,0,0,0,0,0,0,0,0,0,0,0,0,0,0,0,0,0,0,0,0,0,0,0,0,0,0,0,0,0,0,0,0,0,0,0,0,0,0,0,0,0,0,0,0,0,0,0,0,0,0,0,0,0,0,0,0,0,0,0,0,0,0,0,0,0,0,0,0,0,0,0,0,0,0,0,0,0,0,0,0,0,0,0,0,0,0,0,0,0,0,0,0,0,0,0,0,0,0,0,0,0,0,0,0,0,0,0,0,0,0,0,0,0,0,0,0,0,0,0,0,0,0,0,0,0,0,0,0,0,0,0,0,0,0,0,0,0,0,0,0,0,0,0,0,0,0,0,0,0,0,0,0,0,0,0,0,0,0,0,0,0,0,0,0,0,0,0,0,0,0,0,0,0,0,0,0,0,0,0,0,0,0,0,0,0,0,0,0,0,0,0,0,0,0,0,0,0,0,0,0,0,0,0,0,0,0,0,0,0,0,0,0,0,0,0,0,0,0,0,0,0,0,0,0,0,0,0,0,0,0
x25,0,14,33,11,16,4,24,6,10,13,1,50,8,0,0,14,7,0,4,34,6,4,30,15,112,13,2,47,4,1,2,1,92,12,2,0,31,0,9,3,23,84,1,11,8,0,0,2,23,2,3,1,13,2,0,5,5,15,1,0,6,0,27,0,8,14,4,5,2,16,19,23,1,16,0,5,1,21,1,34,2,1,1,4,2,2,1,33,24,11,14,2,26,1,41,6,15,0,6,19,25,2,13,13,30,31,30,0,7,15,4,4,9,2,3,2,12,5,2,2,0,3,3,0,5,13,6,25,4,7,8,0,27,10,3,9,0,5,16,6,2,1,9,4,4,19,1,9,0,0,16,13,5,20,17,28,5,11,3,0,1,9,9,4,1,4,1,16,2,26,1,4,61,18,2,5,10,49,1,2,2,3,15,1,11,19,15,37,1,7,9,28,5,25,37,2,47,21,4,9,5,4,5,11,10,11,11,13,5,2,12,1,6,4,17,14,0,2,2,11,2,9,1,4,22,5,49,6,7,12,6,8,0,5,0,6,0,7,21,8,0,22,29,14,5,60,0,6,2,0,2,21,3,8,4,50,2,2,25,6,25,9,10,0,25,15,103,5,13,1,1,2,2,1,11,69,1,14,11,8,0,14,29,15,0,1,1,26,4,0,17,3,6,5,5,12,0,22,62,8,3,0,3,3,2,5,9,2,8,48,23,0,6,13,0,1,41,1,5,115,0,1,4,6,2,1,11,30,8,0,0,3,4,16,11,11,17,3,1,0,0,6,11,3,5,0,4,1,1,1,1,3,9,3,2,3,13,25,21,32,13,40,1,4,25,3,3,36,10,37,46,2,3,1,1,7,12,2,13,2,0,2,7,4,27,0,5,2,3,44,22,2,7,2,0,13,15,4,7,6,33,61,5,72,9,0,22,10,1,4,0,5,47,0,1,6,3,12,53,1,7,72,17,17,10,0,1,23,162,7,7,5,21,3,4,0,0,13,1,79,0,2,8,0,0,22,0,6,1,17,15,2,5,1,15,3,8,15,3,6,2,18,1,1,6,0,0,43,1,4,2,21,4,27,10,10,2,8,3,5,2,8,1,3,15,2,15,3,4,17,6,1,26,16,15,0,2,0,2,5,2,1,9,0,2,6,28,12,10,9,3,9,8,0,8,1,1,5,0,16,4,2,2,4,0,1,26,6,4,3,1,1,15,15,1,1,1,0,5,0,8,4,10,1,4,2,8,4,8,0,3,18,19,7,2,6,5,1,60,4,5,0,1,11,10,3,3,8,16,45,1,97,2,5,8,0,0,1,3,4,0,0,6,22,0,104,0,1,4,17,10,12,16,8,17,4,2,6,13,0,5,5,4,4,0,22,5,10,5,4,4,19,10,0,4,5,2,16,3,5,75,9,0,7,1,6,6,12,0,10,2,69,5,23,6,21,3,1,2,5,9,45,43,77,9,1,18,5,0,17,5,1,148,27,2,6,0,1,4,2,3,0,124,1,47,18,1,2,6,1,35,66,10,16,4,1,3,14,5,33,7,1,7,5,28,14,3,86,1,16,7,16,4,1,1,1,8,0,27,0,4,82,29,1,9,12,2,2,0,0,299,2,7,11,10,1,5,11,4,12,28,0,0,2,0,6,1,0,0,12,2,0,7,0,13,102,6,0,1,9,21,0,4,0,1,0,5,25,6,13,7,18,19,52,15,21,24,6,3,43,26,0,3,3,2,26,20
x26,123,1481,3243,2211,2740,1593,6030,2991,5963,3404,1080,2742,2121,628,240,5568,2410,385,1622,1558,1528,1405,1270,1654,5929,3909,401,11719,2194,102,1302,359,3828,2873,510,123,5586,392,1014,2296,354,7919,347,1588,1012,355,246,1837,9323,278,1656,187,6278,758,269,3368,2939,929,948,350,6987,281,9849,148,3319,3868,1793,2737,835,1864,783,3638,262,1038,219,2505,471,2610,195,6347,227,61,1200,266,536,619,356,678,5642,3238,1453,501,1052,217,1968,1630,5761,183,1415,4567,2396,309,4081,4953,5351,1511,2069,250,2342,2438,234,1169,1608,575,2029,533,1693,1025,672,147,125,861,183,190,1795,2560,585,2969,1101,7030,1892,475,5035,1256,3068,1074,243,1777,3616,1167,759,1071,2764,538,1724,1801,693,2408,239,180,3516,2286,866,5657,4179,5233,697,4939,1843,187,432,2204,5852,2491,748,1450,646,3733,1527,6213,230,1241,8362,350,892,1442,4110,14832,348,925,148,614,1664,879,1577,1643,2383,3673,414,1356,1008,4494,1069,3664,2644,273,3082,4957,1771,1301,2651,2500,1301,1293,2688,1000,3980,1828,1401,637,898,436,3689,3106,6847,4893,418,1842,218,3818,1228,1981,243,944,7358,3063,9156,2933,2926,3476,2205,1842,301,1200,153,1210,589,2471,678,1125,315,1884,3499,5494,1666,1799,314,2021,790,107,670,2765,2335,2113,1751,4486,760,931,9847,6766,3753,3222,11660,125,2701,2599,1336,582,3064,602,388,1235,513,263,1877,2635,616,1773,2360,1885,144,2064,3704,4556,255,338,647,3569,3853,148,6798,122,2288,973,938,3738,304,3992,2414,3256,327,121,836,101,819,1498,914,634,226,1138,3045,171,2003,117,222,554,2061,487,377,414,130,288,491,1006,465,103,2529,538,1000,86,78,184,1000,857,665,745,4218,166,218,53,117,585,1774,672,1004,102,136,285,142,284,421,442,2627,534,767,104,495,1065,221,790,3756,1465,313,429,3486,756,413,2366,1515,5323,2399,175,1027,113,369,1339,1738,262,2556,126,69,194,112,1136,2118,72,326,154,779,3105,2944,486,398,764,79,605,307,1552,405,1159,1140,1878,768,2556,366,111,1423,1392,289,416,273,1081,2437,132,235,1888,500,1653,2439,110,485,2015,1680,303,791,289,205,196,3255,169,560,249,639,591,1554,81,107,1387,211,3234,166,699,2329,194,40,2827,203,432,399,382,1267,249,506,372,1193,1241,3242,2112,355,789,54,1174,50,572,731,50,213,674,199,1315,441,1989,104,975,672,1729,519,1796,403,143,212,1401,163,1111,1121,136,1012,1292,900,920,2024,295,938,1506,2110,43,508,97,264,1543,240,284,575,148,216,609,2880,2853,623,407,635,2224,2155,131,358,281,290,639,145,555,190,80,81,622,71,226,4298,686,1328,411,66,470,1162,1341,62,117,289,106,433,214,992,585,901,86,612,199,236,453,1052,97,476,2602,2964,1417,165,1570,526,378,1169,119,941,113,189,1195,1628,165,895,178,3011,2867,145,3133,385,331,508,159,141,247,1135,560,139,85,903,5375,73,1827,60,151,291,764,2917,3945,1271,659,2993,469,494,1379,865,70,354,793,323,171,106,4315,241,4321,103,1353,1047,2098,1642,102,702,920,886,1207,695,795,1355,847,181,147,78,1140,1928,492,106,1017,178,673,1035,3474,1121,2564,223,423,471,452,1571,4339,2527,451,2108,352,3712,408,44,964,519,307,1962,1567,201,2190,161,379,738,411,370,151,858,179,1432,755,134,510,566,331,2375,1641,839,3876,1081,70,402,472,1609,1979,539,206,234,368,1184,3750,440,1356,93,858,1874,1721,147,270,128,363,476,186,2107,132,71,3028,1365,122,988,1282,582,351,173,212,2302,859,1776,1942,2186,203,864,1802,781,684,1689,126,131,141,145,1716,50,172,73,762,561,140,1061,54,1124,2242,1808,80,575,656,4480,95,499,116,208,240,674,4292,2790,954,622,2585,1447,1207,516,3196,932,445,1236,4620,3455,117,259,151,1028,2549,874
x27,0,0,5,0,1,1,17,2,7,1,0,1,4,0,0,9,1,0,2,1,3,1,1,1,2,1,0,20,1,0,5,2,3,22,1,0,1,0,1,1,0,3,0,0,3,0,0,0,2,1,0,3,12,0,0,2,6,0,0,1,22,0,0,0,25,21,0,3,1,1,2,2,1,2,0,2,2,7,0,10,3,0,8,0,0,0,0,0,51,1,3,0,0,0,3,4,1,0,2,5,2,0,9,7,2,2,1,0,6,0,0,0,0,3,1,0,1,1,0,0,0,1,0,0,32,20,0,1,3,3,3,0,3,0,1,2,0,3,14,1,1,0,0,1,1,0,1,0,0,0,4,2,1,8,2,1,0,2,1,0,1,1,1,5,0,1,0,5,5,1,0,0,6,0,0,0,1,15,0,0,0,0,0,0,23,1,32,4,1,2,3,5,1,1,3,0,5,34,1,1,3,7,2,0,8,0,10,1,0,0,0,0,2,1,2,6,0,1,1,2,0,0,0,1,2,2,3,2,2,6,2,1,0,2,0,0,0,0,1,0,0,1,5,2,3,1,0,1,0,0,4,7,0,0,1,7,0,0,1,6,3,5,8,0,5,1,1,0,4,0,0,3,2,0,0,1,1,0,10,5,0,1,7,1,0,0,0,1,2,0,5,0,0,1,0,0,0,0,0,0,0,0,0,0,0,0,0,0,0,0,0,0,0,0,0,0,0,0,0,0,0,0,0,0,0,0,0,0,0,0,0,0,0,0,0,0,0,0,0,0,0,0,0,0,0,0,0,0,0,0,0,0,0,0,0,0,0,0,0,0,0,0,0,0,0,0,0,0,0,0,0,0,0,0,0,0,0,0,0,0,0,0,0,0,0,0,0,0,0,0,0,0,0,0,0,0,0,0,0,0,0,0,0,0,0,0,0,0,0,0,0,0,0,0,0,0,0,0,0,0,0,0,0,0,0,0,0,0,0,0,0,0,0,0,0,0,0,0,0,0,0,0,0,0,0,0,0,0,0,0,0,0,0,0,0,0,0,0,0,0,0,0,0,0,0,0,0,0,0,0,0,0,0,0,0,0,0,0,0,0,0,0,0,0,0,0,0,0,0,0,0,0,0,0,0,0,0,0,0,0,0,0,0,0,0,0,0,0,0,0,0,0,0,0,0,0,0,0,0,0,0,0,0,0,0,0,0,0,0,0,0,0,0,0,0,0,0,0,0,0,0,0,0,0,0,0,0,0,0,0,0,0,0,0,0,0,0,0,0,0,0,0,0,0,0,0,0,0,0,0,0,0,0,0,0,0,0,0,0,0,0,0,0,0,0,0,0,0,0,0,0,0,0,0,0,0,0,0,0,0,0,0,0,0,0,0,0,0,0,0,0,0,0,0,0,0,0,0,0,0,0,0,0,0,0,0,0,0,0,0,0,0,0,0,0,0,0,0,0,0,0,0,0,0,0,0,0,0,0,0,0,0,0,0,0,0,0,0,0,0,0,0,0,0,0,0,0,0,0,0,0,0,0,0,0,0,0,0,0,0,0,0,0,0,0,0,0,0,0,0,0,0,0,0,0,0,0,0,0,0,0,0,0,0,0,0,0,0,0,0,0,0,0,0,0,0,0,0,0,0,0,0,0,0,0,0,0,0,0,0,0,0,0,0,0,0,0,0,0,0,0,0,0,0,0,0,0,0,0,0,0,0,0,0,0,0,0,0,0,0,0,0,0,0,0,0,0
x28,0,0,0,0,0,0,0,0,0,0,0,0,0,0,0,0,0,0,0,0,0,0,0,0,0,0,0,0,0,0,0,0,0,0,0,0,0,0,0,0,0,0,0,0,0,0,0,0,0,0,0,0,0,0,0,0,0,0,0,0,0,0,0,0,0,0,0,0,0,0,0,0,0,0,0,0,0,0,0,0,0,0,0,0,0,0,0,0,0,0,0,0,0,0,0,0,0,0,0,0,0,0,0,0,0,0,0,0,0,0,0,0,0,0,0,0,0,0,0,0,0,0,0,0,0,0,0,0,0,0,0,0,0,0,0,0,0,0,0,0,0,0,0,0,0,0,0,0,0,0,0,0,0,0,0,0,0,0,0,0,0,0,0,0,0,0,0,0,0,0,0,0,0,0,0,0,0,0,0,0,0,0,0,0,0,0,0,0,0,0,0,0,0,0,0,0,0,0,0,0,0,0,0,0,0,0,0,0,0,0,0,0,0,0,0,0,0,0,0,0,0,0,0,0,0,0,0,0,0,0,0,0,0,0,0,0,0,0,0,0,0,0,0,0,0,0,0,0,0,0,0,0,0,0,0,0,0,0,0,0,0,0,0,0,0,0,0,0,0,0,0,0,0,0,0,0,0,0,0,0,0,0,0,0,0,0,0,0,0,0,0,0,0,0,0,0,0,0,0,0,0,0,0,0,0,0,0,0,0,0,0,0,0,0,0,0,0,0,0,0,0,0,0,0,0,0,0,0,0,0,0,0,0,0,0,0,0,0,0,0,0,0,0,0,0,0,0,0,0,0,0,0,0,0,0,0,0,0,0,0,0,0,0,0,0,0,0,0,0,0,0,0,0,0,0,0,0,0,0,0,0,0,0,0,0,0,0,0,0,0,0,0,0,0,0,0,0,0,0,0,0,0,0,0,0,0,0,0,0,0,0,0,0,0,0,0,0,0,0,0,0,0,0,0,0,0,0,0,0,0,0,0,0,0,0,0,0,0,0,0,0,0,0,0,0,0,0,0,0,0,0,0,0,0,0,0,0,0,0,0,0,0,0,0,0,0,0,0,0,0,0,0,0,0,0,0,0,0,0,0,0,0,0,0,0,0,0,0,0,0,0,0,0,0,0,0,0,0,0,0,0,0,0,0,0,0,0,0,0,0,0,0,0,0,0,0,0,0,0,0,0,0,0,0,0,0,0,0,0,0,0,0,0,0,0,0,0,0,0,0,0,0,0,0,0,0,0,0,0,0,0,0,0,0,0,0,0,0,0,0,0,0,0,0,0,0,0,0,0,0,0,0,0,0,0,0,0,0,0,0,0,0,0,0,0,0,0,0,0,0,0,0,0,0,0,0,0,0,0,0,0,0,0,0,0,0,0,0,0,0,0,0,0,0,0,0,0,0,0,0,0,0,0,0,0,0,0,0,0,0,0,0,0,0,0,0,0,0,0,0,0,0,0,0,0,0,0,0,0,0,0,0,0,0,0,0,0,0,0,0,0,0,0,0,0,0,0,0,0,0,0,0,0,0,0,0,0,0,0,0,0,0,0,0,0,0,0,0,0,0,0,0,0,0,0,0,0,0,0,0,0,0,0,0,0,0,0,0,0,0,0,0,0,0,0,0,0,0,0,0,0,0,0,0,0,0,0,0,0,0,0,0,0,0,0,0,0,0,0,0,0,0,0,0,0,0,0,0,0,0,0,0,0,0,0,0,0,0,0,0,0,0,0,0,0,0,0
x29,0,0,5,4,4,5,1,7,18,4,1,2,5,0,1,27,1,0,3,1,0,0,0,0,0,0,0,0,0,0,0,0,0,0,0,0,0,0,0,0,0,0,0,0,0,0,0,0,0,0,0,0,0,0,0,0,0,0,0,0,0,0,0,0,0,0,0,0,0,0,0,0,0,0,0,0,0,0,0,0,0,0,0,0,0,0,0,0,0,0,0,0,0,0,0,0,0,0,0,0,0,0,0,0,0,0,0,0,0,0,0,0,0,0,0,0,0,0,0,0,0,0,0,0,0,0,0,0,0,0,0,0,0,0,0,0,0,0,0,0,0,0,0,0,0,0,0,0,0,0,0,0,0,0,0,0,0,0,0,0,0,0,0,0,0,0,0,0,0,0,0,0,0,0,0,0,0,0,0,0,0,0,0,0,0,0,0,0,0,0,0,0,0,0,0,0,0,0,0,0,0,0,0,0,0,0,0,0,0,0,0,0,0,0,0,0,0,0,0,0,0,0,0,0,0,0,0,0,0,0,0,0,0,0,0,0,0,0,0,0,0,0,0,0,0,0,0,0,0,0,0,0,0,0,0,0,0,0,0,0,0,0,0,0,0,0,0,0,0,0,0,0,0,0,0,0,0,0,0,0,0,0,0,0,0,0,0,0,0,0,0,0,0,0,0,0,0,0,0,0,0,0,0,0,0,0,0,0,0,0,0,0,0,0,0,0,0,0,0,0,0,0,0,0,0,0,0,0,0,0,0,0,0,0,0,0,0,0,0,0,0,0,0,0,0,0,0,0,0,0,0,0,0,0,0,0,0,0,0,0,0,0,0,0,0,0,0,0,0,0,0,0,0,0,0,0,0,0,0,0,0,0,0,0,0,0,0,0,0,0,0,0,0,0,0,0,0,0,0,0,0,0,0,0,0,0,0,0,0,0,0,0,0,0,0,0,0,0,0,0,0,0,0,0,0,0,0,0,0,0,0,0,0,0,0,0,0,0,0,0,0,0,0,0,0,0,0,0,0,0,0,0,0,0,0,0,0,0,0,0,0,0,0,0,0,0,0,0,0,0,0,0,0,0,0,0,0,0,0,0,0,0,0,0,0,0,0,0,0,0,0,0,0,0,0,0,0,0,0,0,0,0,0,0,0,0,0,0,0,0,0,0,0,0,0,0,0,0,0,0,0,0,0,0,0,0,0,0,0,0,0,0,0,0,0,0,0,0,0,0,0,0,0,0,0,0,0,0,0,0,0,0,0,0,0,0,0,0,0,0,0,0,0,0,0,0,0,0,0,0,0,0,0,0,0,0,0,0,0,0,0,0,0,0,0,0,0,0,0,0,0,0,0,0,0,0,0,0,0,0,0,0,0,0,0,0,0,0,0,0,0,0,0,0,0,0,0,0,0,0,0,0,0,0,0,0,0,0,0,0,0,0,0,0,0,0,0,0,0,0,0,0,0,0,0,0,0,0,0,0,0,0,0,0,0,0,0,0,0,0,0,0,0,0,0,0,0,0,0,0,0,0,0,0,0,0,0,0,0,0,0,0,0,0,0,0,0,0,0,0,0,0,0,0,0,0,0,0,0,0,0,0,0,0,0,0,0,0,0,0,0,0,0,0,0,0,0,0,0,0,0,0,0,0,0,0,0,0,0,0,0,0,0,0,0,0,0,0,0,0,0,0,0,0,0,0,0,0,0,0,0,0,0,0,0,0,0,0,0,0,0,0,0,0,0,0,0
x3,2,16,117,0,95,12,17,26,2743,228,2,6,72,1,69,31,72,13,17,5,63,28,0,14,61,74,14,81,62,0,1,0,56,0,0,0,0,0,0,0,0,0,0,0,0,0,0,0,0,0,0,0,0,0,0,0,0,0,0,0,0,0,0,0,0,0,0,0,0,0,0,0,0,0,0,0,0,0,0,0,0,0,0,0,0,0,0,0,0,0,0,0,0,0,0,0,0,0,0,0,0,0,0,0,0,0,0,0,0,0,0,0,0,0,0,0,0,0,0,0,0,0,0,0,0,0,0,0,0,0,0,0,0,0,0,0,0,0,0,0,0,0,0,0,0,0,0,0,0,0,0,0,0,0,0,0,0,0,0,0,0,0,0,0,0,0,0,0,0,0,0,0,0,0,0,0,0,0,0,0,0,0,0,0,0,0,0,0,0,0,0,0,0,0,0,0,0,0,0,0,0,0,0,0,0,0,0,0,0,0,0,0,0,0,0,0,0,0,0,0,0,0,0,0,0,0,0,0,0,0,0,0,0,0,0,0,0,0,0,0,0,0,0,0,0,0,0,0,0,0,0,0,0,0,0,0,0,0,0,0,0,0,0,0,0,0,0,0,0,0,0,0,0,0,0,0,0,0,0,0,0,0,0,0,0,0,0,0,0,0,0,0,0,0,0,0,0,0,0,0,0,0,0,0,0,0,0,0,0,0,0,0,0,0,0,0,0,0,0,0,0,0,0,0,0,0,0,0,0,0,0,0,0,0,0,0,0,0,0,0,0,0,0,0,0,0,0,0,0,0,0,0,0,0,0,0,0,0,0,0,0,0,0,0,0,0,0,0,0,0,0,0,0,0,0,0,0,0,0,0,0,0,0,0,0,0,0,0,0,0,0,0,0,0,0,0,0,0,0,0,0,0,0,0,0,0,0,0,0,0,0,0,0,0,0,0,0,0,0,0,0,0,0,0,0,0,0,0,0,0,0,0,0,0,0,0,0,0,0,0,0,0,0,0,0,0,0,0,0,0,0,0,0,0,0,0,0,0,0,0,0,0,0,0,0,0,0,0,0,0,0,0,0,0,0,0,0,0,0,0,0,0,0,0,0,0,0,0,0,0,0,0,0,0,0,0,0,0,0,0,0,0,0,0,0,0,0,0,0,0,0,0,0,0,0,0,0,0,0,0,0,0,0,0,0,0,0,0,0,0,0,0,0,0,0,0,0,0,0,0,0,0,0,0,0,0,0,0,0,0,0,0,0,0,0,0,0,0,0,0,0,0,0,0,0,0,0,0,0,0,0,0,0,0,0,0,0,0,0,0,0,0,0,0,0,0,0,0,0,0,0,0,0,0,0,0,0,0,0,0,0,0,0,0,0,0,0,0,0,0,0,0,0,0,0,0,0,0,0,0,0,0,0,0,0,0,0,0,0,0,0,0,1,0,0,0,0,0,0,0,0,0,0,0,0,0,0,0,0,0,0,0,0,0,0,0,0,0,0,0,0,0,0,0,0,0,0,0,0,0,0,0,0,0,0,0,0,0,0,0,0,0,0,0,0,0,0,0,0,0,0,0,0,0,0,0,0,0,0,0,0,0,0,0,0,0,0,0,0,0,0,0,0,0,0,0,0,0,0,0,0,0,0,0,0,0,0,0,0,0,0,0,0,0,0,0,0,0,0,0,0,0,0,0,0,0,0,0,0,0,0,0,0,0,0,0,0,0,0,0,0,0,0,0,0,0,0
x4,1,2,0,0,4,6,3,2,8,3,0,5,24,0,0,8,1,0,0,1,4,4,0,0,17,13,0,0,10,0,1,0,17,3,3,0,0,0,2,0,0,6,0,0,1,0,0,2,9,0,18,0,12,0,1,4,1,0,1,2,4,0,12,0,3,13,0,0,0,2,1,0,0,1,0,6,3,5,0,4,0,0,0,0,2,0,0,2,5,2,1,0,24,1,0,0,0,0,0,0,0,0,0,0,0,0,0,0,0,0,0,0,0,0,0,0,0,0,0,0,0,0,0,0,0,0,0,0,0,0,0,0,0,0,0,0,0,0,0,0,0,0,0,0,0,0,0,0,0,0,0,0,0,0,0,0,0,0,0,0,0,0,0,0,0,0,0,0,0,0,0,0,0,0,0,0,0,0,0,0,0,0,0,0,0,0,0,0,0,0,0,0,0,0,0,0,0,0,0,0,0,0,0,0,0,0,0,0,0,0,0,0,0,0,0,0,0,0,0,0,0,0,0,0,0,0,0,0,0,0,0,0,0,0,0,0,0,0,0,0,0,0,0,0,0,0,0,0,0,0,0,0,0,0,0,0,0,0,0,0,0,0,0,0,0,0,0,0,0,0,0,0,0,0,0,0,0,0,0,0,0,0,0,0,0,0,0,0,0,0,0,0,0,0,0,0,0,0,0,0,0,0,0,0,0,0,0,0,0,0,0,0,0,0,0,0,0,0,0,0,0,0,0,0,0,0,0,0,0,0,0,0,0,0,0,0,0,0,0,0,0,0,0,0,0,0,0,0,0,0,0,0,0,0,0,0,0,0,0,0,0,0,0,0,0,0,0,0,0,0,0,0,0,0,0,0,0,0,0,0,0,0,0,0,0,0,0,0,0,0,0,0,0,0,0,0,0,0,0,0,0,0,0,0,0,0,0,0,0,0,0,0,0,0,0,0,0,0,0,0,0,0,0,0,0,0,0,0,0,0,0,0,0,0,0,0,0,0,0,0,0,0,0,0,0,0,0,0,0,0,0,0,0,0,0,0,0,0,0,0,0,0,0,0,0,0,0,0,0,0,0,0,0,0,0,0,0,0,0,0,0,0,0,0,0,0,0,0,0,0,0,0,0,0,0,0,0,0,0,0,0,0,0,0,0,0,0,0,0,0,0,0,0,0,0,0,0,0,0,0,0,0,0,0,0,0,0,0,0,0,0,0,0,0,0,0,0,0,0,0,0,0,0,0,0,0,0,0,0,0,0,0,0,0,0,0,0,0,0,0,0,0,0,0,0,0,0,0,0,0,0,0,0,0,0,0,0,0,0,0,0,0,0,0,0,0,0,0,0,0,0,0,0,0,0,0,0,0,0,0,0,0,0,0,0,0,0,0,0,0,0,0,0,0,0,0,0,0,0,0,0,0,0,0,0,0,0,0,0,0,0,0,0,0,0,0,0,0,0,0,0,0,0,0,0,0,0,0,0,0,0,0,0,0,0,0,0,0,0,0,0,0,0,0,0,0,0,0,0,0,0,0,0,0,0,0,0,0,0,0,0,0,0,0,0,0,0,0,0,0,0,0,0,0,0,0,0,0,0,0,0,0,0,0,0,0,0,0,0,0,0,0,0,0,0,0,0,0,0,0,0,0,0,0,0,0,0,0,0,0,0,0,0,0,0,0,0,0,0,0,0,0,0,0,0,0,0,0,0,0,0,0,0,0,0,0,0,0,0,0,0,0,0,0,0,0,0
x5,2,11,8,4,29,13,68,25,33,34,4,6,9,6,3,35,6,1,8,10,13,3,7,7,9,138,12,25,16,0,4,1,25,10,1,1,31,3,4,6,1,18,2,5,14,12,0,7,109,1,6,0,21,1,6,108,4,7,3,0,6,1,16,0,62,34,18,9,4,7,3,38,2,7,0,60,4,18,1,46,0,0,4,1,3,8,14,17,39,19,3,7,12,0,6,25,24,1,20,8,5,2,9,60,46,7,5,0,6,19,1,49,11,2,6,1,30,3,1,0,1,4,1,0,10,9,2,14,8,12,6,2,74,3,10,3,1,8,169,12,39,16,13,8,6,3,1,7,0,1,26,7,3,20,22,7,22,32,9,0,1,26,62,26,5,5,3,9,10,458,0,12,83,5,5,3,13,18,1,3,8,3,6,3,47,45,8,8,1,11,3,30,14,43,7,1,14,47,7,4,11,7,27,3,13,5,12,11,13,4,2,2,4,8,22,78,2,8,5,26,3,7,0,17,17,28,37,23,6,15,4,6,0,8,0,6,1,12,1,7,0,139,7,40,6,5,0,35,2,0,1,9,104,8,4,22,7,3,14,11,17,9,584,0,17,6,12,10,3,3,24,41,2,2,6,79,2,8,79,20,1,13,10,37,0,1,5,77,16,1,22,0,16,5,21,69,1,11,46,15,2,0,3,0,28,14,6,4,4,30,22,5,15,0,1,7,114,2,47,3,1,5,5,6,2,1,22,6,14,0,6,1,5,56,3,8,29,1,1,0,0,4,9,4,13,0,8,1,5,8,2,2,10,10,11,0,2,40,3,27,70,32,4,6,17,23,7,115,14,75,15,0,14,1,2,12,24,1,171,2,0,2,0,7,10,10,3,3,17,36,12,3,9,21,0,2,7,13,6,4,6,18,11,12,12,0,18,25,7,9,1,8,11,1,9,30,5,9,8,0,4,156,46,2,20,1,2,1,277,3,2,3,24,3,10,0,1,21,9,23,1,4,19,0,1,27,2,23,19,20,15,3,4,2,117,8,14,10,1,57,0,124,0,5,14,0,1,21,2,12,3,8,0,8,3,53,9,128,8,0,1,24,3,5,15,1,6,18,6,15,10,1,9,9,20,0,4,2,3,37,4,1,6,2,2,8,16,18,16,7,4,18,13,0,2,4,18,12,1,8,1,0,1,11,3,3,19,3,20,2,1,2,5,6,0,2,9,1,4,1,24,6,7,1,5,4,1,7,34,2,3,66,87,8,0,14,17,4,9,1,18,0,2,5,13,0,14,1,164,23,5,19,5,5,9,1,0,1,6,8,0,1,28,22,0,141,1,12,3,28,17,113,51,15,17,8,3,8,151,0,5,9,1,0,1,19,1,22,0,7,17,30,6,3,20,21,18,17,9,27,45,20,1,1,0,17,22,2,2,20,0,9,13,18,9,44,10,2,3,2,35,38,93,3,17,2,35,18,1,37,12,7,14,28,1,14,0,4,44,2,3,0,16,2,20,35,1,5,5,16,37,25,3,27,11,0,1,3,32,10,15,2,5,1,5,24,6,11,0,4,11,10,3,0,3,9,54,9,17,2,0,41,21,0,3,12,14,3,1,0,100,4,12,29,94,2,41,15,8,3,10,1,1,0,1,11,4,12,1,13,7,1,13,0,7,24,11,0,2,10,66,1,2,3,6,0,20,35,99,7,15,12,20,141,4,73,4,1,4,21,171,2,2,19,3,53,4
x6,0,6,1,112,3,3,198,108,0,131,1,43,0,0,0,23,1,0,0,0,1,1,3,34,1,9,0,42,2,0,1,4,2,309,2,0,2,0,1,0,2,1,1,5,1,2,0,0,21,0,123,0,7,134,0,10,0,0,3,1,1,4,248,2,18,12,0,4,0,125,71,7,0,140,0,2,11,7,1,1,4,46,6,10,0,0,20,0,0,6,0,0,0,0,0,1,36,13,35,8,1,1,0,84,27,0,16,1,9,106,0,70,6,0,0,0,4,3,0,1,2,31,0,0,7,1,7,361,1,59,1,20,377,41,0,0,0,0,0,0,12,0,4,2,0,29,15,0,0,3,46,141,0,170,625,3,31,43,26,1,1,24,5,9,9,36,0,0,0,136,0,6,5,0,1,2,2,147,0,152,0,0,14,0,47,46,136,8,2,0,42,5,1,41,0,10,578,5,17,479,288,19,22,1,11,1,3,5,64,3,16,4,1,11,3,33,6,6,1,3,3,1,0,1,2,174,2,3,0,5,24,1,0,0,30,0,0,41,7,0,0,0,5,0,14,0,9,4,63,0,1,2,3,0,7,7,3,26,11,11,2,7,7,5,17,10,25,26,37,2,37,1,4,1,2,56,4,9,97,14,0,129,34,14,5,1,2,9,103,1,1,0,37,12,1,0,0,0,0,0,0,0,0,0,0,0,0,0,0,0,0,0,0,0,0,0,0,0,0,0,0,0,0,0,0,0,0,0,0,0,0,0,0,0,0,0,0,0,0,0,0,0,0,0,0,0,0,0,0,0,0,0,0,0,0,0,0,0,0,0,0,0,0,0,0,0,0,0,0,0,0,0,0,0,0,0,0,0,0,0,0,0,0,0,0,0,0,0,0,0,0,0,0,0,0,0,0,0,0,0,0,0,0,0,0,0,0,0,0,0,0,0,0,0,0,0,0,0,0,0,0,0,0,0,0,0,0,0,0,0,0,0,0,0,0,0,0,0,0,0,0,0,0,0,0,0,0,0,0,0,0,0,0,0,0,0,0,0,0,0,0,0,0,0,0,0,0,0,0,0,0,0,0,0,0,0,0,0,0,0,0,0,0,0,0,0,0,0,0,0,0,0,0,0,0,0,0,0,0,0,0,0,0,0,0,0,0,0,0,0,0,0,0,0,0,0,0,0,0,0,0,0,0,0,0,0,0,0,0,0,0,0,0,0,0,0,0,0,0,0,0,0,0,0,0,0,0,0,0,0,0,0,0,0,0,0,0,0,0,0,0,0,0,0,0,0,0,0,0,0,0,0,0,0,0,0,0,0,0,0,0,0,0,0,0,0,0,0,0,0,0,0,0,0,0,0,0,0,0,0,0,0,0,0,0,0,0,0,0,0,0,0,0,0,0,0,0,0,0,0,0,0,0,0,0,0,0,0,0,0,0,0,0,0,0,0,0,0,0,0,0,0,0,0,0,0,0,0,0,0,0,0,0,0,0,0,0,0,0,0,0,0,0,0,0,0,0,0,0,0,0,0,0,0,0,0,0,0,0,0,0,0,0,0,0,0,0,0,0,0,0,0,0,0,0,0,0,0,0,0,0,0,0,0,0,0,0,0,0,0,0,0,0,0,0,0,0,0,0,0,0,0,0,0,0,0,0,0,0,0,0,0,0,0,0,0,0,0,0,0,0,0,0,0,0,0,0,0,0,0,0,0,0,0,0,0,0,0,0,0,0,0,0,0,0,0,0
x7,0,0,0,0,0,0,0,0,0,0,0,0,0,0,0,0,0,0,0,0,0,0,0,0,0,0,0,0,0,0,0,0,0,0,0,0,0,0,0,0,0,0,0,0,0,0,0,0,0,0,0,0,0,0,0,0,0,0,0,0,0,0,0,0,0,0,0,0,0,0,0,0,0,0,0,0,0,0,0,0,0,0,0,0,0,0,0,0,0,0,0,0,0,0,0,0,0,0,0,0,0,0,0,0,0,0,0,0,0,0,0,0,0,0,0,0,0,0,0,0,0,0,0,0,0,0,0,0,0,0,0,0,0,0,0,0,0,0,0,0,0,0,0,0,0,0,0,0,0,0,0,0,0,0,0,0,0,0,0,0,0,0,0,0,0,0,0,0,0,0,0,0,0,0,0,0,0,0,0,0,0,0,0,0,0,0,0,0,0,0,0,0,0,0,0,0,0,0,0,0,0,0,0,0,0,0,0,0,0,0,0,0,0,0,0,0,0,0,0,0,0,0,0,0,0,0,0,0,0,0,0,0,0,0,0,0,0,0,0,0,0,0,0,0,0,0,0,0,0,0,0,0,0,0,0,0,0,0,0,0,0,0,0,0,0,0,0,0,0,0,0,0,0,0,0,0,0,0,0,0,0,0,0,0,0,0,0,0,0,0,0,0,0,0,0,0,0,0,0,0,0,0,0,0,0,0,0,0,0,0,0,0,0,0,0,0,0,0,0,0,0,0,0,0,0,0,0,0,0,0,0,0,0,0,0,0,0,0,0,0,0,0,0,0,0,0,0,0,0,0,0,0,0,0,0,0,0,0,0,0,0,0,0,0,0,0,0,0,0,0,0,0,0,0,0,0,0,0,0,0,0,0,0,0,0,0,0,0,0,0,0,0,0,0,0,0,0,0,0,0,0,0,0,0,0,0,0,0,0,0,0,0,0,0,0,0,0,0,0,0,0,0,0,0,0,0,0,0,0,0,0,0,0,0,0,0,0,0,0,0,0,0,0,0,0,0,0,0,0,0,0,0,0,0,0,0,0,0,0,0,0,0,0,0,0,0,0,0,0,0,0,0,0,0,0,0,0,0,0,0,0,0,0,0,0,0,0,0,0,0,0,0,0,0,0,0,0,0,0,0,0,0,0,0,0,0,0,0,0,0,0,0,0,0,0,0,0,0,0,0,0,0,0,0,0,0,0,0,0,0,0,0,0,0,0,0,0,0,0,0,0,0,0,0,0,0,0,0,0,0,0,0,0,0,0,0,0,0,0,0,0,0,0,0,0,0,0,0,0,0,0,0,0,0,0,0,0,0,0,0,0,0,0,0,0,0,0,0,0,0,0,0,0,0,0,0,0,0,0,0,0,0,0,0,0,0,0,0,0,0,0,0,0,0,0,0,0,0,0,0,0,0,0,0,0,0,0,0,0,0,0,0,0,0,0,0,0,0,0,0,0,0,0,0,0,0,0,0,0,0,0,0,0,0,0,0,0,0,0,0,0,0,0,0,0,0,0,0,0,0,0,0,0,0,0,0,0,0,0,0,0,0,0,0,0,0,0,0,0,0,0,0,0,0,0,0,0,0,0,0,0,0,0,0,0,0,0,0,0,0,0,0,0,0,0,0,0,0,0,0,0,0,0,0,0,0,0,0,0,0,0,0,0,0,0,0,0,0,0,0,0,0,0,0,0,0,0,0,0,0,0,0,0,0,0,0,0,0,0,0,0,0,0,0,0,0,0
x8,0,0,0,0,0,0,0,0,0,0,0,0,0,0,0,0,0,0,0,0,0,0,0,0,0,0,0,0,0,0,0,0,0,0,0,0,0,0,0,0,0,0,0,0,0,0,0,0,0,0,0,0,0,0,0,0,0,0,0,0,0,0,0,0,0,0,0,0,0,0,0,0,0,0,0,0,0,0,0,0,0,0,0,0,0,0,0,0,0,0,0,0,0,0,0,0,0,0,0,0,0,0,0,0,0,0,0,0,0,0,0,0,0,0,0,0,0,0,0,0,0,0,0,0,0,0,0,0,0,0,0,0,0,0,0,0,0,0,0,0,0,0,0,0,0,0,0,0,0,0,0,0,0,0,0,0,0,0,0,0,0,0,0,0,0,0,0,0,0,0,0,0,0,0,0,0,0,0,0,0,0,0,0,0,0,0,0,0,0,0,0,0,0,0,0,0,0,0,0,0,0,0,0,0,0,0,0,0,0,0,0,0,0,0,0,0,0,0,0,0,0,0,0,0,0,0,0,0,0,0,0,0,0,0,0,0,0,0,0,0,0,0,0,0,0,0,0,0,0,0,0,0,0,0,0,0,0,0,0,0,0,0,0,0,0,0,0,0,0,0,0,0,0,0,0,0,0,0,0,0,0,0,0,0,0,0,0,0,0,0,0,0,0,0,0,0,0,0,0,0,0,0,0,0,0,0,0,0,0,0,0,0,0,0,0,0,0,0,0,0,0,0,0,0,0,0,0,0,0,0,0,0,0,0,0,0,0,0,0,0,0,0,0,0,0,0,0,0,0,0,0,0,0,0,0,0,0,0,0,0,0,0,0,0,0,0,0,0,0,0,0,0,0,0,0,0,0,0,0,0,0,0,0,0,0,0,0,0,0,0,0,0,0,0,0,0,0,0,0,0,0,0,0,0,0,0,0,0,0,0,0,0,0,0,0,0,0,0,0,0,0,0,0,0,0,0,0,0,0,0,0,0,0,0,0,0,0,0,0,0,0,0,0,0,0,0,0,0,0,0,0,0,0,0,0,0,0,0,0,0,0,0,0,0,0,0,0,0,0,0,0,0,0,0,0,0,0,0,0,0,0,0,0,0,0,0,0,0,0,0,0,0,0,0,0,0,0,0,0,0,0,0,0,0,0,0,0,0,0,0,0,0,0,0,0,0,0,0,0,0,0,0,0,0,0,0,0,0,0,0,0,0,0,0,0,0,0,0,0,0,0,0,0,0,0,0,0,0,0,0,0,0,0,0,0,0,0,0,0,0,0,0,0,0,0,0,0,0,0,0,0,0,0,0,0,0,0,0,0,0,0,0,0,0,0,0,0,0,0,0,0,0,0,0,0,0,0,0,0,0,0,0,0,0,0,0,0,0,0,0,0,0,0,0,0,0,0,0,0,0,0,0,0,0,0,0,0,0,0,0,0,0,0,0,0,0,0,0,0,0,0,0,0,0,0,0,0,0,0,0,0,0,0,0,0,0,0,0,0,0,0,0,0,0,0,0,0,0,0,0,0,0,0,0,0,0,0,0,0,0,0,0,0,0,0,0,0,0,0,0,0,0,0,0,0,0,0,0,0,0,0,0,0,0,0,0,0,0,0,0,0,0,0,0,0,0,0,0,0,0,0,0,0,0,0,0,0,0,0,0,0,0,0,0,0,0,0,0,0,0,0,0,0,0,0,0,0,0,0,0,0,0,0,0,0,0,0,0,0,0,0,0,0,0,0,0,0
x9,0,0,0,0,0,0,0,0,0,0,0,0,0,2,0,0,0,0,0,0,0,0,0,0,0,0,0,0,0,0,0,0,3,0,0,0,0,0,0,0,0,7,0,0,0,0,0,0,1,0,0,0,0,0,5,0,0,0,0,0,0,0,0,0,0,0,0,0,0,0,0,0,0,5,0,0,0,0,0,0,0,0,0,0,0,0,0,0,0,0,0,0,0,0,0,0,0,0,0,0,0,0,0,0,0,0,0,0,0,0,0,0,0,0,0,0,0,0,0,0,0,0,0,0,0,0,0,0,0,1,0,0,6,0,0,0,0,0,0,0,0,0,0,0,0,0,0,0,0,0,0,0,0,0,0,0,0,0,0,0,0,0,0,0,0,0,0,0,0,0,0,0,0,0,0,0,0,0,0,0,0,0,0,0,0,0,0,0,0,0,0,1,0,0,0,0,0,0,0,0,0,0,0,0,0,0,0,0,0,0,0,0,0,0,0,0,0,0,0,0,0,0,0,0,0,0,0,0,0,0,0,0,0,0,0,0,0,0,0,0,0,0,0,0,0,0,0,0,0,0,0,0,0,0,0,0,0,0,0,0,0,0,0,0,0,0,0,0,0,0,0,0,0,0,0,0,0,0,0,0,0,0,0,0,0,0,0,0,0,0,0,0,0,0,0,0,0,0,0,0,0,0,0,0,0,0,0,0,0,0,4,0,0,0,0,0,0,0,0,0,0,0,0,0,0,0,2,0,0,0,0,0,0,0,0,0,4,0,0,0,0,0,0,0,0,0,0,0,0,0,0,0,0,0,0,0,0,0,0,0,0,0,0,0,0,0,0,0,0,16,0,0,0,0,0,0,0,0,0,0,0,0,0,0,0,0,0,0,0,0,0,0,0,0,0,0,0,0,0,0,0,0,0,0,0,0,0,0,0,0,0,0,0,0,0,0,0,0,0,0,0,0,0,0,0,0,0,0,0,0,0,0,4,0,0,0,0,0,0,0,0,0,0,0,0,1,0,0,0,0,0,0,0,0,0,0,0,0,0,0,0,0,0,0,0,0,0,0,0,0,0,0,0,0,0,0,0,0,0,0,0,2,0,0,0,0,0,15,0,0,0,0,0,0,0,0,0,0,0,0,0,0,0,0,0,0,0,0,0,0,4,0,1,0,0,0,0,0,0,0,0,0,0,0,0,0,0,0,0,0,0,0,0,0,0,0,0,0,0,0,0,0,0,0,0,0,0,0,0,0,0,0,0,0,0,0,0,0,0,0,0,0,0,0,0,0,0,0,12,0,0,0,0,0,0,0,0,0,0,0,0,0,0,0,0,0,0,0,0,0,0,0,0,0,0,0,0,0,0,0,0,0,0,0,0,0,0,0,0,0,0,0,0,0,0,0,0,0,0,0,0,0,0,0,0,0,0,0,0,0,0,0,0,0,0,0,0,0,1,0,0,0,0,0,0,0,0,0,0,0,0,0,0,0,0,0,0,0,0,0,0,0,0,0,0,0,0,0,0,0,0,0,0,0,0,0,0,0,0,0,0,0,0,0,0,0,0,0,0,0,0,0,0,0,0,0,0,0,0,0,0,0,0,0,2,0,0,0,0,0,0,0,0,0,0,0,0,0,0,0,0,0,0,0,0,0,0,0,0,0,0,0,0,0,0,0,0,0,0,0,0,0,0,0,0,0,0,1,0,0,0,0,0,0,0,38,0,0,0,0,0,0,0,0,0,0,0
