,init_to_steady1_2_0,init_to_steady1_2_1,init_to_steady1_2_2,init_to_steady1_2_3,init_to_steady1_2_4,init_to_steady1_2_5,init_to_steady1_2_6,init_to_steady1_3_0,init_to_steady1_3_1,init_to_steady1_3_2,init_to_steady1_3_3,init_to_steady1_3_4,init_to_steady1_3_5,init_to_steady1_3_6,init_to_steady1_3_7,init_to_steady1_4_0,init_to_steady1_4_1,init_to_steady1_4_2,init_to_steady1_4_3,init_to_steady1_4_4,init_to_steady1_4_5,init_to_steady1_4_6,init_to_steady1_4_7,init_to_steady1_4_8,init_to_steady1_4_9,init_to_steady1_4_10,init_to_steady1_4_11,init_to_steady1_4_12,init_to_steady1_4_13,init_to_steady1_4_14,init_to_steady1_4_15,init_to_steady1_4_16,init_to_steady1_4_17,init_to_steady1_4_18,init_to_steady1_4_19,init_to_steady1_4_20,init_to_steady1_4_21,init_to_steady1_4_22,init_to_steady1_4_23,init_to_steady1_4_24,init_to_steady1_4_25,init_to_steady1_5_0,init_to_steady1_5_1,init_to_steady1_5_2,init_to_steady1_5_3,init_to_steady1_5_4,init_to_steady1_5_5,init_to_steady1_5_6,init_to_steady1_5_7,init_to_steady1_5_8,init_to_steady1_5_9,init_to_steady1_5_10,init_to_steady1_5_11,init_to_steady1_5_12,init_to_steady1_5_13,init_to_steady1_5_14,init_to_steady1_5_15,init_to_steady1_5_16,init_to_steady1_5_17,init_to_steady1_5_18,init_to_steady1_5_19,init_to_steady1_5_20,init_to_steady1_5_21,init_to_steady1_5_22,init_to_steady1_5_23,init_to_steady1_5_24,init_to_steady1_5_25,init_to_steady1_5_26,init_to_steady1_5_27,init_to_steady1_5_28,init_to_steady1_5_29,init_to_steady1_5_30,init_to_steady1_6_0,init_to_steady1_6_1,init_to_steady1_6_2,init_to_steady1_6_3,init_to_steady1_6_4,init_to_steady1_6_5,init_to_steady1_6_6,init_to_steady1_6_7,init_to_steady1_6_8,init_to_steady1_6_9,init_to_steady1_6_10,init_to_steady1_6_11,init_to_steady1_6_12,init_to_steady1_6_13,init_to_steady1_6_14,init_to_steady1_6_15,init_to_steady1_6_16,init_to_steady1_6_17,init_to_steady1_6_18,init_to_steady1_6_19,init_to_steady1_6_20,init_to_steady1_6_21,init_to_steady1_6_22,init_to_steady1_6_23,init_to_steady1_6_24,init_to_steady1_6_25,init_to_steady1_6_26,init_to_steady1_6_27,init_to_steady1_6_28,init_to_steady1_6_29,init_to_steady1_6_30,init_to_steady1_6_31,init_to_steady1_6_32,init_to_steady1_6_33,init_to_steady1_6_34,init_to_steady1_6_35,init_to_steady1_6_36,init_to_steady1_6_37,init_to_steady1_6_38,init_to_steady1_6_39,init_to_steady1_6_40,init_to_steady1_6_41,init_to_steady1_6_42,init_to_steady1_6_43,init_to_steady1_6_44,init_to_steady1_6_45,init_to_steady1_6_46,init_to_steady1_6_47,init_to_steady1_6_48,init_to_steady1_7_0,init_to_steady1_7_1,init_to_steady1_7_2,init_to_steady1_7_3,init_to_steady1_7_4,init_to_steady1_7_5,init_to_steady1_7_6,init_to_steady1_7_7,init_to_steady1_7_8,init_to_steady1_7_9,init_to_steady1_7_10,init_to_steady1_7_11,init_to_steady1_7_12,init_to_steady1_7_13,init_to_steady1_7_14,init_to_steady1_7_15,init_to_steady1_7_16,init_to_steady1_7_17,init_to_steady1_7_18,init_to_steady1_7_19,init_to_steady1_7_20,init_to_steady1_7_21,init_to_steady1_7_22,init_to_steady1_7_23,init_to_steady1_7_24,init_to_steady1_7_25,init_to_steady1_7_26,init_to_steady1_7_27,init_to_steady1_7_28,init_to_steady1_7_29,init_to_steady1_7_30,init_to_steady1_7_31,init_to_steady1_7_32,init_to_steady1_7_33,init_to_steady1_7_34,init_to_steady1_7_35,init_to_steady1_7_36,init_to_steady1_7_37,init_to_steady1_7_38,init_to_steady1_7_39,init_to_steady1_7_40,init_to_steady1_7_41,init_to_steady1_8_0,init_to_steady1_8_1,init_to_steady1_8_2,init_to_steady1_8_3,init_to_steady1_8_4,init_to_steady1_8_5,init_to_steady1_8_6,init_to_steady1_8_7,init_to_steady1_8_8,init_to_steady1_8_9,init_to_steady1_8_10,init_to_steady1_8_11,init_to_steady1_8_12,init_to_steady1_8_13,init_to_steady1_8_14,init_to_steady1_8_15,init_to_steady1_8_16,init_to_steady1_8_17,init_to_steady1_8_18,init_to_steady1_8_19,init_to_steady1_8_20,init_to_steady1_8_21,init_to_steady1_8_22,init_to_steady1_8_23,init_to_steady1_8_24,init_to_steady1_8_25,init_to_steady1_8_26,init_to_steady1_8_27,init_to_steady1_8_28,init_to_steady1_8_29,init_to_steady1_8_30,init_to_steady1_8_31,init_to_steady1_8_32,init_to_steady1_8_33,init_to_steady1_8_34,init_to_steady1_8_35,init_to_steady1_8_36,init_to_steady1_8_37,init_to_steady1_8_38,init_to_steady1_8_39,init_to_steady1_8_40,init_to_steady1_8_41,init_to_steady1_8_42,init_to_steady1_8_43,init_to_steady1_8_44,init_to_steady1_8_45,init_to_steady1_8_46,init_to_steady1_8_47,init_to_steady1_8_48,init_to_steady1_8_49,init_to_steady1_8_50,init_to_steady1_8_51,init_to_steady1_8_52,init_to_steady1_8_53,init_to_steady1_8_54,init_to_steady1_8_55,init_to_steady1_8_56,init_to_steady1_8_57,init_to_steady1_8_58,init_to_steady1_8_59,init_to_steady1_8_60,init_to_steady1_8_61,init_to_steady1_8_62,init_to_steady1_8_63,init_to_steady1_8_64,init_to_steady1_8_65,init_to_steady1_8_66,init_to_steady1_8_67,init_to_steady1_8_68,init_to_steady1_8_69,init_to_steady1_8_70,init_to_steady1_8_71,init_to_steady1_9_0,init_to_steady1_9_1,init_to_steady1_9_2,init_to_steady1_9_3,init_to_steady1_9_4,init_to_steady1_9_5,init_to_steady1_9_6,init_to_steady1_9_7,init_to_steady1_9_8,init_to_steady1_9_9,init_to_steady1_9_10,init_to_steady1_9_11,init_to_steady1_9_12,init_to_steady1_9_13,init_to_steady1_9_14,init_to_steady1_9_15,init_to_steady1_9_16,init_to_steady1_9_17,init_to_steady1_9_18,init_to_steady1_9_19,init_to_steady1_9_20,init_to_steady1_9_21,init_to_steady1_9_22,init_to_steady1_9_23,init_to_steady1_9_24,init_to_steady1_9_25,init_to_steady1_9_26,init_to_steady1_9_27,init_to_steady1_9_28,init_to_steady1_9_29,init_to_steady1_9_30,init_to_steady1_9_31,init_to_steady1_9_32,init_to_steady1_9_33,init_to_steady1_9_34,init_to_steady1_9_35,init_to_steady1_9_36,init_to_steady1_9_37,init_to_steady1_9_38,init_to_steady1_9_39,init_to_steady1_9_40,init_to_steady1_9_41,init_to_steady1_9_42,init_to_steady1_9_43,init_to_steady1_9_44,init_to_steady1_9_45,init_to_steady1_9_46,init_to_steady1_9_47,init_to_steady1_9_48,init_to_steady1_9_49,init_to_steady1_9_50,init_to_steady1_9_51,init_to_steady1_9_52,init_to_steady1_9_53,init_to_steady1_9_54,init_to_steady1_9_55,init_to_steady1_9_56,init_to_steady1_9_57,init_to_steady1_9_58,init_to_steady1_9_59,init_to_steady1_9_60,init_to_steady1_9_61,init_to_steady1_9_62,init_to_steady1_9_63,init_to_steady1_9_64,init_to_steady1_9_65,init_to_steady1_9_66,init_to_steady1_9_67,init_to_steady1_9_68,init_to_steady1_9_69,init_to_steady1_9_70,init_to_steady1_9_71,init_to_steady1_13_0,init_to_steady1_14_0,init_to_steady1_15_0,steady1_0,steady1_1,steady1_2,steady1_3,steady1_4,steady1_5,steady1_6,steady1_7,steady1_8,steady1_9,steady1_10,steady1_11,steady1_12,steady1_13,steady1_14,steady1_15,steady1_16,steady1_17,steady1_18,steady1_19,steady1_20,steady1_21,steady1_22,steady1_23,steady1_24,steady1_25,steady1_26,steady1_27,steady1_28,steady1_29,steady1_30,steady1_31,steady1_32,steady1_33,steady1_34,steady1_35,steady1_36,steady1_37,steady1_38,steady1_39,steady1_40,steady1_41,steady1_42,steady1_43,steady1_44,steady1_45,steady1_46,steady1_47,steady1_48,steady1_49,steady1_50,steady1_51,steady1_52,steady1_53,steady1_54,steady1_55,steady1_56,steady1_57,steady1_58,steady1_59,steady1_60,steady1_61,steady1_62,steady1_63,steady1_64,steady1_65,steady1_66,steady1_67,steady1_68,steady1_69,steady1_70,steady1_71,steady1_72,steady1_73,steady1_74,steady1_75,steady1_76,steady1_77,steady1_78,steady1_79,steady1_80,steady1_81,steady1_82,steady1_83,steady1_84,steady1_85,steady1_86,steady1_87,steady1_88,steady1_89,steady1_90,steady1_91,steady1_92,steady1_93,steady1_94,steady1_95,steady1_96,steady1_97,steady1_98,steady1_99,steady1_100,steady1_101,steady1_102,steady1_103,steady1_104,steady1_105,steady1_106,steady1_107,steady1_108,steady1_109,steady1_110,steady1_111,steady1_112,steady1_113,steady1_114,steady1_115,steady1_116,steady1_117,steady1_118,steady1_119,steady1_120,steady1_121,steady1_122,steady1_123,steady1_124,steady1_125,steady1_126,steady1_127,steady1_128,steady1_129,steady1_130,steady1_131,steady1_132,steady1_133,steady1_134,steady1_135,steady1_136,steady1_137,steady1_138,steady1_139,steady1_140,steady1_141,steady1_142,steady1_143,steady1_144,steady1_145,steady1_146,steady1_147,steady1_148,steady1_149,steady1_150,steady1_151,steady1_152,steady1_153,steady1_154,steady1_155,steady1_156,steady1_157,steady1_158,steady1_159,steady1_160,steady1_161,steady1_162,steady1_163,steady1_164,steady1_165,steady1_166,steady1_167,steady1_168,steady1_169,steady1_170,steady1_171,steady1_172,steady1_173,steady1_174,steady1_175,steady1_176,steady1_177,steady1_178,steady1_179,steady1_180,steady1_181,steady1_182,steady1_183,steady1_184,steady1_185,steady1_186,steady1_187,steady1_188,steady1_189,steady1_190,steady1_191,steady1_192,steady1_193,steady1_194,steady1_195,steady1_196,steady1_197,steady1_198,steady1_199,steady1_200,steady1_201,steady1_202,steady1_203,steady1_204,steady1_205,steady1_206,steady1_207,steady1_208,steady1_209,steady1_210,steady1_211,steady1_212,steady1_213,steady1_214,steady1_215,steady1_216,steady1_217,steady1_218,steady1_219,steady1_220,steady1_221,steady1_222,steady1_223,steady1_224,steady1_225,steady1_226,steady1_227,steady1_228,steady1_229,steady1_230,steady1_231,steady1_232,steady1_233,steady1_234,steady1_235,steady1_236,steady1_237,steady1_238,steady1_239,steady1_240,steady1_241,steady1_242,steady1_243,steady1_244,steady1_245,steady1_246,steady1_247,steady1_248,steady1_249,steady1_250,steady1_251,steady1_252,steady1_253,steady1_254,steady1_255,steady1_256,steady1_257,steady1_258,steady1_259,steady1_260,steady1_261,steady1_262,steady1_263,steady1_264,steady1_265,steady1_266,steady1_267,steady1_268,steady1_269,steady1_270,steady1_271,steady1_272,steady1_273,steady1_274,steady1_275,steady1_276,steady1_277,steady1_278,steady1_279,steady1_280,steady1_281,steady1_282,steady1_283,steady1_284,steady1_285,steady1_286,steady1_287,steady1_288,steady1_289,steady1_290,steady1_291,steady1_292,steady1_293,steady1_294,steady1_295,steady1_296,steady1_297,steady1_298,steady1_299,steady1_300,steady1_301,steady1_302,steady1_303,steady1_304,steady1_305,steady1_306,steady1_307,steady1_308,steady1_309,steady1_310,steady1_311,steady1_312,steady1_313,steady1_314,steady1_315,steady1_316,steady1_317,steady1_318,steady1_319,steady1_320,steady1_321,steady1_322,steady1_323,steady1_324,steady1_325,steady1_326,steady1_327,steady1_328,steady1_329,steady1_330,steady1_331,steady1_332,steady1_333,steady1_334,steady1_335,steady1_336,steady1_337,steady1_338,steady1_339,steady1_340,steady1_341,steady1_342,steady1_343,steady1_344,steady1_345,steady1_346,steady1_347,steady1_348,steady1_349,steady1_350,steady1_351,steady1_352,steady1_353,steady1_354,steady1_355,steady1_356,steady1_357,steady1_358,steady1_359,steady1_360,steady1_361,steady1_362,steady1_363,steady1_364,steady1_365,steady1_366,steady1_367,steady1_368,steady1_369,steady1_370,steady1_371,steady1_372,steady1_373,steady1_374,steady1_375,steady1_376,steady1_377,steady1_378,steady1_379,steady1_380,steady1_381,steady1_382,steady1_383,steady1_384,steady1_385,steady1_386,steady1_387,steady1_388,steady1_389,steady1_390,steady1_391,steady1_392,steady1_393,steady1_394,steady1_395,steady1_396,steady1_397,steady1_398,steady1_399,steady1_400,steady1_401,steady1_402,steady1_403,steady1_404,steady1_405,steady1_406,steady1_407,steady1_408,steady1_409,steady1_410,steady1_411,steady1_412,steady1_413,steady1_414,steady1_415,steady1_416,steady1_417,steady1_418,steady1_419,steady1_420,steady1_421,steady1_422,steady1_423,steady1_424,steady1_425,steady1_426,steady1_427,steady1_428,steady1_429,steady1_430,steady1_431,steady1_432,steady1_433,steady1_434,steady1_435,steady1_436,steady1_437,steady1_438,steady1_439,steady1_440,steady1_441,steady1_442,steady1_443,steady1_444,steady1_445,steady1_446,steady1_447,steady1_448,steady1_449,steady1_450,steady1_451,steady1_452,steady1_453,steady1_454,steady1_455,steady1_456,steady1_457,steady1_458,steady1_459,steady1_460,steady1_461,steady1_462,steady1_463,steady1_464,steady1_465,steady1_466,steady1_467,steady1_468,steady1_469,steady1_470,steady1_471,steady1_472,steady1_473,steady1_474,steady1_475,steady1_476,steady1_477,steady1_478,steady1_479,steady1_480,steady1_481,steady1_482,steady1_483,steady1_484,steady1_485,steady1_486,steady1_487,steady1_488,steady1_489,steady1_490,steady1_491,steady1_492,steady1_493,steady1_494,steady1_495,steady1_496,steady1_497,steady1_498,steady1_499,steady1_500,steady1_501,steady1_502,steady1_503,steady1_504,steady1_505,steady1_506,steady1_507,steady1_508,steady1_509,steady1_510,steady1_511,steady1_512,steady1_513,steady1_514,steady1_515,steady1_516,steady1_517,steady1_518,steady1_519,steady1_520,steady1_521,steady1_522,steady1_523,steady1_524,steady1_525,steady1_526,steady1_527,steady1_528
x0,0,0,0,0,0,0,0,0,0,0,0,0,0,0,0,0,0,0,0,0,0,0,0,0,0,0,0,0,0,0,0,0,0,0,0,0,0,0,0,0,0,0,0,0,0,0,0,0,0,0,0,0,0,0,0,0,0,0,0,0,0,0,0,0,0,0,0,0,0,0,0,0,0,0,0,0,0,0,0,0,0,0,0,0,0,0,0,0,0,0,0,0,0,0,0,0,0,0,0,0,0,0,0,0,0,0,0,0,0,0,0,0,0,0,0,0,0,0,0,0,0,0,0,0,0,0,0,0,0,0,0,0,0,0,0,0,0,0,0,0,0,0,0,0,0,0,0,0,0,0,0,0,0,0,0,0,0,0,0,0,0,0,0,0,0,0,0,0,0,0,0,0,0,0,0,0,0,0,0,0,0,0,0,0,0,0,0,0,0,0,0,0,0,0,0,0,0,0,0,0,0,0,0,0,0,0,0,0,0,0,0,0,0,0,0,0,0,0,0,0,0,0,0,0,0,0,0,0,0,0,0,0,0,0,0,0,0,0,0,0,0,0,0,0,0,0,0,0,0,0,0,0,0,0,0,0,0,0,0,0,0,0,0,0,0,0,0,0,0,0,0,0,0,0,0,0,0,0,0,0,0,0,0,0,0,0,0,0,0,0,0,0,0,0,0,0,0,0,0,0,0,0,0,0,0,0,0,0,0,0,0,0,0,0,0,0,0,0,0,0,0,0,0,0,0,0,0,0,0,0,0,0,0,0,0,0,0,0,0,0,0,0,0,0,0,0,0,0,0,0,0,0,0,0,0,0,0,0,0,0,0,0,0,0,0,0,0,0,0,0,0,0,0,0,0,0,0,0,0,0,0,0,0,0,0,0,0,0,0,0,0,0,0,0,0,0,0,0,0,0,0,0,0,0,0,0,0,0,0,0,0,0,0,0,0,0,0,0,0,0,0,0,0,0,0,0,0,0,0,0,0,0,0,0,0,0,0,0,0,0,0,0,0,0,0,0,0,0,0,0,0,0,0,0,0,0,0,0,0,0,0,0,0,0,0,0,0,0,0,0,0,0,0,0,0,0,0,0,0,0,0,0,0,0,0,0,0,0,0,0,0,0,0,0,0,0,0,0,0,0,0,0,0,0,0,0,0,0,0,0,0,0,0,0,0,0,0,0,0,0,0,0,0,0,0,0,0,0,0,0,0,0,0,0,0,0,0,0,0,0,0,0,0,0,0,0,0,0,0,0,0,0,0,0,0,0,0,0,0,0,0,0,0,0,0,0,0,0,0,0,0,0,0,0,0,0,0,0,0,0,0,0,0,0,0,0,0,0,0,0,0,0,0,0,0,0,0,0,0,0,0,0,0,0,0,0,0,0,0,0,0,0,0,0,0,0,0,0,0,0,0,0,0,0,0,0,0,0,0,0,0,0,0,0,0,0,0,0,0,0,0,0,0,0,0,0,0,0,0,0,0,0,0,0,0,0,0,0,0,0,0,0,0,0,0,0,0,0,0,0,0,0,0,0,0,0,0,0,0,0,0,0,0,0,0,0,0,0,0,0,0,0,0,0,0,0,0,0,0,0,0,0,0,0,0,0,0,0,0,0,0,0,0,0,0,0,0,0,0,0,0,0,0,0,0,0,0,0,0,0,0,0,0,0,0,0,0,0,0,0,0,0,0,0,0,0,0,0,0,0,0,0,0,0,0,0,0,0,0,0,0,0,0,0,0,0,0,0,0,0,0,0,0,0,0,0,0,0,0,0,0,0,0,0,0,0,0,0,0,0,0,0,0,0,0,0,0,0,0,0,0,0,0,0,0,0,0,0,0,0,0,0,0,0,0,0,0,0,0,0,0,0,0,0,0,0,0,0,0,0,0,0,0,0,0,0,0,0,0
x1,4,0,0,0,1,0,0,0,1,0,0,0,0,0,0,1,1,0,0,0,0,3,1,2,0,1,0,0,1,0,1,0,0,1,0,0,0,0,1,1,1,0,0,0,1,0,0,0,0,5,1,0,1,0,1,0,0,0,0,1,0,0,0,1,2,0,2,1,0,1,0,1,0,0,0,2,2,1,0,0,4,0,1,0,0,1,1,0,0,0,0,0,0,1,2,1,1,1,0,1,0,0,0,0,0,0,1,1,0,1,1,0,1,1,0,0,0,0,5,0,0,0,0,0,0,0,0,6,0,0,0,0,0,0,0,0,0,1,0,0,0,2,0,1,0,0,0,0,0,0,2,10,0,0,0,2,0,0,0,0,0,1,0,0,1,0,0,0,1,0,0,0,0,0,0,5,0,0,1,0,0,0,0,0,0,1,0,0,0,3,0,1,0,0,0,0,0,0,0,0,1,0,0,1,1,0,0,0,2,0,3,0,1,0,1,0,1,0,0,0,0,0,0,0,0,0,0,0,0,2,1,0,0,0,0,0,0,0,0,0,0,2,1,1,0,2,0,0,0,0,0,0,1,0,0,0,0,1,0,0,1,0,0,0,0,0,0,0,0,7,0,0,0,0,1,0,0,0,0,1,0,0,0,0,0,0,0,0,0,0,1,0,2,1,0,0,0,0,0,0,0,0,1,1,2,0,0,0,0,0,0,0,0,3,0,0,0,1,0,0,0,0,0,0,6,0,0,0,0,0,0,0,0,1,3,0,0,3,0,0,0,0,1,0,0,0,0,0,1,1,1,0,0,1,2,0,0,0,0,0,2,0,0,0,0,0,0,0,2,0,3,0,0,0,0,0,0,0,0,0,0,5,2,0,0,0,0,0,0,0,0,0,2,0,1,0,0,0,0,0,0,0,1,0,0,0,1,0,0,0,1,0,0,0,0,2,0,0,0,0,0,0,0,0,0,0,0,0,0,0,0,1,0,0,0,0,0,0,2,0,0,0,0,2,0,0,2,5,0,0,0,0,0,1,0,0,0,0,0,0,0,0,3,0,0,0,0,1,2,0,0,0,0,0,0,0,1,0,0,0,0,0,1,0,0,3,3,0,0,0,0,1,0,2,2,0,0,0,0,0,0,0,0,2,0,0,0,0,0,0,0,0,0,0,0,0,1,0,0,0,0,0,0,1,0,0,0,0,0,0,0,0,0,0,0,0,1,0,5,0,0,1,0,0,0,0,0,0,0,0,0,0,0,0,0,0,0,0,0,0,1,0,0,0,0,0,0,0,0,0,0,2,0,1,0,0,0,0,0,0,0,0,0,0,1,0,0,0,0,1,0,0,0,0,0,0,0,0,0,6,4,0,10,1,0,3,0,0,0,0,0,0,0,1,1,0,0,2,1,0,0,0,0,0,0,0,2,1,0,0,0,0,0,1,0,0,0,1,0,0,0,0,1,0,0,0,0,1,0,1,10,0,0,0,0,0,0,0,0,0,2,1,7,0,0,1,2,1,2,0,0,1,0,0,0,0,0,1,1,0,0,0,0,0,0,0,4,0,0,0,0,0,0,0,0,0,0,0,0,2,0,0,1,0,2,1,0,0,0,0,1,0,0,0,1,0,0,0,0,0,4,0,0,0,0,0,0,0,0,0,0,0,0,0,0,0,0,0,1,0,2,0,0,0,0,0,0,0,1,0,0,0,7,0,0,0,0,0,0,0,0,0,0,0,0,2,0,0,0,0,0,0,0,0,0,0,1,0,1,3,0,0,0,0,2,0,0,0,0,0,0,0,1,11,0,1,2,1,0,2,0,0,0,0,0,0,0,1,0,1,0,1,0,1,0,0,0,0,0,0,0,2,0,0,3,0,0,0,0,2,0,4,1,0,0,0,0,0,0
x10,125,2,2,18,21,4,0,1,7,34,23,6,76,60,231,4,0,1,5,25,12,34,16,2,22,2,0,79,65,0,17,5,36,8,14,0,17,2,171,2,11,3,10,0,2,2,5,2,3,19,34,1,69,15,9,32,7,110,0,25,6,0,16,3,5,2,7,7,0,12,1,10,0,4,14,4,3,45,28,6,38,0,94,1,2,36,22,1,1,18,6,6,1,3,12,104,16,113,15,5,32,21,1,9,12,871,6,1529,4,2,3,2,68,3,0,4,15,0,8,8,10,411,247,0,22,4,0,486,10,136,3,82,0,3,6,182,0,13,0,16,56,54,25,8,1,10,9,0,17,6,36,14,9,2,3,26,0,15,7,0,6,60,2,453,5,39,0,2,5,1,0,61,1,2,5,12,340,4,14,2,71,0,0,173,2,36,1,0,0,14,1,3,3,3,6,11,0,32,0,6,35,57,16,8,2,0,30,2,6,0,8,2,5,6,6,0,1,0,0,2,82,5,4,2,25,5,59,0,4,4,13,11,4,1,0,3,250,6,4,7,18,6,8,381,1,8,0,101,11,0,1,0,2,1,0,18,6,707,65,4,35,1,0,2,0,1,33,0,25,8,16,27,1,0,10,8,16,14,1,48,4,2,15,12,1,3,32,16,3,3,27,83,2907,111,494,0,7,58,0,5,1,3,64,4,946,4,2,0,0,0,0,0,0,0,0,0,0,0,0,0,0,0,0,0,0,0,0,0,0,0,0,0,0,2,3,0,0,0,0,0,0,0,0,0,0,1,0,0,0,0,0,0,0,0,0,0,0,0,0,0,2,0,0,0,0,0,0,0,1,0,0,0,0,0,0,0,0,0,0,0,0,0,2,0,0,0,0,0,0,0,0,0,1,0,0,0,1,0,0,0,0,0,0,0,0,0,0,0,0,1,0,0,0,3,0,0,0,0,0,0,0,2,0,0,0,0,0,1,0,0,0,0,0,0,0,0,1,0,0,0,0,0,1,1,0,0,0,0,0,0,0,0,0,1,0,0,0,0,0,0,0,0,0,0,0,0,0,3,1,1,0,0,0,0,0,0,0,0,0,0,0,0,0,0,0,0,1,0,0,0,0,0,0,0,0,0,0,0,0,0,0,0,0,0,0,0,0,0,0,0,0,0,0,0,0,0,0,0,0,0,0,0,0,0,0,0,0,0,0,0,0,0,0,0,0,0,0,0,0,0,0,0,0,0,0,0,0,0,0,1,0,0,0,0,0,0,0,0,0,0,0,0,0,0,0,0,0,0,0,0,0,0,0,4,0,0,0,0,0,0,0,0,0,0,0,0,0,0,0,0,0,0,0,0,0,0,0,0,0,1,1,0,0,2,0,1,0,0,0,0,0,1,0,0,1,0,0,0,0,0,1,0,0,0,0,0,0,0,0,0,0,0,0,0,1,0,0,4,0,1,0,0,1,0,0,0,0,2,0,0,0,0,0,0,0,0,0,0,0,0,0,0,0,0,0,0,0,1,0,1,0,1,1,0,0,0,0,0,1,0,0,0,0,0,0,0,0,0,0,0,0,0,1,0,0,0,0,0,0,0,0,0,4,0,0,0,0,0,0,0,0,0,0,0,0,0,0,0,0,0,0,0,0,0,0,0,0,0,0,0,0,0,1,0,1,0,0,0,1,0,0,0,0,0,0,0,0,0,1,0,0,0,0,0,0,0,0,0,0,0,0,0,0,0,0,0,0,0,0,0,0,0,0,0,0,0,0,0,0,0,0,1,0,0,1,0,0,0,0,0,0,0,0,0,0,1,1,1,0,1,0,0,1,0,0,0,0,0,0,0,0,0,0,1,0,0,0,0,0,0,0,0,0,0,5,0,0,0,0,1,0,2,1,0,0,0,0,0,0
x11,0,0,0,0,0,0,0,0,0,0,0,0,0,0,0,0,0,0,0,0,0,0,0,0,0,0,0,0,0,0,0,0,0,0,0,0,0,0,0,0,0,0,0,0,0,0,0,0,0,0,0,0,0,0,0,0,0,0,0,0,0,0,0,0,0,0,0,0,0,0,0,0,0,0,0,0,0,0,0,0,0,0,0,0,0,0,0,0,0,0,0,0,0,0,0,0,0,0,0,0,0,0,0,0,0,0,0,0,0,0,0,0,0,0,0,0,0,0,0,0,0,0,0,0,0,0,0,0,0,0,0,0,0,0,0,0,0,0,0,0,0,0,0,0,0,0,0,0,0,0,0,0,0,0,0,0,0,0,0,0,0,0,0,0,0,0,0,0,0,0,0,0,0,0,0,0,0,0,0,0,0,0,0,0,0,0,0,0,0,0,0,0,0,0,0,0,0,0,0,0,0,0,0,0,0,0,0,0,0,0,0,0,0,0,0,0,0,0,0,0,0,0,0,0,0,0,0,0,0,0,0,0,0,0,0,0,0,0,0,0,0,0,0,0,0,0,0,0,0,0,0,0,0,0,0,0,0,0,0,0,0,0,0,0,0,0,0,0,0,0,0,0,0,0,0,0,0,0,0,0,0,0,0,0,0,0,0,0,0,0,0,0,0,0,0,0,0,0,0,0,0,0,0,0,0,0,0,0,0,0,0,0,0,0,0,0,0,0,0,0,0,0,0,0,0,0,0,0,0,0,0,0,0,0,0,0,0,0,0,0,0,0,0,0,0,0,0,0,0,0,0,0,0,0,0,0,0,0,0,0,2,0,0,0,0,0,0,0,0,0,0,0,0,0,0,0,0,0,0,0,0,0,0,0,0,0,0,0,0,0,0,0,0,0,0,0,0,0,0,0,0,0,0,0,0,0,0,0,0,0,0,0,0,0,0,0,0,0,0,0,0,0,0,0,0,0,0,0,0,0,0,0,0,0,0,0,0,0,0,0,0,0,0,0,0,0,0,0,0,0,0,0,0,0,0,0,0,0,0,0,0,0,0,0,0,0,0,0,0,0,0,0,0,0,0,0,0,0,0,0,0,0,0,0,0,0,0,0,0,0,0,0,0,0,0,0,0,0,0,0,0,0,0,0,0,0,0,0,0,0,0,0,0,0,0,0,0,0,0,0,0,0,0,0,0,0,0,0,0,0,0,0,0,0,0,0,0,0,0,0,0,0,0,0,0,0,0,0,0,0,0,0,0,0,0,0,0,0,0,0,0,0,0,0,0,0,0,0,0,0,0,0,0,0,0,0,0,0,0,0,0,0,0,0,0,0,0,0,0,0,0,0,0,0,0,0,0,0,0,0,0,0,0,0,0,0,0,0,0,0,0,0,0,0,0,0,0,0,0,0,0,0,0,0,0,0,0,0,0,0,0,0,0,0,0,0,0,0,0,0,0,0,0,0,0,0,0,0,0,0,0,0,0,0,0,0,0,0,0,0,0,0,0,0,0,0,0,0,0,0,0,0,0,0,0,0,0,0,0,0,0,0,0,0,0,0,0,0,0,0,0,0,0,0,0,0,0,0,0,0,0,0,0,0,0,0,0,0,0,0,0,0,0,0,0,0,0,0,0,0,0,0,0,0,0,0,0,0,0,0,0,0,0,0,0,0,0,0,0,0,0,0,0,0,0,0,0,0,0,0,0,0,0,0,0,0,0,0,0,0,0,0,0,0,0,0,0,0,0,0,0,0,0,0,0,0,0,0,0,0,0,0,0,0,0,0,0,0,0,0,0,0,0,0,0,0,0,0,0,0,0,0,0,0,0,0,0,0,0,0,0,0,0,0,0,0,0,0,0,0,0,0,0,0,0,0,0,0,0,0,0,0,0,0,0,0,0,0,0
x12,0,0,0,0,0,0,0,0,0,0,0,0,0,0,0,0,0,0,0,0,0,0,0,0,0,0,0,0,0,0,0,0,0,0,0,0,0,0,0,0,0,0,0,0,0,0,0,0,0,0,0,0,0,0,0,0,0,0,0,0,0,0,0,0,0,0,0,0,0,0,0,0,0,0,0,0,0,0,0,0,0,0,0,0,0,0,0,0,0,0,0,0,0,0,0,0,0,0,0,0,0,0,0,0,0,0,0,0,0,0,0,0,0,0,0,0,0,0,0,0,0,0,0,0,0,0,0,4,3,0,0,1,0,2,0,0,0,2,0,0,0,2,1,3,0,6,0,0,0,0,2,0,4,0,0,1,0,0,2,0,0,3,0,1,0,0,0,0,1,0,0,1,0,0,0,1,0,0,0,0,1,0,0,8,2,3,0,0,0,2,1,0,0,0,0,0,0,0,0,0,2,0,2,1,1,0,1,0,0,0,1,0,2,1,1,0,0,0,0,1,1,6,1,0,0,0,0,0,0,4,2,0,0,1,0,0,1,0,0,1,0,1,0,0,0,1,0,0,0,0,1,0,1,0,0,0,0,0,7,0,0,0,0,0,0,0,1,0,4,2,0,0,0,0,1,0,0,1,0,0,0,0,0,0,0,0,0,0,0,0,0,0,0,0,0,0,2,0,0,0,0,8,1,1,0,0,0,0,0,0,1,2,0,0,0,1,0,0,0,0,0,0,0,1,0,0,0,2,0,0,0,0,0,2,0,1,0,0,1,0,0,0,0,0,0,3,0,0,0,0,0,0,0,0,1,0,0,0,1,0,1,0,2,0,0,0,0,0,3,0,0,0,0,0,0,0,0,1,0,0,0,1,8,0,0,0,0,0,2,0,0,0,0,0,0,0,1,0,0,0,0,0,1,0,0,0,0,0,0,1,2,2,0,4,0,2,0,0,0,0,0,1,0,0,1,0,0,1,0,0,0,1,0,0,0,3,3,0,3,0,1,0,0,1,0,0,0,0,0,0,0,1,0,0,0,0,0,0,0,0,1,0,0,0,0,0,0,2,4,1,0,0,1,0,3,0,0,0,0,0,0,0,0,0,0,3,1,0,0,0,0,0,0,0,0,0,0,0,0,0,0,0,0,4,0,0,0,0,0,0,0,0,0,0,0,0,0,1,0,0,0,0,0,1,0,0,0,0,0,0,0,0,0,1,0,0,0,0,1,0,0,0,0,0,0,0,0,0,0,0,0,0,3,0,0,2,0,0,0,0,5,0,0,1,0,0,0,0,0,0,0,0,0,1,0,0,0,0,0,0,0,0,0,0,2,0,0,0,0,1,1,0,0,0,2,0,3,0,0,4,4,0,7,1,0,3,0,0,0,0,5,0,0,4,0,2,0,1,0,0,0,1,0,0,0,0,1,2,0,0,0,0,0,1,1,0,0,0,1,0,0,0,0,0,0,0,0,1,0,1,0,0,0,0,0,0,0,0,0,0,0,0,0,0,0,0,0,1,9,0,3,0,0,0,0,0,0,0,0,0,0,0,1,0,0,0,0,0,2,1,0,0,2,0,0,0,0,0,1,2,0,0,2,0,0,0,0,0,0,0,2,1,0,0,0,0,0,0,0,0,1,0,0,0,0,0,0,0,0,0,0,0,0,0,2,1,0,0,0,0,1,0,0,1,0,0,0,0,1,0,0,0,6,0,0,0,0,0,1,0,0,0,0,0,0,0,0,0,0,0,0,0,0,0,0,0,2,0,0,1,0,0,0,0,2,0,0,0,0,0,0,0,0,2,0,3,6,2,0,0,0,0,0,0,0,0,0,3,0,12,0,1,1,1,0,0,0,0,0,0,0,3,0,0,11,0,2,0,1,1,0,2,0,0,0,0,1,0,1
x13,10,0,0,79,2,0,0,0,1,6,0,1,12,185,1,2,10,0,192,1,1,6,2,154,16,13,0,122,0,4,1,7,0,8,63,0,2,0,1002,9,21,60,6,0,5,23,31,2,2,69,4,0,1,2,12,18,14,6,1,3,0,0,0,0,87,0,2,16,1,5,12,4,0,2,24,20,3,1,2,8,8,0,39,8,2,1,4,53,1,5,3,1,4,0,0,2,3,38,0,15,0,31,0,1,2,0,5,0,2,95,42,16,16,0,0,149,7,0,1,17,34,564,3,3,9,1,0,10,8,5,6,0,1,179,0,1,2,9,3,0,1,1,45,3,0,1,0,7,0,11,98,3,78,1,0,43,4,21,17,2,4,29,6,0,7,0,5,4,2,1,0,14,0,1,0,82,30,5,1,55,65,0,0,17,15,2605,0,0,0,12,0,0,0,9,14,8,0,6,0,115,22,0,0,0,3,0,32,0,108,0,2,0,185,0,4,1,19,0,0,3,0,75,2,0,70,10,0,0,0,1,360,0,0,0,1,0,1,0,0,25,6,31,4,53,8,47,75,0,22,0,10,0,9,0,0,0,5,0,4,949,1,1,0,5,0,0,1,1,5,14,6,19,6,1,1,0,0,11,0,31,0,10,0,0,3,29,0,1,21,6,3,8,0,41,3,1,6,0,0,5,52,8,42,1,30,18,1,0,6,38,13,0,4,144,1,376,5,5,1,0,0,0,0,4,5,1,1,9,1,6,1,1,13,30,42,29,0,4,13,2,8,0,0,0,0,1,47,1,5,2,0,79,0,0,23,12,0,1,0,10,21,6,10,1,1,1,0,0,104,0,15,30,7,11,1,0,1,16,1,1,0,439,68,4,1,1,1,7,93,0,1,1,2,0,0,8,68,10,0,2,0,0,7,4,12,0,7,5,16,29,9,0,0,1233,10,2,0,3,1,0,0,450,2,0,5,0,0,78,4,0,119,8,0,0,8,0,1,0,9,4,34,0,24,57,4,71,22,73,3,1,0,62,78,3,1,0,0,1,0,9,5,0,11,1,0,3,9,2,246,62,0,0,44,9,55,2,4,4,11,0,0,14,0,1,53,153,205,6,10,28,0,8,13,18,34,2,12,3,0,0,1,0,0,6,2,0,0,1,0,1,0,0,0,2,8,26,22,64,50,2,7,1,5,117,175,0,53,24,1,0,0,27,1,0,0,2,0,9,50,0,4,1,0,0,0,6,0,0,0,44,10,0,48,2,5,30,0,1,1,8,11,2,9,2,0,0,1,0,0,38,0,0,2,11,1,0,16,2,15,16,2,0,0,0,2,9,13,0,0,7,9,10,3,0,32,0,11,0,0,156,6,0,2,6,0,11,6,36,8,0,0,124,0,119,9,0,26,35,2,7,83,0,10,1,1,1,1,2,0,0,3,1,0,41,6,1,13,65,30,0,50,0,0,1,1,0,0,26,8,137,0,1,87,1,0,42,1,0,8,0,18,1,74,3,0,14,8,0,4,4,2,5,3,0,15,1,46,9,2,866,24,2,17,1,3,15,14,2,7,1,0,25,0,1,1,27,4,3,8,4,4,2,12,61,7,4,4,1,1,3,2,176,0,0,19,0,2,6,68,5,8,1,1,2,5,145,3,7,1,0,6,0,0,0,0,0,3,0,1,0,130,121,0,857,22,6,2,11,14,0,0,27,2,4,1,4,0,1,0,0,0,0,629,18,1,0,3,0,8,1,7,2,14,20,2,1,4,26,0,0,22,4,1,0,30,2,42,4,27,3,3,1,284,9,8,308,2,8,0,25,5,2,1,0,3,0,2,0,1,323,52,1,0,0,2,14,1,15,0,15,0,4,3,5,34,0,2,0,0,3,0,93,6,11,2,18,16,33,3
x14,78,865,79,9,25,1,1,1,887,35,5,21,208,569,6,3,2,1,11,71,261,54,8,9,44,3,4,53,20,3,56,50,5,18,42,1,5,145,104,44,18,4,18,115,2,14,13,6,6,443,10,2,6,2,67,141,17,42,2,8,50,3,14,10,86,140,9,685,0,183,7,11,2,9,667,10,21,20,61,5,176,8,11,12,18,206,40,13,21,132,16,465,15,4,15,55,377,80,5,49,12,15,0,41,1,1,29,2,13,6,1231,6,62,5,1,25,1568,3,304,48,7,6,5,6,11,15,0,47,6,57,1,27,4,40,1,12,1,136,6,25,11,75,24,272,1,32,1,3,16,7,70,29,12,3,2,33,0,123,90,101,6,132,14,12,14,80,64,0,344,9,2,9,2,28,1,83,692,5,56,42,247,1,2,44,54,67,222,1,9,79,1,3,0,83,7,29,0,17,0,124,49,1,8,6,29,0,30,7,2337,43,113,5,32,6,60,70,64,6,0,55,28,43,133,47,293,20,45,0,34,9,17,26,26,3,17,15,1,1,7,120,26,41,44,12,15,52,3,1,209,678,4,1,11,3,2,3,3,8,19,10,6,19,5,807,6,9,971,0,121,14,3,81,1,8,15,1,14,67,1,13,1,2,2,24,0,24,223,0,35,5,106,88,191,98,22,5,13,135,5,31,15,7,268,11,2474,36,25,0,5,3,3,10,9,13,6,81,29,13,12,0,7,19,0,12,28,3,38,414,1,5,1,4,3,262,72,4,0,5,16,806,2,57,2,2,0,4,2,11,25,15,57,108,1,4,15,2,33,19,7,3,14,8,2,4,9,0,6,4,77,43,39,25,122,12,129,292,2,5,3,1,1,23,53,2,5,2,18,91,31,2,2,24,8,35,3,7,16,67,1,284,4,17,24,5,6,28,9,0,0,10,7,30,6,32,1,4,0,6,13,2,4,113,8,0,16,1,0,34,1,0,3,10,86,4,5,6,9,5,24,12,5,5,13,9,5,44,70,97,27,17,2,9,33,11,1,0,4,8,12,2,14,1,59,1,0,39,2,192,122,8,3,1,17,3,37,0,34,12,24,28,8,10,24,32,5,32,91,0,6,42,2,3,123,20,80,1,22,34,1,0,3,9,4,10,60,0,6,21,2,7,1,5,1,5,7,1,2,223,87,11,6,3,16,26,5,2,83,19,2,11,2,3,22,1308,4,2,173,22,21,3,0,250,3,2,102,158,1,2,60,7,10,7,84,25,174,177,8,3,7,2,98,1,4,48,3,2,3,0,10,19,15,83,1,51,1,30,30,2,45,19,4,4,2,8,8,2,24,1,9,47,18,4,215,9,7,3,40,6,6,20,83,44,161,673,1,177,1136,6,4,0,9,21,6,33,16,48,7,14,3,1,196,2,1,0,8,23,78,13,1,34,36,10,6,20,15,8,5,24,3,6,9,5,29,1,65,3,39,12,18,7,43,5,89,3,1,19,8,15,21,47,741,23,5,2,18,7,49,148,51,33,5,11,22,4,17,38,3,38,23,94,10,19,14,9,8,52,3,26,109,3,88,1,19,0,2,4,3,15,20,30,15,7,175,4,10,296,2,34,9,0,6,7,4,249,32,4,11,7,48,17,2881,13,1,3,0,9,2,1,1,20,14,1,21,4,394,7,5,4,14,1,21,3,0,80,8,10,39,0,232,0,9,45,21,13,8,20,1,18,6,3,107,33,4,5,8,60,9,2,1,1,1,3,9,4,32,20,32,33,15,51,38,79,3,2,7,81,3,1,128,7,1,671,22,2254,8,10,40,102,1,77,23,21,16,1,3,1,4,8,3,199,75,30,5,10,10,3,3,11,1,7,19,18,25,2,21,1851,34,5,3,64,4,38,42,13,54,5,21,2,19
x15,0,0,0,0,0,0,0,0,0,0,0,0,0,0,0,0,0,0,0,0,0,0,0,0,0,0,0,0,0,0,0,0,0,0,0,0,0,0,0,0,0,0,0,0,0,0,0,0,0,0,0,0,0,0,0,0,0,0,0,0,0,0,0,0,0,0,0,0,0,0,0,0,0,0,0,0,0,0,0,0,0,0,0,0,0,0,0,0,0,0,0,0,0,0,0,0,0,0,0,0,0,0,0,0,0,0,0,0,0,0,0,0,0,0,0,0,0,0,0,0,0,0,0,0,0,0,0,0,0,0,0,0,0,0,0,0,0,0,0,0,0,0,0,0,0,0,0,0,0,0,0,0,0,0,0,0,0,0,0,0,0,0,0,0,0,0,0,0,0,0,0,0,0,0,0,0,0,0,0,0,0,0,0,0,0,0,0,0,0,0,0,0,0,0,0,0,0,0,0,0,0,0,0,0,0,0,0,0,0,0,0,0,0,0,0,0,0,0,0,0,0,0,0,0,0,0,0,0,0,0,0,0,0,0,0,0,0,0,0,0,0,0,0,0,0,0,0,0,0,0,0,0,0,0,0,0,0,0,0,0,0,0,0,0,0,0,0,0,0,0,0,0,0,0,0,0,0,0,0,0,0,0,0,0,0,0,0,0,0,0,0,0,0,0,0,0,0,0,0,0,0,0,0,0,0,0,0,0,0,0,0,0,0,1,0,0,0,0,0,0,0,0,0,0,3,0,0,2,0,0,0,0,0,1,0,0,0,0,1,0,0,0,0,0,0,0,0,0,0,0,0,0,0,0,0,0,0,0,0,0,2,0,0,0,0,0,0,0,1,0,0,0,0,0,0,0,0,0,0,0,0,0,0,0,0,0,0,0,0,0,0,0,0,0,0,0,0,0,0,0,0,0,1,0,0,0,0,0,0,0,0,0,0,0,0,0,0,0,0,0,0,0,0,0,0,0,0,0,0,0,0,0,0,0,0,0,1,0,0,0,0,0,0,0,0,0,0,7,0,0,0,0,0,0,0,0,0,0,0,0,0,0,0,0,0,0,0,0,0,0,0,0,2,0,1,0,0,0,0,0,0,0,0,0,0,0,1,0,0,0,0,0,0,0,2,0,0,0,0,0,0,0,0,0,0,0,0,0,0,0,0,0,0,0,0,0,0,0,0,0,0,0,0,0,1,0,0,0,0,0,0,0,0,0,0,0,0,0,1,0,0,0,0,0,0,0,0,0,0,0,0,0,3,0,0,3,0,0,0,0,0,0,0,10,0,0,0,0,0,0,0,0,0,1,0,0,0,0,0,0,0,0,0,0,0,0,0,0,0,0,0,0,0,0,0,0,0,0,0,0,0,0,0,0,0,0,0,0,0,0,0,0,0,0,0,0,0,0,0,0,0,0,0,0,0,0,0,0,0,0,1,0,1,0,0,0,0,0,0,0,0,0,0,0,0,0,0,0,0,0,0,0,0,0,0,0,0,0,0,0,1,0,1,0,0,0,0,0,1,0,0,0,0,0,0,0,0,0,1,0,0,0,0,0,0,0,0,0,0,0,0,0,2,0,0,0,0,0,0,1,0,0,4,0,1,0,0,0,0,0,0,0,0,0,0,0,0,0,0,0,1,0,0,0,0,0,0,0,0,0,0,0,0,0,0,0,0,0,0,0,4,0,0,0,0,0,0,0,0,0,0,0,1,0,0,0,0,0,0,0,0,0,0,0,0,0,0,0,0,0,0,0,0,0,0,0,0,0,0,0,0,0,0,0,0,0,0,0,0,0,0,0,1,1,0,1,0,0,0,0,0,0,0,0,0,0,0,0,0,0,0,1,0,1,0,0,0,0,0,0,0,0,0,0,3,0,0,0,0,3,0,0,0,0,0,0,0,0,0
x16,0,0,0,0,0,0,0,0,0,0,0,0,0,0,0,0,0,0,0,0,0,0,0,0,0,0,0,0,0,0,0,0,0,0,0,0,0,0,0,0,0,0,0,0,0,0,0,0,0,0,0,0,0,0,0,0,0,0,0,0,0,0,0,0,0,0,0,0,0,0,0,0,0,0,0,0,0,0,0,0,0,0,0,0,0,0,0,0,0,0,0,0,0,0,0,0,0,0,0,0,0,0,0,0,0,0,0,0,0,0,0,0,0,0,0,0,0,0,0,0,0,0,0,0,0,0,0,0,0,0,0,0,0,0,0,0,0,0,0,0,0,0,0,0,0,0,0,0,0,0,0,0,0,0,0,0,0,0,0,0,0,0,0,6,1,0,0,6,0,1,0,2,0,0,0,0,8,1,1,0,33,0,0,14,5,4,0,0,0,1,0,0,0,5,8,7,0,8,0,0,0,0,0,1,6,0,5,0,1,0,1,0,5,0,0,1,15,0,0,0,1,14,10,3,0,0,3,0,0,0,4,0,0,4,0,0,1,0,0,5,0,65,0,2,2,0,0,0,0,1,1,0,9,0,0,0,6,6,3,1,0,0,0,1,0,0,8,0,29,2,1,0,1,0,1,1,9,2,0,1,1,0,0,0,0,0,1,0,0,6,0,1,11,1,0,0,0,20,1,1,0,0,15,6,27,13,0,0,0,1,0,5,0,12,5,12,1,10,0,0,2,1,0,0,2,1,2,14,0,6,0,0,14,3,0,8,0,1,7,1,0,0,0,0,0,0,0,3,0,1,0,13,0,1,0,0,1,1,0,0,0,1,0,0,0,0,0,0,39,12,6,1,0,2,1,1,2,0,1,0,1,19,5,0,0,0,2,0,29,0,0,0,0,0,0,7,2,7,0,3,5,0,26,0,0,1,0,1,0,2,23,1,0,2,0,12,0,0,1,0,1,2,6,0,1,0,1,3,0,0,8,175,1,2,1,2,6,1,3,0,0,0,1,0,0,7,1,0,0,0,0,1,0,0,0,4,0,0,4,0,1,0,4,2,0,0,0,2,4,11,1,0,26,0,5,0,2,1,6,0,0,4,0,6,1,14,1,0,0,0,0,3,3,1,8,0,0,1,0,0,0,0,7,81,3,1,0,0,0,2,1,0,0,2,8,1,0,4,12,0,0,0,0,11,0,0,0,0,1,0,0,1,0,0,0,0,0,4,0,0,0,1,2,1,1,3,0,0,3,4,1,0,3,0,2,14,0,0,0,0,29,0,0,0,0,0,0,0,1,1,0,0,0,17,0,3,0,0,1,0,0,0,0,0,3,1,0,0,0,23,0,1,14,0,3,0,15,1,2,14,5,0,5,3,0,1,0,3,0,0,7,2,0,2,1,5,0,2,0,0,3,2,0,0,0,0,3,1,1,1,0,2,1,0,2,2,0,25,1,1,0,0,2,0,2,0,2,1,0,15,1,7,1,1,0,0,2,0,6,0,1,0,0,0,0,0,3,14,12,1,34,7,2,1,4,2,1,0,0,15,0,12,9,2,0,0,4,0,6,2,1,1,27,0,0,2,1,33,2,70,5,5,5,1,34,24,0,0,0,0,0,0,2,0,2,1,0,0,19,0,13,0,0,2,0,0,0,0,1,0,0,0,38,0,11,3,0,0,21,0,7,10,1,3,0,0,16,5,2,1,7,4,2,0,12,0,0,0,2,0,0,2,3,1,0,1,2,1,0,0,0,12,5,1,10,2,8,0,1,6,0,2,0,1,0,0,0,1,0,14,0,3,210,1,2,0,34,10,0,4,0,9,0,0,0,0,0,1,0,4,4,26,0,5,1,0,2,1,0,1,0,1,7,0,8,0,2,0,1,2,0,8,10,0,4,8,0,0,0
x17,0,0,0,0,0,0,0,0,0,0,0,0,0,0,0,0,0,0,0,0,0,0,0,0,0,0,0,0,0,0,0,0,0,0,0,0,0,0,0,0,0,0,0,0,0,0,0,0,0,0,0,0,0,0,0,0,0,0,0,0,0,0,0,0,0,0,0,0,0,0,0,0,0,0,0,0,0,0,0,0,0,0,0,0,0,0,0,0,0,0,0,0,0,0,0,0,0,0,0,0,0,0,0,0,0,0,0,0,0,0,0,0,0,0,0,0,0,0,0,0,0,0,0,0,0,0,0,0,0,0,0,0,0,0,0,0,0,0,0,0,0,0,0,0,0,0,0,0,0,0,0,0,0,0,0,0,0,0,0,0,0,0,0,0,0,0,0,0,0,0,0,0,0,0,0,0,0,0,0,0,0,0,0,0,0,0,0,0,0,0,0,0,0,0,0,0,0,0,0,0,0,0,0,0,0,0,0,0,0,0,0,0,0,0,0,0,0,0,0,0,0,0,0,0,0,0,0,0,0,0,0,0,0,0,0,0,0,0,0,0,0,0,0,0,0,0,0,0,0,0,0,0,0,0,0,0,0,0,0,0,0,0,0,0,0,0,0,0,0,0,0,0,0,0,0,0,0,0,0,0,0,0,0,0,0,0,0,0,0,0,0,0,0,0,0,0,0,0,0,0,0,0,0,0,0,0,0,0,0,0,0,0,0,0,0,0,0,0,0,0,0,0,0,0,0,0,0,0,0,0,0,0,0,0,0,0,0,0,0,0,0,0,0,0,0,0,0,0,0,0,0,0,0,0,0,0,0,0,0,0,0,0,0,0,0,0,0,0,0,0,0,0,0,0,0,0,0,0,0,0,0,0,0,0,0,0,0,0,0,0,0,0,0,0,0,0,0,0,0,0,0,0,0,0,0,0,0,0,0,0,0,0,0,0,0,0,0,0,0,0,0,0,0,0,0,0,0,0,0,0,0,0,0,0,0,0,0,0,0,0,0,0,0,0,0,0,0,0,0,0,0,0,0,0,0,0,0,0,0,0,0,0,0,0,0,0,0,0,0,0,0,0,0,0,0,0,0,0,0,0,0,0,0,0,0,0,0,0,0,0,0,0,0,0,0,0,0,0,0,0,0,0,0,0,0,0,0,0,0,0,0,0,0,0,0,0,0,0,0,0,0,0,0,0,0,0,0,0,0,0,0,0,0,0,0,0,0,0,0,0,0,0,0,0,0,0,0,0,0,0,0,0,0,0,0,0,0,0,0,0,0,0,0,0,0,0,0,0,0,0,0,0,0,0,0,0,0,0,0,0,0,0,0,0,0,0,0,0,0,0,0,0,0,0,0,0,0,0,0,0,0,0,0,0,0,0,0,0,0,0,0,0,0,0,0,0,0,0,0,0,0,0,0,0,0,0,0,0,0,0,0,0,0,0,0,0,0,0,0,0,0,0,0,0,0,0,0,0,0,0,0,0,0,0,0,0,0,0,0,0,0,0,0,0,0,0,0,0,0,0,0,0,0,0,0,0,0,0,0,0,0,0,0,0,0,0,0,0,0,0,0,0,0,0,0,0,0,0,0,0,0,0,0,0,0,0,0,0,0,0,0,0,0,0,0,0,0,0,0,0,0,0,0,0,0,0,0,0,0,0,0,0,0,0,0,0,0,0,0,0,0,0,0,0,0,0,0,0,0,0,0,0,0,0,0,0,0,0,0,0,0,0,0,0,0,0,0,0,0,0,0,0,0,0,0,0,0,0,0,0,0,0,0,0,0,0,0,0,0,0,0,0,0,0,0,0,0,0,0,0,0,0,0,0,0,0,0,0,0,0,0,0,0,0,0,0,0,0,0,0,0,0,0,0,0,0,0,0,0,0,0,0,0,0,0,0,0,0,0
x18,0,0,0,0,0,0,0,0,0,0,0,0,0,0,0,0,0,0,0,0,0,0,0,0,0,0,0,0,0,0,0,0,0,0,0,0,0,0,0,0,0,0,0,0,0,0,0,0,0,0,0,0,0,0,0,0,0,0,0,0,0,0,0,0,0,0,0,0,0,0,0,0,0,0,0,0,0,0,0,0,0,0,0,0,0,0,0,0,0,0,0,0,0,0,0,0,0,0,0,0,0,0,0,0,0,0,0,0,0,0,0,0,0,0,0,0,0,0,0,0,0,0,0,0,0,0,0,0,0,0,0,0,0,0,0,0,0,0,0,0,0,0,0,0,0,0,0,0,0,0,0,0,0,0,0,0,0,0,0,0,0,0,0,0,0,0,0,0,0,0,0,0,0,0,0,0,0,0,0,0,0,0,0,0,0,0,0,0,0,0,0,0,0,0,0,0,0,0,0,0,0,0,0,0,0,0,0,0,0,0,0,0,0,0,0,0,0,0,0,0,0,0,0,0,0,0,0,0,0,0,0,0,0,0,0,0,0,0,0,0,0,0,0,0,0,0,0,0,0,0,0,0,0,0,0,0,0,0,0,0,0,0,0,0,0,0,0,0,0,0,0,0,0,0,0,0,0,0,0,0,0,0,0,0,0,0,0,0,0,0,0,0,0,0,0,0,0,0,0,0,0,0,0,0,0,0,0,0,5,0,2,24,2,1,4,14,0,7,0,0,0,2,0,3,2,9,0,86,0,1,0,1,2,9,2,7,0,8,8,0,0,3,5,0,0,3,0,1,4,0,3,12,2,1,8,0,0,1,1,0,1,0,0,0,1,0,0,1,256,1,37,0,1,2,0,1,0,7,0,0,0,13,4,2,0,0,0,0,2,3,0,0,1,0,1,4,12,6,0,1,2,0,0,0,0,1,1,0,3,14,4,5,13,15,1,3,0,0,10,2,2,8,0,0,0,1,0,44,0,0,1,15,1,0,0,1,0,0,190,0,0,0,1,10,0,0,2,0,0,6,0,3,1,2,0,0,0,0,0,0,1,0,19,0,0,19,0,2,53,12,0,0,2,2,0,0,1,0,2,0,1,7,2,3,0,2,4,0,0,1,0,4,1,0,27,0,0,0,0,0,0,0,0,5,1,1,1,0,0,0,0,0,0,0,0,0,2,4,118,0,8,0,4,2,5,2,5,4,2,1,1,1,0,3,1,0,9,1,3,0,0,4,10,0,0,1,1,5,1,18,2,1,3,0,0,1,33,0,0,0,0,0,4,15,0,0,5,2,0,0,0,2,0,6,0,0,0,3,1,11,1,0,2,0,14,0,0,1,0,11,0,1,3,0,0,0,25,0,1,0,4,0,6,12,0,2,0,4,1,2,1,2,0,10,3,5,1,0,0,0,1,3,0,1,0,0,8,8,0,0,2,0,1,5,0,0,1,53,13,1,1,3,2,0,0,1,0,4,0,24,6,0,1,4,0,4,0,0,0,0,24,4,7,0,0,1,15,2,2,2,6,6,4,0,0,0,2,2,0,5,2,2,1,5,3,1,0,0,0,1,0,0,11,0,1,1,0,4,0,3,2,0,22,1,1,2,1,2,0,0,0,10,0,0,2,2,0,0,4,1,12,11,1,0,1,1,0,0,0,4,0,0,2,0,1,0,0,0,11,0,33,0,0,2,2,1,1,0,4,1,0,0,4,0,0,2,0,0,1,0,0,1,1,1,3,0,6,5,0,0,0,2,0,2,22,0,21,20,0,6,6,3,0,0,4,0,0,0,5,8,0,5,3,82,1,1,3,8,0,7,0,1,7,1,0,1,8,1,3,3,3,31,4,5,0,3,4,0,0,0,2,6,2,2,1,1,0,0,4,0,0,3,6,2,4,0,2,0,2
x19,0,0,0,0,0,0,0,0,0,0,0,0,0,0,0,0,0,0,0,0,0,0,0,0,0,0,0,0,0,0,0,0,0,0,0,0,0,0,0,0,0,0,0,0,0,0,0,0,0,0,0,0,0,0,0,0,0,0,0,0,0,0,0,0,0,0,0,0,0,0,0,0,0,0,0,0,0,0,0,0,0,0,0,0,0,0,0,0,0,0,0,0,0,0,0,0,0,0,0,0,0,0,0,0,0,0,0,0,0,0,0,0,0,0,0,0,0,0,0,0,0,0,0,0,0,0,0,0,0,0,0,0,0,0,0,0,0,0,0,0,0,0,0,0,0,0,0,0,0,0,0,0,0,0,0,0,0,0,0,0,0,0,0,0,0,0,0,0,0,0,0,0,0,0,0,0,0,0,0,0,0,0,0,0,0,0,0,0,0,0,0,0,0,0,0,0,0,0,0,0,0,0,0,0,0,0,0,0,0,0,0,0,0,0,0,0,0,0,0,0,0,0,0,0,0,0,0,0,0,0,0,0,0,0,0,0,0,0,0,0,0,0,0,0,0,0,0,0,0,0,0,0,0,0,0,0,0,0,0,0,0,0,0,0,0,0,0,0,0,0,0,0,0,0,0,0,0,0,0,0,0,0,0,0,0,0,0,0,0,0,0,0,0,0,0,0,0,0,0,0,0,0,0,0,0,0,0,1,19,0,14,2,42,196,0,0,1,4,0,0,1,4,0,0,3,0,0,159,2,0,0,3,1,234,11,42,10,0,1,1,0,1,0,2,0,85,0,0,29,3,6,25,9,1,4,2,1,1,4,0,5,0,0,8,0,0,7,0,62,11,233,0,16,8,0,1,0,0,40,0,28,106,1,0,1,26,5,0,0,1,41,2,0,0,3,0,13,0,1,8,14,0,0,1,0,1,5,0,4,15,48,2,5,10,0,14,0,9,6,0,0,143,0,3,8,3,0,0,5,0,0,3,16,0,0,1,16,3,46,1,2,0,1,6,9,20,7,27,2,0,0,6,3,1,0,0,0,0,0,0,4,0,62,0,0,89,2,10,1,1,1,0,205,2,65,0,0,0,4,11,1,14,0,0,7,0,192,0,2,0,1,11,0,114,19,1,14,4,0,0,0,9,3,29,47,0,0,0,0,5,0,0,0,0,0,41,9,2,6,2,42,9,7,4,12,0,6,15,0,0,2,1,0,7,0,0,25,64,1,0,0,0,0,0,7,38,2,5,1,26,3,8,6,0,1,13,8,0,19,3,40,1,0,2,0,1,4,0,3,2,3,1,4,152,2,2,1,1,1,5,1,0,0,0,0,6,6,3,0,77,0,5,2,13,2,1,75,3,5,2,45,0,2,18,0,27,0,296,7,0,7,9,0,1,27,0,1,19,0,0,0,109,0,0,0,0,6,44,1,6,0,35,37,0,6,0,1,98,0,4,0,0,11,0,3,0,0,3,0,20,0,0,0,0,0,5,0,0,0,4,2,44,11,6,0,1,4,23,48,2,5,0,53,0,22,0,12,0,2,2,6,41,0,0,1,1,14,0,0,0,1,0,1,0,79,3,0,8,12,3,1,0,5,1,17,15,0,0,4,0,2,2,1,1,2,1,0,6,468,10,8,31,0,0,0,11,0,0,2,0,0,0,4,0,15,3,14,1,3,4,10,0,1,174,0,3,0,0,65,0,1,0,20,4,22,9,5,2,6,6,0,0,33,2,1,0,1,0,1,0,1,2,1,0,9,34,5,0,1,29,5,75,1,0,11,0,0,9,0,2,5,2,2,0,0,283,16,17,0,53,1,2,1,6,0,1,1,0,24,1,4,2,5,12,3,0,0,0,0,3,61,1,0,2,173,2,4,0,36,37,4,2,5,19,4,2,15,7,1
x2,0,0,0,0,0,0,0,0,0,0,0,0,0,0,0,0,0,0,0,0,0,0,0,0,0,0,0,0,0,0,0,0,0,0,0,0,0,0,0,0,0,0,0,0,0,0,0,0,0,0,0,0,0,0,0,0,0,0,0,0,0,0,0,0,0,0,0,0,0,0,0,0,0,0,0,0,0,0,0,0,0,0,0,0,0,0,0,0,0,0,0,0,0,0,0,0,0,0,0,0,0,0,0,0,0,0,0,0,0,0,0,0,0,0,0,0,0,0,0,0,0,0,0,0,0,0,0,0,0,0,0,0,0,0,0,0,0,0,0,0,0,0,0,0,0,0,0,0,0,0,0,0,0,0,0,0,0,0,0,0,0,0,0,0,0,0,0,0,0,0,0,0,0,0,0,0,0,0,0,0,0,0,0,0,0,0,0,0,0,0,0,0,0,0,0,0,0,0,0,0,0,0,0,0,0,0,0,0,0,0,0,0,0,0,0,0,0,0,0,0,0,0,0,0,0,0,0,0,0,0,0,0,0,0,0,0,0,0,0,0,0,0,0,0,0,0,0,0,0,0,0,0,0,0,0,0,0,0,0,0,0,0,0,0,0,0,0,0,0,0,0,0,0,0,0,0,0,0,0,0,0,0,0,0,0,0,0,0,0,0,0,0,0,0,0,0,0,0,0,0,0,0,0,0,0,0,0,0,0,0,0,0,0,0,0,0,0,0,0,0,0,0,0,0,0,0,0,0,0,0,0,0,0,0,0,0,0,0,0,0,0,0,0,0,0,0,0,0,0,0,0,0,0,0,0,0,0,0,0,0,0,0,0,0,0,0,0,0,0,0,0,0,0,0,0,0,0,0,0,0,0,0,0,0,0,0,0,0,0,0,0,0,0,0,0,0,0,0,0,0,0,0,0,0,0,0,0,0,0,0,0,0,0,0,0,0,0,0,0,0,0,0,0,0,0,0,0,0,0,0,0,0,0,0,0,0,0,0,0,0,0,0,0,0,0,0,0,0,0,0,0,0,0,0,0,0,0,0,0,0,0,0,0,0,0,0,0,0,0,0,0,0,0,0,0,0,0,0,0,0,0,0,0,0,0,0,0,0,0,0,0,0,0,0,0,0,0,0,0,0,0,0,0,0,0,0,0,0,0,0,0,0,0,0,0,0,0,0,0,0,0,0,0,0,0,0,0,0,0,0,0,0,0,0,0,0,0,0,0,0,0,0,0,0,0,0,0,0,0,0,0,0,0,0,0,0,0,0,0,0,0,0,0,0,0,0,0,0,0,0,0,0,0,0,0,0,0,0,0,0,0,0,0,0,0,0,0,0,0,0,0,0,0,0,0,0,0,0,0,0,0,0,0,0,0,0,0,0,0,0,0,0,0,0,0,0,0,0,0,0,0,0,0,0,0,0,0,0,0,0,0,0,0,0,0,0,0,0,0,0,0,0,0,0,0,0,0,0,0,0,0,0,0,0,0,0,0,0,0,0,0,0,0,0,0,0,0,0,0,0,0,0,0,0,0,0,0,0,0,0,0,0,0,0,0,0,0,0,0,0,0,0,0,0,0,0,0,0,0,0,0,0,0,0,0,0,0,0,0,0,0,0,0,0,0,0,0,0,0,0,0,0,0,0,0,0,0,0,0,0,0,0,0,0,0,0,0,0,0,0,0,0,0,0,0,0,0,0,0,0,0,0,0,0,0,0,0,0,0,0,0,0,0,0,0,0,0,0,0,0,0,0,0,0,0,0,0,0,0,0,0,0,0,0,0,0,0,0,0,0,0,0,0,0,0,0,0,0,0,0,0,0,0,0,0,0,0,0,0,0,0,0,0,0,0,0,0,0,0,0,0,0,0,0,0,0,0,0,0,0,0,0,0,0,0,0,0,0,0
x20,1061,15,77,183,1641,2,100,14,628,5,41,119,11,836,32,12,26,2,21138,1172,62,38,122,43,13,16,134,532,16,9,47,725,38,293,47,0,0,9,1118,43,918,91,139,6,459,89,1,344,49,6,16,91,77,189,19,9,243,1,5,61,119,35,23,8,873,725,39,589,0,212,0,22,0,0,0,0,0,0,0,0,0,0,0,0,0,0,0,0,0,0,0,0,0,0,0,0,0,0,0,0,0,0,0,0,0,0,0,0,0,0,0,0,0,0,0,0,0,0,0,0,0,0,0,0,0,0,0,0,0,0,0,0,0,0,0,0,0,0,0,0,0,0,0,0,0,0,0,0,0,0,0,0,0,0,0,0,0,0,0,0,0,0,0,0,0,0,0,0,0,0,0,0,0,0,0,0,0,0,0,0,0,0,0,0,0,0,0,0,0,0,0,0,0,0,0,0,0,0,0,0,0,0,0,0,0,0,0,0,0,0,0,0,0,0,0,0,0,0,0,0,0,0,0,0,0,0,0,0,0,0,0,0,0,0,0,0,0,0,0,0,0,0,0,0,0,0,0,0,0,0,0,0,0,0,0,0,0,0,0,0,0,0,0,0,0,0,0,0,0,0,0,0,0,0,0,0,0,0,0,0,0,0,0,0,0,0,0,0,0,0,0,0,0,0,0,0,0,0,0,0,0,0,0,0,0,0,0,0,0,0,0,0,0,0,0,0,0,0,0,0,0,0,0,0,0,0,0,0,0,0,0,0,0,0,0,0,0,0,0,0,0,0,0,0,0,0,0,0,0,0,0,0,0,0,0,0,0,0,0,0,0,0,0,0,0,0,0,0,0,0,0,0,0,0,0,0,0,0,0,0,0,0,0,0,0,0,0,0,0,0,0,0,0,0,0,0,0,0,0,0,0,0,0,0,0,0,0,0,0,0,0,0,0,0,0,0,0,0,0,0,0,0,0,0,0,0,0,0,0,0,0,0,0,0,0,0,0,0,0,0,0,0,0,0,0,0,0,0,0,0,0,0,0,0,0,0,0,0,0,0,0,0,0,0,0,0,0,0,0,0,0,0,0,0,0,0,0,0,0,0,0,0,0,0,0,0,0,0,0,0,0,0,0,0,0,0,0,0,0,0,0,0,0,0,0,0,0,0,0,0,0,0,0,0,0,0,0,0,0,0,0,0,0,0,0,0,0,0,0,0,0,0,0,0,0,0,0,0,0,0,0,0,0,0,0,0,0,0,0,0,0,0,0,0,0,0,0,0,0,0,0,0,0,0,0,0,0,0,0,0,0,0,0,0,0,0,0,0,0,0,0,0,0,0,0,0,0,0,0,0,0,0,0,0,0,0,0,0,0,0,0,0,0,0,0,0,0,0,0,0,0,0,0,0,0,0,0,0,0,0,0,0,0,0,0,0,0,0,0,0,0,0,0,0,0,0,0,0,0,0,0,0,0,0,0,0,0,0,0,0,0,0,0,0,0,0,0,0,0,0,0,0,0,0,0,0,0,0,0,0,0,0,0,0,0,0,0,0,0,0,0,0,0,0,0,0,0,0,0,0,0,0,0,0,0,0,0,0,0,0,0,0,0,0,0,0,0,0,0,0,0,0,0,0,0,0,0,0,0,0,0,0,0,0,0,0,0,0,0,0,0,0,0,0,0,0,0,0,0,0,0,0,0,0,0,0,0,0,0,0,0,0,0,0,0,0,0,0,0,0,0,0,0,0,0,0,0,0,0,0,0,0,0,0,0,0,0,0,0,0,0,0,0,0,0,0,0,0,0,0,0,0,0,0,0,0,0,0,0,0,0,0,0,0,0,0,0,0,0,0,0,0,0,0,0,0,0,0,0,0,0,0,0,0,0,0,0,0,0,0,0,0,0,0,0,0,0,0,0
x21,0,0,0,0,0,0,0,0,0,0,0,0,0,0,0,0,0,0,0,0,0,0,0,0,0,0,0,0,0,0,0,0,0,0,0,0,0,0,0,0,0,0,0,0,0,0,0,0,0,0,0,0,0,0,0,0,0,0,0,0,0,0,0,0,0,0,0,0,0,0,0,0,0,0,0,0,0,0,0,0,0,0,0,0,0,0,0,0,0,0,0,0,0,0,0,0,0,0,0,0,0,0,0,0,0,0,0,0,0,0,0,0,0,0,0,0,0,0,0,0,0,0,0,0,0,0,0,0,0,0,0,0,0,0,0,0,0,0,0,0,0,0,0,0,0,0,0,0,0,0,0,0,0,0,0,0,0,0,0,0,0,0,0,0,0,0,0,0,0,0,0,0,0,0,0,0,0,0,0,0,0,0,0,0,0,0,0,0,0,0,0,0,0,0,0,0,0,0,0,0,0,0,0,0,0,0,0,0,0,0,0,0,0,0,0,0,0,0,0,0,0,0,0,0,0,0,0,0,0,0,0,0,0,0,0,0,0,0,0,0,0,0,0,0,0,0,0,0,0,0,0,0,0,0,0,0,0,0,0,0,0,0,0,0,0,0,0,0,0,0,0,0,0,0,0,0,0,0,0,0,0,0,0,0,0,0,0,0,0,0,0,0,0,0,0,0,0,0,0,0,0,0,0,0,0,0,0,0,0,0,0,0,0,0,0,0,0,0,0,0,0,0,0,0,0,0,0,0,0,0,0,0,0,0,0,0,0,0,0,0,0,0,0,0,0,0,0,0,0,0,0,0,0,0,0,0,0,0,0,0,0,0,0,0,0,0,0,0,0,0,0,0,0,0,0,0,0,0,0,0,0,0,0,0,0,0,0,0,0,0,0,0,0,0,0,0,0,0,0,0,0,0,0,0,0,0,0,0,0,0,0,0,0,0,0,0,0,0,0,0,0,0,0,0,0,0,0,0,0,0,0,0,0,0,0,0,0,0,0,0,0,0,0,0,0,0,0,0,0,0,0,0,0,0,0,0,0,0,0,0,0,0,0,0,0,0,0,0,0,0,0,0,0,0,0,0,0,0,0,0,0,0,0,0,0,0,0,0,0,0,0,0,0,0,0,0,0,0,0,0,0,0,0,0,0,0,0,0,0,0,0,0,0,0,0,0,0,0,0,0,0,0,0,0,0,0,0,0,0,0,0,0,0,0,0,0,0,0,0,0,0,0,0,0,0,0,0,0,0,0,0,0,0,0,0,0,0,0,0,0,0,0,0,0,0,0,0,0,0,0,0,0,0,0,0,0,0,0,0,0,0,0,0,0,0,0,0,0,0,0,0,0,0,0,0,0,0,0,0,0,0,0,0,0,0,0,0,0,0,0,0,0,0,0,0,0,0,0,0,0,0,0,0,0,0,0,0,0,0,0,0,0,0,0,0,0,0,0,0,0,0,0,0,0,0,0,0,0,0,0,0,0,0,0,0,0,0,0,0,0,0,0,0,0,0,0,0,0,0,0,0,0,0,0,0,0,0,0,0,0,0,0,0,0,0,0,0,0,0,0,0,0,0,0,0,0,0,0,0,0,0,0,0,0,0,0,0,0,0,0,0,0,0,0,0,0,0,0,0,0,0,0,0,0,0,0,0,0,0,0,0,0,0,0,0,0,0,0,0,0,0,0,0,0,0,0,0,0,0,0,0,0,0,0,0,0,0,0,0,0,0,0,0,0,0,0,0,0,0,0,0,0,0,0,0,0,0,0,0,0,0,0,0,0,0,0,0,0,0,0,0,0,0,0,0,0,0,0,0,0,0,0,0,0,0,0,0,0,0,0,0,0,0,0,0,0,0,0,0,0,0,0,0,0,0,0,0,0,0,0,0,0,0,0,0,0,0,0,0
x22,3,4,0,3,0,0,0,0,0,0,0,0,0,0,0,0,0,0,0,0,0,0,0,0,0,0,0,0,0,0,0,0,0,0,0,0,0,0,0,0,0,0,0,0,0,0,0,0,0,0,0,0,0,0,0,0,0,0,0,0,0,0,0,0,0,0,0,0,0,0,0,0,0,0,0,0,0,0,0,0,0,0,0,0,0,0,0,0,0,0,0,0,0,0,0,0,0,0,0,0,0,0,0,0,0,0,0,0,0,0,0,0,0,0,0,0,0,0,0,0,0,0,0,0,0,0,0,0,0,0,0,0,0,0,0,0,0,0,0,0,0,0,0,0,0,0,0,0,0,0,0,0,0,0,0,0,0,0,0,0,0,0,0,0,0,0,0,0,0,0,0,0,0,0,0,0,0,0,0,0,0,0,0,0,0,0,0,0,0,0,0,0,0,0,0,0,0,0,0,0,0,0,0,0,0,0,0,0,0,0,0,0,0,0,0,0,0,0,0,0,0,0,0,0,0,0,0,0,0,0,0,0,0,0,0,0,0,0,0,0,0,0,0,0,0,0,0,0,0,0,0,0,0,0,0,0,0,0,0,0,0,0,0,0,0,0,0,0,0,0,0,0,0,0,0,0,0,0,0,0,0,0,0,0,0,0,0,0,0,0,0,0,0,0,0,0,0,0,0,0,0,0,0,0,0,0,0,0,0,0,0,0,0,0,0,0,0,0,0,0,0,0,0,0,0,0,0,0,0,0,0,0,0,0,0,0,0,0,0,0,0,0,0,0,0,0,0,0,0,0,0,0,0,0,0,0,0,0,0,0,0,0,0,0,0,0,0,0,0,0,0,0,0,0,0,0,0,0,0,0,0,0,0,0,0,0,0,0,0,0,0,0,0,0,0,0,0,0,0,0,0,0,0,0,0,0,0,0,0,0,0,0,0,0,0,0,0,0,0,0,0,0,0,0,0,0,0,0,0,0,0,0,0,0,0,0,0,0,0,0,0,0,0,0,0,0,0,0,0,0,0,0,0,0,0,0,0,0,0,0,0,0,0,0,0,0,0,0,0,0,0,0,0,0,0,0,0,0,0,0,0,0,0,0,0,0,0,0,0,0,0,0,0,0,0,0,0,0,0,0,0,0,0,0,0,0,0,0,0,0,0,0,0,0,0,0,0,0,0,0,0,0,0,0,0,0,0,0,0,0,0,0,0,0,0,0,0,0,0,0,0,0,0,0,0,0,0,0,0,0,0,0,0,0,0,0,0,0,0,0,0,0,0,0,0,0,0,0,0,0,0,0,0,0,0,0,0,0,0,0,0,0,0,0,0,0,0,0,0,0,0,0,0,0,0,0,0,0,0,0,0,0,0,0,0,0,0,0,0,0,0,0,0,0,0,0,0,0,0,0,0,0,0,0,0,0,0,0,0,0,0,0,0,0,0,0,0,0,0,0,0,0,0,0,0,0,0,0,0,0,0,0,0,0,0,0,0,0,0,0,0,0,0,0,0,0,0,0,0,0,0,0,0,0,0,0,0,0,0,0,0,0,0,0,0,0,0,0,0,0,0,0,0,0,0,0,0,0,0,0,0,0,0,0,0,0,0,0,0,0,0,0,0,0,0,0,0,0,0,0,0,0,0,0,0,0,0,0,0,0,0,0,0,0,0,0,0,0,0,0,0,0,0,0,0,0,0,0,0,0,0,0,0,0,0,0,0,0,0,0,0,0,0,0,0,0,0,0,0,0,0,0,0,0,0,0,0,0,0,0,0,0,0,0,0,0,0,0,0,0,0,0,0,0,0,0,0,0,0,0,0,0,0,0,0,0,0,0,0,0,0,0,0,0,0,0,0,0,0,0,0,0,0,0,0,0,0,0,0,0,0,0,0,0,0,0,0,0,0
x23,5,7,34,21,61,0,0,6,2,24,3,31,154,28,0,204,9,0,3,32,54,1,487,3,13,1,0,3,11,2,8,102,5,28,10,0,2,8,11,7,3,1,1,0,0,7,0,0,16,14,2,1,28,4,67,9,5,3,10,19,79,2,1,5,45,20,2,67,0,41,13,22,0,1,59,14,245,3,1,28,32,1,46,7,3,21,4,1,3,23,1,17,5,349,18,3,66,8,9,6,2,6,1,0,2,2,40,4,4,5,110,0,2,0,0,0,1,7,13,6,23,2,11,3,36,1,0,10,0,11,4,13,18,12,0,9,1,56,0,5,61,22,11,12,1,0,7,1,0,2,3,22,6,3,0,22,0,5,3,0,21,12,1,54,1,0,1,0,20,18,1,11,17,1,0,31,47,0,19,1,68,0,0,23,1,29,0,0,0,7,3,5,0,213,11,14,0,1,3,15,38,2,4,31,26,0,14,6,5,2,39,6,78,1,4,1,8,0,0,14,65,105,29,3,6,142,32,0,5,4,21,2,0,2,1,0,0,0,0,0,0,0,0,0,0,0,0,0,0,0,0,0,0,0,0,0,0,0,0,0,0,0,0,0,0,0,0,0,0,0,0,0,0,0,0,0,0,0,0,0,0,0,0,0,0,0,0,0,0,0,0,0,0,0,0,0,0,0,0,0,0,0,0,0,0,0,0,0,0,0,0,0,0,0,0,0,0,0,0,0,0,0,0,0,0,0,0,0,0,0,0,0,0,0,0,0,0,0,0,0,0,0,0,0,0,0,0,0,0,0,0,0,0,0,0,0,0,0,0,0,0,0,0,0,0,0,0,0,0,0,0,0,0,0,0,0,0,0,0,0,0,0,0,0,0,0,0,0,0,0,0,0,0,0,0,0,0,0,0,0,0,0,0,0,0,0,0,0,0,0,0,0,0,0,0,0,0,0,0,0,0,0,0,0,0,0,0,0,0,0,0,0,0,0,0,0,0,0,0,0,0,0,0,0,0,0,0,0,0,0,0,0,0,0,0,0,0,0,0,0,0,0,0,0,0,0,0,0,0,0,0,0,0,0,0,0,0,0,0,0,0,0,0,0,0,0,0,0,0,0,0,0,0,0,0,0,0,0,0,0,0,0,0,0,0,0,0,0,0,0,0,0,0,0,0,0,0,0,0,0,0,0,0,0,0,0,0,0,0,0,0,0,0,0,0,0,0,0,0,0,0,0,0,0,0,0,0,0,0,0,0,0,0,0,0,0,0,0,0,0,0,0,0,0,0,0,0,0,0,0,0,0,0,0,0,0,0,0,0,0,0,0,0,0,0,0,0,0,0,0,0,0,0,0,0,0,0,0,0,0,0,0,0,0,0,0,0,0,0,0,0,0,0,0,0,0,0,0,0,0,0,0,0,0,0,0,0,0,0,0,0,0,0,0,0,0,0,0,0,0,0,0,0,0,0,0,0,0,0,0,0,0,0,0,0,0,0,0,0,0,0,0,0,0,0,0,0,0,0,0,0,0,0,0,0,0,0,0,0,0,0,0,0,0,0,0,0,0,0,0,0,0,0,0,0,0,0,0,0,0,0,0,0,0,0,0,0,0,0,0,0,0,0,0,0,0,0,0,0,0,0,0,0,0,0,0,0,0,0,0,0,0,0,0,0,0,0,0,0,0,0,0,0,0,0,0,0,0,0,0,0,0,0,0,0,0,0,0,0,0,0,0,0,0,0,0,0,0,0,0,0,0,0,0,0,0,0,0,0,0,0,0,0,0,0,0,0,0,0,0,0,0,0,0,0,0,0,0,0,0,0,0,0,0,0,0,0,0,0,0,0,0,0,0,0,0,0,0,0,0,0,0,0,0,0,0,0,0,0,0,0,0,0,0,0,0,0,0,0
x24,15,0,0,34,18,7,0,1,102,16,7,1,171,118,38,1,0,1,82,18,9,1,4,27,58,37,0,4,12,0,160,0,1,0,0,1,3,2,1,2,37,0,0,0,0,0,0,0,0,0,0,0,0,0,0,0,0,0,0,0,0,0,0,0,0,0,0,0,0,0,0,0,0,0,0,0,0,0,0,0,0,0,0,0,0,0,0,0,0,0,0,0,0,0,0,0,0,0,0,0,0,0,0,0,0,0,0,0,0,0,0,0,0,0,0,0,0,0,0,0,0,0,0,0,0,0,0,0,0,0,0,0,0,0,0,0,0,0,0,0,0,0,0,0,0,0,0,0,0,0,0,0,0,0,0,0,0,0,0,0,0,0,0,0,0,0,0,0,0,0,0,0,0,0,0,0,0,0,0,0,0,0,0,0,0,0,0,0,0,0,0,0,0,0,0,0,0,0,0,0,0,0,0,0,0,0,0,0,0,0,0,0,0,0,0,0,0,0,0,0,0,0,0,0,0,0,0,0,0,0,0,0,0,0,0,0,0,0,0,0,0,0,0,0,0,0,0,0,0,0,0,0,0,0,0,0,0,0,0,0,0,0,0,0,0,0,0,0,0,0,0,0,0,0,0,0,0,0,0,0,0,0,0,0,0,0,0,0,0,0,0,0,0,0,0,0,0,0,0,0,0,0,0,0,0,0,0,0,0,0,0,0,0,0,0,0,0,0,0,0,0,0,0,0,0,0,0,0,0,0,0,0,0,0,0,0,0,0,0,0,0,0,0,0,0,0,0,0,0,0,0,0,0,0,0,0,0,0,0,0,0,0,0,0,0,0,0,0,0,0,0,0,0,0,0,0,0,0,0,0,0,0,0,0,0,0,0,0,0,0,0,0,0,0,0,0,0,0,0,0,0,0,0,0,0,0,0,0,0,0,0,0,0,0,0,0,0,0,0,0,0,0,0,0,0,0,0,0,0,0,0,0,0,0,0,0,0,0,0,0,0,0,0,0,0,0,0,0,0,0,0,0,0,0,0,0,0,0,0,0,0,0,0,0,0,0,0,0,0,0,0,0,0,0,0,0,0,0,0,0,0,0,0,0,0,0,0,0,0,0,0,0,0,0,0,0,0,0,0,0,0,0,0,0,0,0,0,0,0,0,0,0,0,0,0,0,0,0,0,0,0,0,0,0,0,0,0,0,0,0,0,0,0,0,0,0,0,0,0,0,0,0,0,0,0,0,0,0,0,0,0,0,0,0,0,0,0,0,0,0,0,0,0,0,0,0,0,0,0,0,0,0,0,0,0,0,0,0,0,0,0,0,0,0,0,0,0,0,0,0,0,0,0,0,0,0,0,0,0,0,0,0,0,0,0,0,0,0,0,0,0,0,0,0,0,0,0,0,0,0,0,0,0,0,0,0,0,0,0,0,0,0,0,0,0,0,0,0,0,0,0,0,0,0,0,0,0,0,0,0,0,0,0,0,0,0,0,0,0,0,0,0,0,0,0,0,0,0,0,0,0,0,0,0,0,0,0,0,0,0,0,0,0,0,0,0,0,0,0,1,0,0,0,0,0,0,0,0,0,0,0,0,0,0,0,0,0,0,0,0,0,0,0,0,0,0,0,0,0,0,0,0,0,0,0,0,0,0,0,0,0,0,0,0,0,0,0,0,0,0,0,0,0,0,0,0,0,0,0,0,0,0,0,0,0,0,0,0,0,0,0,0,0,0,0,0,0,0,0,0,0,0,0,0,0,0,0,0,0,0,0,0,0,0,0,0,0,0,0,0,0,0,0,0,0,0,0,0,0,0,0,0,0,0,0,0,0,0,0,0,0,0,0,0,0,0,0,0,0,0,0,0,0,0,0,0,0,0,0,0,0,0,0,0,0,0,0,0,0
x25,50,16,4,12,7,2,0,1,28,29,2,13,13,29,32,2,5,0,16,45,4,13,8,18,6,13,0,34,7,1,19,9,40,23,19,3,5,13,14,3,13,15,1,1,2,21,3,3,8,16,25,7,21,1,31,7,5,10,3,26,28,2,5,30,531,5,13,48,0,45,2,13,3,2,13,21,21,29,3,13,8,0,60,2,8,37,7,11,4,3,1,6,5,3,12,45,17,13,5,20,4,5,1,2,1,6,43,7,21,20,6,16,18,5,1,11,5,0,20,16,21,138,5,1,12,1,0,14,60,8,3,8,0,14,7,14,14,78,0,13,5,11,37,25,1,8,0,2,5,47,7,46,11,4,0,27,0,22,9,0,9,11,1,10,13,2,0,1,21,2,1,5,3,6,6,170,106,5,21,9,7,0,0,24,9,20,1,8,1,20,0,1,0,28,12,6,1,8,6,22,30,1,5,16,93,0,7,1,16,0,23,1,236,6,332,1,3,1,0,7,12,21,10,4,12,17,4,2,0,14,19,0,0,5,1,1,2,3,1,16,19,67,6,18,4,9,1,7,8,7,6,0,7,0,2,35,7,4,10,8,2,2,0,61,0,20,41,1,25,11,3,2,2,3,3,1,6,12,1,26,4,4,3,29,0,2,8,4,5,11,51,33,3,12,4,1,5,4,1,7,0,20,28,15,17,5,0,1,1,10,9,9,2,12,4,23,17,52,1,0,3,6,0,11,9,7,14,25,7,1,2,1,3,18,46,14,0,7,9,15,1,3,2,1,0,30,7,2,3,4,4,6,4,6,24,3,7,0,5,2,26,1,2,1,2,0,1,6,135,184,12,2,3,9,2,102,1,3,1,0,1,20,303,1,0,4,26,0,35,2,4,1,6,2,2,7,24,34,12,4,1,1,12,1,1,17,14,0,3,8,32,9,0,12,0,8,0,1,11,3,14,16,4,1,14,2,1,8,30,1,2,13,0,5,3,25,11,2,14,65,16,1,10,20,6,9,8,12,4,1,0,6,8,5,2,1,2,1,2,4,22,0,15,3,3,14,0,23,9,13,2,0,14,4,27,0,10,2,6,3,0,9,3,2,5,14,9,0,2,3,0,2,2,7,11,1,2,4,3,5,2,0,2,20,13,0,8,5,0,1,0,6,2,3,9,1,1,16,5,1,7,11,7,9,35,0,7,3,2,4,3,3,1,5,5,2,35,8,17,1,1,9,1,2,2,4,0,2,0,19,7,1,20,0,4,73,9,2,11,1,27,1,29,12,0,1,2,1,5,1,1,10,0,11,1,8,5,9,3,8,5,0,1,2,10,8,1,3,0,8,10,17,8,0,12,2,17,1,25,8,18,1,41,13,0,14,0,7,11,0,3,35,6,8,7,15,0,7,2,1,8,1,0,2,0,0,33,31,2,4,29,6,32,24,22,2,7,29,13,19,40,2,12,0,11,1,2,14,2,6,38,1,4,7,1,2,8,1,9,0,17,20,15,10,7,8,8,7,48,3,9,10,19,1,3,1,2,34,6,11,2,10,7,2,1,8,34,0,11,14,0,0,60,0,1,7,3,13,3,31,9,1,94,5,38,5,2,4,0,6,9,3,1,1,2,8,1,1,8,1,17,11,0,4,0,40,2,1,0,1,18,12,47,0,7,7,3,2,40,1,44,10,2,11,1,18,3,0,11,2,2,31,29,7,1,56,17,6,2,1,1,4,39,12,4,14,2,5,0,3,0,8,1,4,17,4,11,40,24,2,3,3,11,1,22,0,1,0,2,5,12,1,186,16,8,14,15,12,0,14,38,23,3,1,1,0,2,6,6,36,2,4,3,128,1,9,1,1,1,11,2,13,7,3,65,3,5,0,12,44,23,16,7,1,7,2,17,1,58
x26,4664,6440,873,5657,3329,517,75,609,6661,3418,481,2312,5064,14597,3413,2422,523,421,3086,6947,2524,1830,1645,2829,2562,1577,97,3751,3137,768,6236,5422,3449,2223,2577,586,640,1857,17835,1209,7056,1104,723,803,1600,2461,974,3900,1641,4494,4459,643,2550,899,7202,4578,1821,1847,382,2230,3859,555,1123,4699,5946,3135,7960,6633,275,7421,818,2237,287,316,8755,2472,5720,3976,1407,2401,3254,463,3613,1461,1163,5028,1187,1010,1297,1736,387,2248,532,2829,1650,10440,4585,4875,1362,3702,1062,1954,366,351,582,581,6380,621,7095,1642,5053,2165,3803,806,718,1307,580,400,6839,2889,1956,3289,311,377,1072,424,100,6082,2009,1276,240,2873,350,6635,385,3093,442,3121,235,1127,1408,4396,4055,9048,428,4298,356,398,1745,3006,3098,8576,6829,1198,106,2498,224,4390,3415,255,2330,3491,562,12759,3084,1083,105,392,3998,1114,621,2910,729,2451,168,6063,4465,422,3800,1237,10374,82,187,11339,4458,15986,314,543,497,11525,422,666,276,1629,2737,4298,413,5680,123,1546,10264,679,1790,3886,2230,62,2190,700,5809,303,3188,332,6361,1737,3139,434,1328,196,37,2053,1807,5124,3231,1914,3727,941,1981,124,794,1331,8521,346,311,1180,423,241,675,233,804,3703,2003,5805,2749,3457,557,3289,107,617,1454,538,2176,185,3710,200,344,1418,1681,5296,2019,2913,1537,657,283,1000,350,697,5851,145,6099,2246,1546,1427,780,714,1875,453,1311,2413,361,4906,681,500,725,1983,223,1268,4205,560,1133,2367,2458,2809,1529,6251,1263,120,1413,2818,698,2861,233,2888,12352,6841,5431,3152,181,194,964,846,1776,3788,1686,13533,2405,2087,978,3376,312,320,239,2213,83,1849,10331,1126,4038,10187,733,635,460,517,986,7564,4495,1162,136,1269,2872,1257,341,1196,507,354,175,1981,566,880,1685,842,1289,3660,621,1206,2687,1093,953,378,1134,800,3070,567,1263,307,864,94,410,862,6611,2074,3351,525,759,1531,481,2693,510,1225,901,162,1129,5686,4430,671,318,929,784,133,2971,817,239,819,2935,232,640,2771,3950,1995,418,1252,698,823,7157,639,905,505,2248,120,323,5634,2769,4603,664,5454,279,2520,129,654,4125,375,1977,4745,861,207,2248,703,319,4578,677,568,1350,3908,636,2013,718,1564,8546,568,6004,998,1426,132,6452,4624,1614,2712,4204,7125,1042,1339,228,2515,2868,1085,929,285,220,436,616,1144,4496,248,8652,534,117,2001,413,5979,4582,3817,240,102,6470,751,3526,258,1448,1339,1339,640,419,4853,559,1263,1343,3458,4896,367,260,1891,215,909,1451,6125,6254,816,2302,1385,419,125,690,266,1367,3587,1855,197,811,638,151,594,182,183,502,836,946,681,1093,2275,3478,314,1761,1314,1895,2857,1618,298,1923,1642,280,401,324,1278,248,3342,448,897,3107,1535,4841,208,272,986,947,937,1108,2242,436,591,745,2339,786,275,7245,98,1273,5054,2699,536,847,558,8819,515,1400,4063,146,208,519,217,577,558,230,787,347,8521,139,1501,1288,944,1383,4239,1303,145,408,642,2740,1268,632,408,269,6065,1493,1044,1335,574,1150,155,10532,382,2583,4777,9691,378,9506,3043,132,11535,279,3296,1030,89,2759,3661,928,9709,2142,1239,503,2476,1981,624,2540,1209,160,278,273,156,6829,1614,531,991,2215,1112,2754,1614,4066,1492,833,6510,2623,2574,1557,719,1743,176,942,270,524,2895,845,2577,2494,416,646,1278,192,2086,722,704,974,356,5344,5250,2614,280,361,2025,1579,3913,7944,2828,1933,2753,3330,402,1906,456,1182,1917,1662,5078,838,3927,1594,706,741,1444,1223,220,2842,1765,189,387,4202,54,2086,2356,707,2864,2297,5807,2279,1029,4600,586,5751,2611,268,582,285,105,1161,1570,326,682,1400,742,457,596,5529,897,8129,2045,457,666,114,1775,601,391,336,292,463,446,1270,274,2601,1788,937,393,5738,704,15096,1221,395,2661,426,1997,975,203,5019,257,1534,4035,7349,496,749,1589,690,739,1936,958,361,1122,1680,1980,1303,1224,1336,3973,232,269,375,2227,842,3137,2732,1202,15632,730,653,690,1640,2078,548,399,4652,313,149,265,328,1482,1239,758,9302,14137,1816,5906,6278,4100,544,2657,455,1796,2709,510,731,179,1276,980,964,8756,617,2312,1368,7254,492,1274,472,804,382,520,1573,1857,681,956,7940,1134,1303,444,2739,4788,714,9891,5838,2692,1916,1584,1599,883,2170
x27,3,1,0,0,5,0,0,0,10,5,3,2,7,1,18,0,0,0,0,0,0,0,0,0,0,0,0,0,0,0,0,0,0,0,0,0,0,0,0,0,0,0,0,0,0,0,0,0,0,0,0,0,0,0,0,0,0,0,0,0,0,0,0,0,0,0,0,0,0,0,0,0,0,0,0,0,0,0,0,0,0,0,0,0,0,0,0,0,0,0,0,0,0,0,0,0,0,0,0,0,0,0,0,0,0,0,0,0,0,0,0,0,0,0,0,0,0,0,0,0,0,0,0,0,0,0,0,0,0,0,0,0,0,0,0,0,0,0,0,0,0,0,0,0,0,0,0,0,0,0,0,0,0,0,0,0,0,0,0,0,0,0,0,0,0,0,0,0,0,0,0,0,0,0,0,0,0,0,0,0,0,0,0,0,0,0,0,0,0,0,0,0,0,0,0,0,0,0,0,0,0,0,0,0,0,0,0,0,0,0,0,0,0,0,0,0,0,0,0,0,0,0,0,0,0,0,0,0,0,0,0,0,0,0,0,0,0,0,0,0,0,0,0,0,0,0,0,0,0,0,0,0,0,0,0,0,0,0,0,0,0,0,0,0,0,0,0,0,0,0,0,0,0,0,0,0,0,0,0,0,0,0,0,0,0,0,0,0,0,0,0,0,0,0,0,0,0,0,0,0,0,0,0,0,0,0,0,0,0,0,0,0,0,0,0,0,0,0,0,0,0,0,0,0,0,0,0,0,0,0,0,0,0,0,0,0,0,0,0,0,0,0,0,0,0,0,0,0,0,0,0,0,0,0,0,0,0,0,0,0,0,0,0,0,0,0,0,0,0,0,0,0,0,0,0,0,0,0,0,0,0,0,0,0,0,0,0,0,0,0,0,0,0,0,0,0,0,0,0,0,0,0,0,0,0,0,0,0,0,0,0,0,0,0,0,0,0,0,0,0,0,0,0,0,0,0,0,0,0,0,0,0,0,0,0,0,0,0,0,0,0,0,0,0,0,0,0,0,0,0,0,0,0,0,0,0,0,0,0,0,0,0,0,0,0,0,0,0,0,0,0,0,0,0,0,0,0,0,0,0,0,0,0,0,0,0,0,0,0,0,0,0,0,0,0,0,0,0,0,0,0,0,0,0,0,0,0,0,0,0,0,0,0,0,0,0,0,0,0,0,0,0,0,0,0,0,0,0,0,0,0,0,0,0,0,0,0,0,0,0,0,0,0,0,0,0,0,0,0,0,0,0,0,0,0,0,0,0,0,0,0,0,0,0,0,0,0,0,0,0,0,0,0,0,0,0,0,0,0,0,0,0,0,0,0,0,0,0,0,0,0,0,0,0,0,0,0,0,0,0,0,0,0,0,0,0,0,0,0,0,0,0,0,0,0,0,0,0,0,0,0,0,0,0,0,0,0,0,0,0,0,0,0,0,0,0,0,0,0,0,0,0,0,0,0,0,0,0,0,0,0,0,0,0,0,0,0,0,0,0,0,0,0,0,0,0,0,0,0,0,0,0,0,0,0,0,0,0,0,0,0,0,0,0,0,0,0,0,0,0,0,0,0,0,0,0,0,0,0,0,0,0,0,0,0,0,0,0,0,0,0,0,0,0,0,0,0,0,0,0,0,0,0,0,0,0,0,0,0,0,0,0,0,0,0,0,0,0,0,0,0,0,0,0,0,0,0,0,0,0,0,0,0,0,0,0,0,0,0,0,0,0,0,0,0,0,0,0,0,0,0,0,0,0,0,0,0,0,0,0,0,0,0,0,0,0,0,0,0,0,0,0,0,0,0,0,0,0,0,0,0,0,0,0,0,0,0,0,0,0,0,0,0,0,0,0,0,0,0,0,0,0,0,0,0,0,0,0,0,0,0,0,0,0,0,0,0,0,0
x28,0,0,0,0,0,0,0,0,0,0,0,0,0,0,0,0,0,0,0,0,0,0,0,0,0,0,0,0,0,0,0,0,0,0,0,0,0,0,0,0,0,0,0,0,0,0,0,0,0,0,0,0,0,0,0,0,0,0,0,0,0,0,0,0,0,0,0,0,0,0,0,0,0,0,0,0,0,0,0,0,0,0,0,0,0,0,0,0,0,0,0,0,0,0,0,0,0,0,0,0,0,0,0,0,0,0,0,0,0,0,0,0,0,0,0,0,0,0,0,0,0,0,0,0,0,0,0,0,0,0,0,0,0,0,0,0,0,0,0,0,0,0,0,0,0,0,0,0,0,0,0,0,0,0,0,0,0,0,0,0,0,0,0,0,0,0,0,0,0,0,0,0,0,0,0,0,0,0,0,0,0,0,0,0,0,0,0,0,0,0,0,0,0,0,0,0,0,0,0,0,0,0,0,0,0,0,0,0,0,0,0,0,0,0,0,0,0,0,0,0,0,0,0,0,0,0,0,0,0,0,0,0,0,0,0,0,0,0,0,0,0,0,0,0,0,0,0,0,0,0,0,0,0,0,0,0,0,0,0,0,0,0,0,0,0,0,0,0,0,0,0,0,0,0,0,0,0,0,0,0,0,0,0,0,0,0,0,0,0,0,0,0,0,0,0,0,0,0,0,0,0,0,0,0,0,0,0,0,0,0,0,0,0,0,0,0,0,0,0,0,0,0,0,0,0,0,0,0,0,0,0,0,0,0,0,0,0,0,0,0,0,0,0,0,0,0,0,0,0,0,0,0,0,0,0,0,0,0,0,0,0,0,0,0,0,0,0,0,0,0,0,0,0,0,0,0,0,0,0,0,0,0,0,0,0,0,0,0,0,0,0,0,0,0,0,0,0,0,0,0,0,0,0,0,0,0,0,0,0,0,0,0,0,0,0,0,0,0,0,0,0,0,0,0,0,0,0,0,0,0,0,0,0,0,0,0,0,0,0,0,0,0,0,0,0,0,0,0,0,0,0,0,0,0,0,0,0,0,0,0,0,0,0,0,0,0,0,0,0,0,0,0,0,0,0,0,0,0,0,0,0,0,0,0,0,0,0,0,0,0,0,0,0,0,0,0,0,0,0,0,0,0,0,0,0,0,0,0,0,0,0,0,0,0,0,0,0,0,0,0,0,0,0,0,0,0,0,0,0,0,0,0,0,0,0,0,0,0,0,0,0,0,0,0,0,0,0,0,0,0,0,0,0,0,0,0,0,0,0,0,0,0,0,0,0,0,0,0,0,0,0,0,0,0,0,0,0,0,0,0,0,0,0,0,0,0,0,0,0,0,0,0,0,0,0,0,0,0,0,0,0,0,0,0,0,0,0,0,0,0,0,0,0,0,0,0,0,0,0,0,0,0,0,0,0,0,0,0,0,0,0,0,0,0,0,0,0,0,0,0,0,0,0,0,0,0,0,0,0,0,0,0,0,0,0,0,0,0,0,0,0,0,0,0,0,0,0,0,0,0,0,0,0,0,0,0,0,0,0,0,0,0,0,0,0,0,0,0,0,0,0,0,0,0,0,0,0,0,0,0,0,0,0,0,0,0,0,0,0,0,0,0,0,0,0,0,0,0,0,0,0,0,0,0,0,0,0,0,0,0,0,0,0,0,0,0,0,0,0,0,0,0,0,0,0,0,0,0,0,0,0,0,0,0,0,0,0,0,0,0,0,0,0,0,0,0,0,0,0,0,0,0,0,0,0,0,0,0,0,0,0,0,0,0,0,0,0,0,0,0,0,0,0,0,0,0,0,0,0,0,0,0,0,0,0,0,0,0,0,0,0,0,0,0,0,0,0,0,0,0,0,0,0,0,0,0,0,0,0,0,0,0,0,0,0,0,0,0,0
x29,0,0,0,0,0,0,0,0,0,0,0,0,0,0,0,0,0,0,0,0,0,0,0,0,0,0,0,0,0,0,0,0,0,0,0,0,0,0,0,0,0,0,0,0,0,0,0,0,0,0,0,0,0,0,0,0,0,0,0,0,0,0,0,0,0,0,0,0,0,0,0,0,0,0,0,0,0,0,0,0,0,0,0,0,0,0,0,0,0,0,0,0,0,0,0,0,0,0,0,0,0,0,0,0,0,0,0,0,0,0,0,0,0,0,0,0,0,0,0,0,0,0,0,0,0,0,0,0,0,0,0,0,0,0,0,0,0,0,0,0,0,0,0,0,0,0,0,0,0,0,0,0,0,0,0,0,0,0,0,0,0,0,0,0,0,0,0,0,0,0,0,0,0,0,0,0,0,0,0,0,0,0,0,0,0,0,0,0,0,0,0,0,0,0,0,0,0,0,0,0,0,0,0,0,0,0,0,0,0,0,0,0,0,0,0,0,0,0,0,0,0,1,0,0,0,0,0,0,0,0,0,0,0,0,0,0,0,0,0,0,0,0,0,0,0,0,0,0,0,0,0,0,0,0,0,0,0,0,0,0,0,0,0,0,0,0,0,0,0,0,0,0,0,0,0,0,0,0,0,0,0,0,0,0,0,0,0,0,0,0,0,0,0,0,0,0,0,0,0,0,0,0,0,0,0,0,0,0,0,0,0,0,0,0,0,0,0,0,0,0,0,0,0,0,0,0,0,0,0,0,0,0,0,0,0,0,0,0,0,0,0,0,0,0,0,0,0,0,0,0,0,0,0,0,0,0,0,0,0,0,0,0,0,0,0,0,0,0,0,0,0,0,0,0,0,0,0,0,0,0,0,0,0,0,0,0,0,0,0,0,0,0,0,0,0,0,0,0,0,0,0,0,0,0,0,0,0,0,0,0,0,0,0,0,0,0,0,0,0,0,0,0,0,0,0,0,0,0,0,0,0,0,0,0,0,0,0,0,0,0,0,0,0,0,0,0,0,0,0,0,0,0,0,0,0,0,0,0,0,0,0,0,0,0,0,0,0,0,0,0,0,0,0,0,0,0,0,0,0,0,0,0,0,0,0,0,0,0,0,0,0,0,0,0,0,0,0,0,0,0,0,0,0,0,0,0,0,0,0,0,0,0,0,0,0,0,0,0,0,0,0,0,0,0,0,0,0,0,0,0,0,0,0,0,0,0,0,0,0,0,0,0,0,0,0,0,0,0,0,0,0,0,0,0,0,0,0,0,0,0,0,0,0,0,0,0,0,0,0,0,0,0,0,0,0,0,0,0,0,0,0,0,0,0,0,0,0,0,0,0,0,0,0,0,0,0,0,0,0,0,0,0,0,0,0,0,0,0,0,0,0,0,0,0,0,0,0,0,0,0,0,0,0,0,0,0,0,0,0,0,0,0,0,0,0,0,0,0,0,0,0,0,0,0,0,0,0,0,0,0,0,0,0,0,0,0,0,0,0,0,0,0,0,0,0,0,0,0,0,0,0,0,0,0,0,0,0,0,0,0,0,0,0,0,0,0,0,0,0,0,0,0,0,0,0,0,0,0,0,0,0,0,0,0,0,0,0,0,0,0,0,0,0,0,0,0,0,0,0,0,0,0,0,0,0,0,0,0,0,0,0,0,0,0,0,0,0,0,0,0,0,0,0,0,0,0,0,0,0,0,0,0,0,0,0,0,0,0,0,0,0,0,0,0,0,0,0,0,0,0,0,0,0,0,0,0,0,0,0,0,0,0,0,0,0,0,0,0,0,0,0,0,0,0,0,0,0,0,0,0,0,0,0,0,0,0,0,0,0,0,0,0,0,0,0,0,0,0,0,0,0,0,0,0,0,0,0,0,0,0,0,0,0,0,0,0,0,0,0
x3,0,0,0,0,0,0,0,0,0,0,0,0,0,0,0,0,0,0,0,0,0,0,0,0,0,0,0,0,0,0,0,0,0,0,0,0,0,0,0,0,0,0,0,0,0,0,0,0,0,0,0,0,0,0,0,0,0,0,0,0,0,0,0,0,0,0,0,0,0,0,0,0,0,0,0,0,0,0,0,0,0,0,0,0,0,0,0,0,0,0,0,0,0,0,0,0,0,0,0,0,0,0,0,0,0,0,0,0,0,0,0,0,0,0,0,0,0,0,0,0,0,0,0,0,0,0,0,0,0,0,0,0,0,0,0,0,0,0,0,0,0,0,0,0,0,0,0,0,0,0,0,0,0,0,0,0,0,0,0,0,0,0,0,0,0,0,0,0,0,0,0,0,0,0,0,0,0,0,0,0,0,0,0,0,0,0,0,0,0,0,0,0,0,0,0,0,0,0,0,0,0,0,0,0,0,0,0,0,0,0,0,0,0,0,0,0,0,0,0,0,0,0,0,0,0,0,0,0,0,0,0,0,0,0,0,0,0,0,0,0,0,0,0,0,0,0,0,0,0,0,0,0,0,0,0,0,0,0,0,0,0,0,0,0,0,0,0,0,0,0,0,0,0,0,0,0,0,0,0,0,0,0,0,0,0,0,0,0,0,0,0,0,0,0,0,0,0,0,0,0,0,0,0,0,0,0,0,0,0,0,0,0,0,0,0,0,0,0,0,0,0,0,0,0,0,0,0,0,0,0,0,0,0,0,0,0,0,0,0,0,0,0,0,0,0,0,0,0,0,0,0,0,0,0,0,0,0,0,0,0,0,0,0,0,0,0,0,0,0,0,0,0,0,0,0,0,0,0,0,0,0,0,0,0,0,0,0,0,0,0,0,0,0,0,0,0,0,0,0,0,0,0,0,0,0,0,0,0,0,0,0,0,0,0,0,0,0,0,0,0,0,0,0,0,0,0,0,0,0,0,0,0,0,0,0,0,0,0,0,0,0,0,0,0,0,0,0,0,0,0,0,0,0,0,0,0,0,0,0,0,0,0,0,0,0,0,0,0,0,0,0,0,0,0,0,0,0,0,0,0,0,0,0,0,0,0,0,0,0,0,0,0,0,0,0,0,0,0,0,0,0,0,0,0,0,0,0,0,0,0,0,0,0,0,0,0,0,0,0,0,0,0,0,0,0,0,0,0,0,0,0,0,0,0,0,0,0,0,0,0,0,0,0,0,0,0,0,0,0,0,0,0,0,0,0,0,0,0,0,0,0,0,0,0,0,0,0,0,0,0,0,0,0,0,0,0,0,0,0,0,0,0,0,0,0,0,0,0,0,0,0,0,0,0,0,0,0,0,0,0,0,0,0,0,0,0,0,0,0,0,0,0,0,0,0,0,0,0,0,0,0,0,0,0,0,0,0,0,0,0,0,0,0,0,0,0,0,0,0,0,0,0,0,0,0,0,0,0,0,0,0,0,0,0,0,0,0,0,0,0,0,0,0,0,0,0,0,0,0,0,0,0,0,0,0,0,0,0,0,0,0,0,0,0,0,0,0,0,0,0,0,0,0,0,0,0,0,0,0,0,0,0,0,0,0,0,0,0,0,0,0,0,0,0,0,0,0,0,0,0,0,0,0,0,0,0,0,0,0,0,0,0,0,0,0,0,0,0,0,0,0,0,0,0,0,0,0,0,0,0,0,0,0,0,0,0,0,0,0,0,0,0,0,0,0,0,0,0,0,0,0,0,0,0,0,0,0,0,0,0,0,0,0,0,0,0,0,0,0,0,0,0,0,0,0,0,0,0,0,0,0,0,0,0,0,0,0,0,0,0,0,0,0,0,0,0,0,0,0,0,0,0,0,0,0,0,0,0,0,0,0,0,0,0,0,0,0,0,0
x4,15,4,1,10,5,0,0,0,53,8,0,0,2,11,2,3,0,0,1,17,7,0,0,0,0,1,0,10,0,0,2,26,0,13,2,2,1,3,23,1,1,0,7,0,0,3,5,0,5,0,0,0,12,0,11,15,0,6,0,1,283,0,0,11,3,5,8,5,0,18,3,7,0,0,0,10,0,145,0,1,0,1,229,0,0,1,3,0,1,0,4,0,0,0,3,12,3,3,1,8,5,1,0,1,0,4,5,1,2,0,24,1,1,3,0,1,0,1,7,11,2,1,4,0,12,0,0,4,10,5,0,0,6,1,2,13,0,7,0,1,0,37,1,10,0,30,11,0,0,16,1,8,4,0,0,1,0,5,2,0,2,0,5,4,6,1,0,0,5,1,0,1,0,1,2,15,0,0,1,0,0,0,0,6,0,2,0,0,17,10,0,1,0,2,0,2,0,7,2,0,2,1,0,2,2,0,0,4,23,0,10,0,38,0,17,0,4,0,0,0,1,7,12,3,14,0,0,0,0,2,6,0,0,0,0,4,1,0,0,93,1,0,8,49,0,1,2,0,2,2,0,0,1,0,0,0,3,19,3,3,8,0,0,0,0,0,0,0,0,15,0,0,0,1,9,2,0,0,0,12,0,0,1,2,1,8,0,0,0,7,2,19,4,15,0,0,2,0,0,0,0,8,2,4,5,5,0,0,0,0,0,0,0,0,0,0,0,0,0,0,0,0,0,0,0,0,0,0,0,0,0,0,0,0,0,0,0,0,0,0,0,0,0,0,0,0,0,0,0,0,0,0,0,0,0,0,0,0,0,0,0,0,0,0,0,0,0,0,0,0,0,0,0,0,0,0,0,0,0,0,0,0,0,0,0,0,0,0,0,0,0,0,0,0,0,0,0,0,0,0,0,0,0,0,0,0,0,0,0,0,0,0,0,0,0,0,0,0,0,0,0,0,0,0,0,0,0,0,0,0,0,0,0,0,0,0,0,0,0,0,0,0,0,0,0,0,0,0,0,0,0,0,0,0,0,0,0,0,0,0,0,0,0,0,0,0,0,0,0,0,0,0,0,0,0,0,0,0,0,0,0,0,0,0,0,0,0,0,0,0,0,0,0,0,0,0,0,0,0,0,0,0,0,0,0,0,0,0,0,0,0,0,0,0,0,0,0,0,0,0,0,0,0,0,0,0,0,0,0,0,0,0,0,0,0,0,0,0,0,0,0,0,0,0,0,0,0,0,0,0,0,0,0,0,0,0,0,0,0,0,0,0,0,0,0,0,0,0,0,0,0,0,0,0,0,0,0,0,0,0,0,0,0,0,0,0,0,0,0,0,0,0,0,0,0,0,0,0,0,0,0,0,0,0,0,0,0,0,0,0,0,0,0,0,0,0,0,0,0,0,0,0,0,0,0,0,0,0,0,0,0,0,0,0,0,0,0,0,0,0,0,0,0,0,0,0,0,0,0,0,0,0,0,0,0,0,0,0,0,0,0,0,0,0,0,0,0,0,0,0,0,0,0,0,0,0,0,0,0,0,0,0,0,0,0,0,0,0,0,0,0,0,0,0,0,0,0,0,0,0,0,0,0,0,0,0,0,0,0,0,0,0,0,0,0,0,0,0,0,0,0,0,0,0,0,0,0,0,0,0,0,0,0,0,0,0,0,0,0,0,0,0,0,0,0,0,0,0,0,0,0,0,0,0,0,0,0,0,0,0,0,0,0,0,0,0,0,0,0,0,0,0,0,0,0,0,0,0,0,0,0,0,0,0,0,0,0,0,0,0,0,0,0,0,0,0,0,0,0,0,0,0,0,0,0,0,0,0,0,0,0,0,0,0,0,0,0,0,0,0,0,0,0,0,0,0,0,0,0,0,0,0,0,0,0,0,0,0,0
x5,28,29,8,11,30,2,1,1,12,8,3,6,125,27,20,3,6,0,39,25,4,23,7,7,20,5,0,11,11,14,30,42,16,13,11,4,3,14,75,7,37,8,16,3,6,245,4,5,11,18,50,1,10,7,85,33,19,4,0,44,38,5,20,9,35,15,8,12,0,15,2,9,1,4,31,34,10,7,3,7,17,1,12,6,8,71,9,2,4,32,2,10,1,8,15,121,16,54,4,54,44,6,1,1,4,2,68,18,17,38,8,4,9,2,3,7,3,3,24,30,9,7,2,1,3,1,2,24,8,5,2,9,4,20,5,10,1,15,0,2,6,17,42,260,1,35,1,1,19,18,31,59,6,10,0,31,2,92,13,0,9,19,2,19,22,4,0,0,112,2,2,9,2,5,1,22,24,1,27,3,44,4,1,180,7,34,1,17,10,124,1,2,1,11,6,9,1,53,0,2,20,2,5,31,41,0,14,1,60,0,18,8,46,3,37,3,8,3,0,19,32,17,29,5,43,12,11,0,4,7,21,1,4,4,3,1,1,2,2,12,10,43,10,24,3,13,0,4,15,2,6,2,18,2,2,2,12,6,8,21,24,2,1,4,0,1,57,0,23,11,3,5,2,4,4,1,4,11,1,29,10,2,3,3,3,3,38,2,41,12,18,18,18,18,7,0,6,15,3,4,0,23,23,45,37,15,2,0,2,2,18,15,4,277,15,7,3,14,1,0,1,11,0,5,18,34,21,63,8,3,1,9,2,80,27,24,2,29,8,6,0,2,2,4,0,5,3,57,15,7,7,15,1,16,18,4,18,2,3,12,45,1,8,5,3,0,1,3,141,24,74,2,3,15,4,16,2,3,4,0,1,21,22,1,1,1,2,1,9,4,1,12,21,0,19,6,21,10,1,4,4,2,30,2,2,4,27,0,1,14,31,13,10,49,4,11,1,6,9,3,4,56,13,2,27,1,1,11,1,4,4,21,4,4,12,8,14,5,21,10,3,8,14,43,11,19,13,30,6,2,0,17,15,9,2,2,1,1,2,17,196,1,55,2,0,12,5,14,48,37,1,0,11,3,24,1,23,5,9,8,1,18,27,4,6,43,36,0,0,18,1,2,3,11,17,1,24,11,3,1,1,0,5,34,18,6,15,5,1,10,0,2,0,2,2,6,51,33,10,2,4,4,4,11,5,0,9,5,0,1,2,11,1,51,1,2,15,43,28,0,1,2,2,2,17,6,2,1,1,13,2,2,31,0,7,20,7,2,9,5,55,1,4,15,0,0,2,0,2,6,0,10,2,48,1,7,5,4,10,75,7,0,1,5,11,59,2,7,0,80,12,3,24,20,33,0,42,2,8,11,141,1,312,15,0,37,0,12,9,0,37,18,2,28,4,15,1,10,77,2,11,3,0,1,1,0,25,15,7,3,42,3,11,15,18,7,2,19,48,47,32,1,16,0,61,1,2,15,2,10,29,9,1,11,3,5,22,1,5,2,55,45,7,0,3,7,12,10,17,17,9,15,43,0,56,3,3,7,34,275,4,13,2,3,2,4,10,0,17,14,0,1,12,0,4,12,4,39,14,20,7,2,22,2,16,71,0,1,2,0,7,17,1,1,13,5,1,1,11,21,33,10,7,22,0,10,1,0,1,1,2,1,5,0,6,8,3,1,18,1,84,5,2,17,1,7,2,0,22,0,49,109,29,2,7,10,2,2,10,45,0,5,9,19,14,20,13,2,0,1,1,4,1,16,16,7,58,14,2,20,4,8,4,3,130,3,0,12,1,6,4,4,28,218,13,184,29,65,2,177,2,23,6,0,6,0,10,23,7,36,3,6,2,31,2,11,11,9,2,1,14,21,6,3,47,3,8,1,27,25,13,16,105,5,10,57,7,4,15
x6,19,0,2,8,1,16,7,0,36,2,6,0,8,41,0,54,1,5,33,17,45,1,71,2,5,6,0,126,0,14,32,361,32,6,4,2,6,1,5,0,379,1,10,0,4,5,0,0,0,3,88,3,10,6,13,19,1,41,0,16,465,2,4,7,16,1,1,133,0,0,1,1,0,0,9,42,15,3,5,1,2,6,26,1,4,47,0,1,3,15,0,1,0,0,79,59,52,2,281,18,237,13,0,0,0,2,0,1,9,4,0,35,0,0,1,6,19,0,10,21,1,38,6,0,1,5,1,76,25,2,0,26,0,153,15,2,6,21,0,1,2,16,14,23,29,927,0,0,8,12,1,15,4,2,0,4,0,159,324,0,1,60,2,0,0,22,0,0,67,6,45,4,1,1,2,0,103,0,0,1,3,0,0,988,44,4,0,9,0,65,2,4,0,3,9,6,0,94,0,0,256,16,8,3,433,1,48,1,4,0,2,2,19,0,0,0,378,0,0,4,10,15,0,39,11,1,0,0,1,7,22,15,3,46,0,0,3,0,0,13,16,9,4,0,3,6,0,0,1,0,9,52,0,0,0,1,0,11,1,1,0,224,0,0,2,0,118,0,1,5,1,9,40,2,147,5,0,1,6,4,0,7,18,65,19,7,0,1,2,163,0,1,21,0,2,32,12,5,14,4,1,3,77,0,2,5,0,0,0,1,5,5,0,31,186,3,36,221,0,1,4,3,0,124,16,1,0,5,0,0,8,0,22,0,0,4,16,6,0,1,7,4,1,1,11,49,2,1,0,0,1,0,0,1,28,10,4,4,0,32,1,2,87,2,0,0,0,2,16,0,57,0,4,234,0,44,1,0,0,0,47,1318,132,1,8,2,3,0,62,4,0,2,1,0,0,227,0,7,0,1,0,15,111,1,40,2,30,1,3,74,10,8,3,1,1,5,0,21,36,0,2,8,47,2,30,0,0,3,22,1,133,7,2,1,0,5,4,0,1,0,1,0,6,41,6,1,3,218,3,0,0,8,2,88,0,66,0,0,2,1,7,151,126,3,0,12,10,14,229,2,4,1,68,0,148,0,3,7,2,8,0,26,3,12,4,8,3,0,0,2,0,1,0,7,15,0,1,2,0,0,0,9,9,124,9,0,0,4,0,0,3,1,0,0,1,8,1,4,0,30,12,10,6,11,4,0,4,241,0,0,1,0,1,4,18,0,11,1,6,1,1,3,1,29,10,30,1,18,2,381,2,0,8,0,53,71,29,70,18,0,0,0,206,5,0,1,0,0,1,3,1,0,0,90,2,8,0,2,117,8,37,0,0,0,4,0,0,3,0,13,3,1,9,0,2,0,7,0,26,7,22,20,103,3,2,202,0,0,0,0,0,8,0,0,63,105,0,0,0,0,42,5,2,13,0,1,10,0,0,7,13,0,53,23,3,47,11,1067,0,24,5,0,6,0,7,1,7,166,8,4,5,0,0,0,1,1,17,2,0,0,9,133,37,0,17,9,282,0,2,4,3,2,15,11,7,0,0,304,4,31,0,2,1,0,153,0,25,1,20,0,0,23,141,0,7,0,1,23,3,425,0,0,13,0,11,1,0,1,0,1,0,26,3,0,25,1,31,1,1,0,3,5,0,14,0,3,3,0,3,0,0,1,0,14,1,4,1,1,139,0,71,3,0,4,0,0,2,86,17,0,4,21,1,279,0,1,8,63,16,0,0,5,5,0,1,2,0,1,0,0,0,94,85,12,0,2,28,0,2,1,158,0,0,12,7,0,0,4,4,0,6,21,6,499,1,11,47,52,0,0,3,0,10,0,0,0,3,0,2,9,1,0,0,0,0,1,5,10,0,0,367,2,0,1,10,0,1,0,4,0,17,14,0,5,11,5,11,19,8
x7,0,0,0,0,0,0,0,0,0,0,0,0,0,0,0,0,0,0,0,0,0,0,0,0,0,0,0,0,0,0,0,0,0,0,0,0,0,0,0,0,0,0,0,0,0,0,0,0,0,0,0,0,0,0,0,0,0,0,0,0,0,0,0,0,0,0,0,0,0,0,0,0,0,0,0,0,0,0,0,0,0,0,0,0,0,0,0,0,0,0,0,0,0,0,0,0,0,0,0,0,0,0,0,0,0,0,0,0,0,0,0,0,0,0,0,0,0,0,0,0,0,0,0,0,0,0,0,0,0,0,0,0,0,0,0,0,0,0,0,0,0,0,0,0,0,0,0,0,0,0,0,0,0,0,0,0,0,0,0,0,0,0,0,0,0,0,0,0,0,0,0,0,0,0,0,0,0,0,0,0,0,0,0,0,0,0,0,0,0,0,0,0,0,0,0,0,0,0,0,0,0,0,0,0,0,0,0,0,0,0,0,0,0,0,0,0,0,0,0,0,0,0,0,0,0,0,0,0,0,0,0,0,0,0,0,0,0,0,0,0,0,0,0,0,0,0,0,0,0,0,0,0,0,0,0,0,0,0,0,0,0,0,0,0,0,0,0,0,0,0,0,0,0,0,0,0,0,0,0,0,0,0,0,0,0,0,0,0,0,0,0,0,0,0,0,0,0,0,0,0,0,0,0,0,0,0,0,0,0,0,0,0,0,0,0,0,0,0,0,0,0,0,0,0,0,0,0,0,0,0,0,0,0,0,0,0,0,0,0,0,0,0,0,0,0,0,0,0,0,0,0,0,0,0,0,0,0,0,0,0,0,0,0,0,0,0,0,0,0,0,0,0,0,0,0,0,0,0,0,0,0,0,0,0,0,0,0,0,0,0,0,0,0,0,0,0,0,0,0,0,0,0,0,0,0,0,0,0,0,0,0,0,0,0,0,0,0,0,0,0,0,0,0,0,0,0,0,0,0,0,0,0,0,0,0,0,0,0,0,0,0,0,0,0,0,0,0,0,0,0,0,0,0,0,0,0,0,0,0,0,0,0,0,0,0,0,0,0,0,0,0,0,0,0,0,0,0,0,0,0,0,0,0,0,0,0,0,0,0,0,0,0,0,0,0,0,0,0,0,0,0,0,0,0,0,0,0,0,0,0,0,0,0,0,0,0,0,0,0,0,0,0,0,0,0,0,0,0,0,0,0,0,0,0,0,0,0,0,0,0,0,0,0,0,0,0,0,0,0,0,0,0,0,0,0,0,0,0,0,0,0,0,0,0,0,0,0,0,0,0,0,0,0,0,0,0,0,0,0,0,0,0,0,0,0,0,0,0,0,0,0,0,0,0,0,0,0,0,0,0,0,0,0,0,0,0,0,0,0,0,0,0,0,0,0,0,0,0,0,0,0,0,0,0,0,0,0,0,0,0,0,0,0,0,0,0,0,0,0,0,0,0,0,0,0,0,0,0,0,0,0,0,0,0,0,0,0,0,0,0,0,0,0,0,0,0,0,0,0,0,0,0,0,0,0,0,0,0,0,0,0,0,0,0,0,0,0,0,0,0,0,0,0,0,0,0,0,0,0,0,0,0,0,0,0,0,0,0,0,0,0,0,0,0,0,0,0,0,0,0,0,0,0,0,0,0,0,0,0,0,0,0,0,0,0,0,0,0,0,0,0,0,0,0,0,0,0,0,0,0,0,0,0,0,0,0,0,0,0,0,0,0,0,0,0,0,0,0,0,0,0,0,0,0,0,0,0,0,0,0,0,0,0,0,0,0,0,0,0,0,0,0,0,0,0,0,0,0,0,0,0,0,0,0,0,0,0,0,0,0,0,0,0,0,0,0,0,0,0,0,0,0,0,0,0,0,0,0,0,0,0,0,0,0,0,0,0,0,0
x8,0,0,0,0,0,0,0,0,0,0,0,0,0,0,0,0,0,0,0,0,0,0,0,0,0,0,0,0,0,0,0,0,0,0,0,0,0,0,0,0,0,0,0,0,0,0,0,0,0,0,0,0,0,0,0,0,0,0,0,0,0,0,0,0,0,0,0,0,0,0,0,0,0,0,0,0,0,0,0,0,0,0,0,0,0,0,0,0,0,0,0,0,0,0,0,0,0,0,0,0,0,0,0,0,0,0,0,0,0,0,0,0,0,0,0,0,0,0,0,0,0,0,0,0,0,0,0,0,0,0,0,0,0,0,0,0,0,0,0,0,0,0,0,0,0,0,0,0,0,0,0,0,0,0,0,0,0,0,0,0,0,0,0,0,0,0,0,0,0,0,0,0,0,0,0,0,0,0,0,0,0,0,0,0,0,0,0,0,0,0,0,0,0,0,0,0,0,0,0,0,0,0,0,0,0,0,0,0,0,0,0,0,0,0,0,0,0,0,0,0,0,0,0,0,0,0,0,0,0,0,0,0,0,0,0,0,0,0,0,0,0,0,0,0,0,0,0,0,0,0,0,0,0,0,0,0,0,0,0,0,0,0,0,0,0,0,0,0,0,0,0,0,0,0,0,0,0,0,0,0,0,0,0,0,0,0,0,0,0,0,0,0,0,0,0,0,0,0,0,0,0,0,0,0,0,0,0,0,0,0,0,0,0,0,0,0,0,0,0,0,0,0,0,0,0,0,0,0,0,0,0,0,0,0,0,0,0,0,0,0,0,0,0,0,0,0,0,0,0,0,0,0,0,0,0,0,0,0,0,0,0,0,0,0,0,0,0,0,0,0,0,0,0,0,0,0,0,0,0,0,0,0,0,0,0,0,0,0,0,0,0,0,0,0,0,0,0,0,0,0,0,0,0,0,0,0,0,0,0,0,0,0,0,0,0,0,0,0,0,0,0,0,0,0,0,0,0,0,0,0,0,0,0,0,0,0,0,0,0,0,0,0,0,0,0,0,0,0,0,0,0,0,0,0,0,0,0,0,0,0,0,0,0,0,0,0,0,0,0,0,0,0,0,0,0,0,0,0,0,0,0,0,0,0,0,0,0,0,0,0,0,0,0,0,0,0,0,0,0,0,0,0,0,0,0,0,0,0,0,0,0,0,0,0,0,0,0,0,0,0,0,0,0,0,0,0,0,0,0,0,0,0,0,0,0,0,0,0,0,0,0,0,0,0,0,0,0,0,0,0,0,0,0,0,0,0,0,0,0,0,0,0,0,0,0,0,0,0,0,0,0,0,0,0,0,0,0,0,0,0,0,0,0,0,0,0,0,0,0,0,0,0,0,0,0,0,0,0,0,0,0,0,0,0,0,0,0,0,0,0,0,0,0,0,0,0,0,0,0,0,0,0,0,0,0,0,0,0,0,0,0,0,0,0,0,0,0,0,0,0,0,0,0,0,0,0,0,0,0,0,0,0,0,0,0,0,0,0,0,0,0,0,0,0,0,0,0,0,0,0,0,0,0,0,0,0,0,0,0,0,0,0,0,0,0,0,0,0,0,0,0,0,0,0,0,0,0,0,0,0,0,0,0,0,0,0,0,0,0,0,0,0,0,0,0,0,0,0,0,0,0,0,0,0,0,0,0,0,0,0,0,0,0,0,0,0,0,0,0,0,0,0,0,0,0,0,0,0,0,0,0,0,0,0,0,0,0,0,0,0,0,0,0,0,0,0,0,0,0,0,0,0,0,0,0,0,0,0,0,0,0,0,0,0,0,0,0,0,0,0,0,0,0,0,0,0,0,0,0,0,0,0,0,0,0,0,0,0,0,0,0,0,0,0,0,0,0,0,0,0,0,0,0,0,0,0,0,0,0,0,0,0,0,0,0,0,0,0,0
x9,0,0,0,0,0,0,0,0,0,0,0,0,0,0,0,0,0,0,0,0,0,0,0,0,0,0,0,0,0,0,0,0,0,0,0,0,0,0,0,0,0,0,0,0,0,0,0,0,0,0,0,0,0,0,0,0,0,0,0,0,0,0,0,0,0,0,0,0,0,0,0,0,0,0,0,0,0,0,0,0,0,0,0,0,0,0,0,0,0,0,0,0,0,0,0,0,0,0,0,0,0,0,0,0,0,0,0,0,0,0,0,0,0,0,0,0,0,0,0,0,0,0,0,0,0,0,0,0,0,0,0,0,0,0,0,0,0,0,0,0,0,0,0,0,0,0,0,0,0,0,0,0,0,0,0,0,0,0,0,0,0,0,0,0,0,0,0,0,0,0,0,0,0,0,0,0,0,0,0,0,0,0,0,0,0,0,0,0,0,0,0,0,0,0,0,0,0,0,0,0,0,0,0,0,0,0,0,0,0,0,0,0,0,0,0,0,0,0,0,0,0,0,0,0,0,0,0,0,0,0,0,0,0,0,0,0,0,0,0,0,0,0,0,0,0,0,0,0,0,0,0,0,0,0,0,0,0,0,0,0,0,0,0,0,0,0,0,0,0,0,0,0,0,0,0,0,0,0,0,0,0,0,0,0,0,0,0,0,0,0,0,0,0,0,0,0,0,0,0,0,0,0,0,0,0,0,0,0,0,0,0,0,0,0,0,0,0,0,0,0,0,0,0,0,0,0,0,0,0,0,0,0,0,0,0,0,0,0,0,0,0,0,0,0,0,0,0,0,0,0,0,0,0,0,0,0,0,0,0,0,0,0,0,0,0,0,0,0,0,0,0,0,0,0,0,0,0,0,0,0,0,0,0,0,0,0,0,0,0,0,0,0,0,0,0,0,0,0,0,0,0,0,0,0,0,0,0,0,0,0,0,0,0,0,0,0,0,0,0,0,0,0,0,0,0,0,0,0,0,0,0,0,0,0,0,0,0,0,0,0,0,0,0,0,0,0,0,0,0,0,0,0,0,0,0,0,0,0,0,0,0,0,0,0,0,0,0,0,0,0,0,0,0,0,0,0,0,0,0,0,0,0,0,0,0,0,0,0,0,0,0,0,0,0,0,0,0,0,0,0,0,0,0,0,0,0,0,0,0,0,0,0,0,0,0,0,0,0,0,0,0,0,0,0,0,0,0,0,0,0,0,0,0,0,0,0,0,0,0,0,0,0,0,0,0,0,0,0,0,0,0,0,0,0,0,0,0,0,0,0,0,0,0,0,0,0,0,0,0,0,0,0,0,0,0,0,0,0,0,0,0,0,0,0,0,0,0,0,0,0,0,0,0,0,0,0,0,0,0,0,0,0,0,0,0,0,0,0,0,0,0,0,0,0,0,0,0,0,0,0,0,0,0,0,0,0,0,0,0,0,0,0,0,0,0,0,0,0,0,0,0,0,0,0,0,0,0,0,0,0,0,0,0,0,0,0,0,0,0,0,0,0,0,0,0,0,0,0,0,0,0,0,0,0,0,0,0,0,0,0,0,0,0,0,0,0,0,0,0,0,0,0,0,0,0,0,0,0,0,0,0,0,0,0,0,0,0,0,0,0,0,0,0,0,0,0,0,0,0,0,0,0,0,0,0,0,0,0,0,0,0,0,0,0,0,0,0,0,0,0,0,0,0,0,0,0,0,0,0,0,0,0,0,0,0,0,0,0,0,0,0,0,0,0,0,0,0,0,0,0,0,0,0,0,0,0,0,0,0,0,0,0,0,0,0,0,0,0,0,0,0,0,0,0,0,0,0,0,0,0,0,0,0,0,0,0,0,0,0,0,0,0,0,0,0,0,0,0,0,0,0,0,0,0,0,0,0,0,0,0,0,0,0,0,0,0,0,0,0
