,init_to_steady1_2_0,init_to_steady1_2_1,init_to_steady1_3_0,init_to_steady1_3_1,init_to_steady1_3_2,init_to_steady1_3_3,init_to_steady1_3_4,init_to_steady1_3_5,init_to_steady1_4_0,init_to_steady1_4_1,init_to_steady1_4_2,init_to_steady1_4_3,init_to_steady1_4_4,init_to_steady1_4_5,init_to_steady1_4_6,init_to_steady1_5_0,init_to_steady1_5_1,init_to_steady1_5_2,init_to_steady1_5_3,init_to_steady1_5_4,init_to_steady1_5_5,init_to_steady1_5_6,init_to_steady1_5_7,init_to_steady1_5_8,init_to_steady1_5_9,init_to_steady1_6_0,init_to_steady1_6_1,init_to_steady1_6_2,init_to_steady1_6_3,init_to_steady1_6_4,init_to_steady1_6_5,init_to_steady1_6_6,init_to_steady1_6_7,init_to_steady1_6_8,init_to_steady1_6_9,init_to_steady1_6_10,init_to_steady1_6_11,init_to_steady1_6_12,init_to_steady1_6_13,init_to_steady1_7_0,init_to_steady1_7_1,init_to_steady1_7_2,init_to_steady1_7_3,init_to_steady1_7_4,init_to_steady1_7_5,init_to_steady1_7_6,init_to_steady1_7_7,init_to_steady1_7_8,init_to_steady1_7_9,init_to_steady1_7_10,init_to_steady1_7_11,init_to_steady1_7_12,init_to_steady1_7_13,init_to_steady1_8_0,init_to_steady1_8_1,init_to_steady1_8_2,init_to_steady1_8_3,init_to_steady1_8_4,init_to_steady1_8_5,init_to_steady1_8_6,init_to_steady1_8_7,init_to_steady1_8_8,init_to_steady1_8_9,init_to_steady1_8_10,init_to_steady1_8_11,init_to_steady1_8_12,init_to_steady1_8_13,init_to_steady1_8_14,init_to_steady1_8_15,init_to_steady1_8_16,init_to_steady1_8_17,init_to_steady1_8_18,init_to_steady1_8_19,init_to_steady1_8_20,init_to_steady1_8_21,init_to_steady1_8_22,init_to_steady1_8_23,init_to_steady1_8_24,init_to_steady1_8_25,init_to_steady1_8_26,init_to_steady1_8_27,init_to_steady1_9_0,init_to_steady1_9_1,init_to_steady1_9_2,init_to_steady1_9_3,init_to_steady1_9_4,init_to_steady1_9_5,init_to_steady1_9_6,init_to_steady1_9_7,init_to_steady1_9_8,init_to_steady1_9_9,init_to_steady1_9_10,init_to_steady1_9_11,init_to_steady1_9_12,init_to_steady1_9_13,init_to_steady1_9_14,init_to_steady1_9_15,init_to_steady1_9_16,init_to_steady1_9_17,init_to_steady1_9_18,init_to_steady1_9_19,init_to_steady1_9_20,init_to_steady1_9_21,init_to_steady1_9_22,init_to_steady1_9_23,init_to_steady1_9_24,steady1_0,steady1_1,steady1_2,steady1_3,steady1_4,steady1_5,steady1_6,steady1_7,steady1_8,steady1_9,steady1_10,steady1_11,steady1_12,steady1_13,steady1_14,steady1_15,steady1_16,steady1_17,steady1_18,steady1_19,steady1_20,steady1_21,steady1_22,steady1_23,steady1_24,steady1_25,steady1_26,steady1_27,steady1_28,steady1_29,steady1_30,steady1_31,steady1_32,steady1_33,steady1_34,steady1_35,steady1_36,steady1_37,steady1_38,steady1_39,steady1_40,steady1_41,steady1_42,steady1_43,steady1_44,steady1_45,steady1_46,steady1_47,steady1_48,steady1_49,steady1_50,steady1_51,steady1_52,steady1_53,steady1_54,steady1_55,steady1_56,steady1_57,steady1_58,steady1_59,steady1_60,steady1_61,steady1_62,steady1_63,steady1_64,steady1_65,steady1_66,steady1_67,steady1_68,steady1_69,steady1_70,steady1_71,steady1_72,steady1_73,steady1_74,steady1_75,steady1_76,steady1_77,steady1_78,steady1_79,steady1_80,steady1_81,steady1_82,steady1_83,steady1_84,steady1_85,steady1_86,steady1_87,steady1_88,steady1_89,steady1_90,steady1_91,steady1_92,steady1_93,steady1_94,steady1_95,steady1_96,steady1_97,steady1_98,steady1_99,steady1_100,steady1_101,steady1_102,steady1_103,steady1_104,steady1_105,steady1_106,steady1_107,steady1_108,steady1_109,steady1_110,steady1_111,steady1_112,steady1_113,steady1_114,steady1_115,steady1_116,steady1_117,steady1_118,steady1_119,steady1_120,steady1_121,steady1_122,steady1_123,steady1_124,steady1_125,steady1_126,steady1_127,steady1_128,steady1_129,steady1_130,steady1_131,steady1_132,steady1_133,steady1_134,steady1_135,steady1_136,steady1_137,steady1_138,steady1_139,steady1_140,steady1_141,steady1_142,steady1_143,steady1_144,steady1_145,steady1_146,steady1_147,steady1_148,steady1_149,steady1_150,steady1_151,steady1_152,steady1_153,steady1_154,steady1_155,steady1_156,steady1_157,steady1_158,steady1_159,steady1_160,steady1_161,steady1_162,bifurcation_to_steady2_2_0,bifurcation_to_steady2_3_0,bifurcation_to_steady2_3_1,bifurcation_to_steady2_3_2,bifurcation_to_steady2_4_0,bifurcation_to_steady2_4_1,bifurcation_to_steady2_4_2,bifurcation_to_steady2_4_3,bifurcation_to_steady2_4_4,bifurcation_to_steady2_5_0,bifurcation_to_steady2_5_1,bifurcation_to_steady2_5_2,bifurcation_to_steady2_5_3,bifurcation_to_steady2_5_4,bifurcation_to_steady2_5_5,bifurcation_to_steady2_6_0,bifurcation_to_steady2_6_1,bifurcation_to_steady2_6_2,bifurcation_to_steady2_6_3,bifurcation_to_steady2_6_4,bifurcation_to_steady2_6_5,bifurcation_to_steady2_6_6,bifurcation_to_steady2_6_7,bifurcation_to_steady2_6_8,bifurcation_to_steady2_7_0,bifurcation_to_steady2_7_1,bifurcation_to_steady2_7_2,bifurcation_to_steady2_7_3,bifurcation_to_steady2_7_4,bifurcation_to_steady2_7_5,bifurcation_to_steady2_7_6,bifurcation_to_steady2_7_7,bifurcation_to_steady2_7_8,bifurcation_to_steady2_7_9,bifurcation_to_steady2_7_10,bifurcation_to_steady2_7_11,bifurcation_to_steady2_7_12,bifurcation_to_steady2_7_13,bifurcation_to_steady2_7_14,bifurcation_to_steady2_7_15,bifurcation_to_steady2_7_16,bifurcation_to_steady2_8_0,bifurcation_to_steady2_8_1,bifurcation_to_steady2_8_2,bifurcation_to_steady2_8_3,bifurcation_to_steady2_8_4,bifurcation_to_steady2_8_5,bifurcation_to_steady2_8_6,bifurcation_to_steady2_8_7,bifurcation_to_steady2_8_8,bifurcation_to_steady2_8_9,bifurcation_to_steady2_8_10,bifurcation_to_steady2_8_11,bifurcation_to_steady2_8_12,bifurcation_to_steady2_8_13,bifurcation_to_steady2_8_14,bifurcation_to_steady2_8_15,bifurcation_to_steady2_8_16,bifurcation_to_steady2_9_0,bifurcation_to_steady2_9_1,bifurcation_to_steady2_9_2,bifurcation_to_steady2_9_3,bifurcation_to_steady2_9_4,bifurcation_to_steady2_9_5,bifurcation_to_steady2_9_6,bifurcation_to_steady2_9_7,bifurcation_to_steady2_9_8,bifurcation_to_steady2_11_0,steady2_0,steady2_1,steady2_2,steady2_3,steady2_4,steady2_5,steady2_6,steady2_7,steady2_8,steady2_9,steady2_10,steady2_11,steady2_12,steady2_13,steady2_14,steady2_15,steady2_16,steady2_17,steady2_18,steady2_19,steady2_20,steady2_21,steady2_22,steady2_23,steady2_24,steady2_25,steady2_26,steady2_27,steady2_28,steady2_29,steady2_30,steady2_31,steady2_32,steady2_33,steady2_34,steady2_35,steady2_36,steady2_37,steady2_38,steady2_39,steady2_40,steady2_41,steady2_42,steady2_43,steady2_44,steady2_45,steady2_46,steady2_47,steady2_48,steady2_49,steady2_50,steady2_51,steady2_52,steady2_53,steady2_54,steady2_55,steady2_56,steady2_57,steady2_58,steady2_59,steady2_60,steady2_61,steady2_62,steady2_63,steady2_64,steady2_65,steady2_66,steady2_67,steady2_68,steady2_69,steady2_70,steady2_71,steady2_72,steady2_73,steady2_74,steady2_75,steady2_76,steady2_77,steady2_78,steady2_79,steady2_80,steady2_81,steady2_82,steady2_83,steady2_84,steady2_85,steady2_86,steady2_87,steady2_88,steady2_89,steady2_90,steady2_91,steady2_92,steady2_93,steady2_94,steady2_95,steady2_96,steady2_97,steady2_98,steady2_99,steady2_100,steady2_101,steady2_102,steady2_103,steady2_104,steady2_105,steady2_106,steady2_107,steady2_108,steady2_109,steady2_110,steady2_111,steady2_112,steady2_113,steady2_114,steady2_115,steady2_116,steady2_117,steady2_118,steady2_119,steady2_120,steady2_121,steady2_122,steady2_123,steady2_124,steady2_125,steady2_126,steady2_127,steady2_128,steady2_129,steady2_130,steady2_131,steady2_132,steady2_133,steady2_134,steady2_135,steady2_136,steady2_137,steady2_138,steady2_139,steady2_140,steady2_141,steady2_142,steady2_143,steady2_144,steady2_145,steady2_146,steady2_147,steady2_148,steady2_149,steady2_150,steady2_151,steady2_152,steady2_153,steady2_154,steady2_155,steady2_156,steady2_157,steady2_158,steady2_159,steady2_160,steady2_161,steady2_162,steady2_163,steady2_164,steady2_165,steady2_166,steady2_167,bifurcation_to_steady3_2_0,bifurcation_to_steady3_2_1,bifurcation_to_steady3_2_2,bifurcation_to_steady3_2_3,bifurcation_to_steady3_2_4,bifurcation_to_steady3_3_0,bifurcation_to_steady3_4_0,bifurcation_to_steady3_4_1,bifurcation_to_steady3_4_2,bifurcation_to_steady3_4_3,bifurcation_to_steady3_4_4,bifurcation_to_steady3_4_5,bifurcation_to_steady3_4_6,bifurcation_to_steady3_4_7,bifurcation_to_steady3_4_8,bifurcation_to_steady3_5_0,bifurcation_to_steady3_5_1,bifurcation_to_steady3_5_2,bifurcation_to_steady3_5_3,bifurcation_to_steady3_5_4,bifurcation_to_steady3_5_5,bifurcation_to_steady3_5_6,bifurcation_to_steady3_5_7,bifurcation_to_steady3_5_8,bifurcation_to_steady3_6_0,bifurcation_to_steady3_6_1,bifurcation_to_steady3_6_2,bifurcation_to_steady3_6_3,bifurcation_to_steady3_6_4,bifurcation_to_steady3_6_5,bifurcation_to_steady3_6_6,bifurcation_to_steady3_6_7,bifurcation_to_steady3_6_8,bifurcation_to_steady3_6_9,bifurcation_to_steady3_6_10,bifurcation_to_steady3_6_11,bifurcation_to_steady3_6_12,bifurcation_to_steady3_7_0,bifurcation_to_steady3_7_1,bifurcation_to_steady3_7_2,bifurcation_to_steady3_7_3,bifurcation_to_steady3_7_4,bifurcation_to_steady3_7_5,bifurcation_to_steady3_7_6,bifurcation_to_steady3_7_7,bifurcation_to_steady3_7_8,bifurcation_to_steady3_7_9,bifurcation_to_steady3_7_10,bifurcation_to_steady3_7_11,bifurcation_to_steady3_7_12,bifurcation_to_steady3_7_13,bifurcation_to_steady3_7_14,bifurcation_to_steady3_8_0,bifurcation_to_steady3_8_1,bifurcation_to_steady3_8_2,bifurcation_to_steady3_8_3,bifurcation_to_steady3_8_4,bifurcation_to_steady3_8_5,bifurcation_to_steady3_8_6,bifurcation_to_steady3_8_7,bifurcation_to_steady3_8_8,bifurcation_to_steady3_8_9,bifurcation_to_steady3_8_10,bifurcation_to_steady3_8_11,bifurcation_to_steady3_8_12,bifurcation_to_steady3_8_13,bifurcation_to_steady3_8_14,bifurcation_to_steady3_8_15,bifurcation_to_steady3_8_16,bifurcation_to_steady3_8_17,bifurcation_to_steady3_8_18,bifurcation_to_steady3_8_19,bifurcation_to_steady3_8_20,bifurcation_to_steady3_8_21,bifurcation_to_steady3_8_22,bifurcation_to_steady3_8_23,bifurcation_to_steady3_9_0,bifurcation_to_steady3_9_1,bifurcation_to_steady3_9_2,bifurcation_to_steady3_9_3,bifurcation_to_steady3_9_4,bifurcation_to_steady3_9_5,bifurcation_to_steady3_9_6,bifurcation_to_steady3_9_7,bifurcation_to_steady3_9_8,bifurcation_to_steady3_9_9,bifurcation_to_steady3_9_10,bifurcation_to_steady3_9_11,bifurcation_to_steady3_9_12,bifurcation_to_steady3_9_13,bifurcation_to_steady3_9_14,bifurcation_to_steady3_9_15,bifurcation_to_steady3_12_0,bifurcation_to_steady3_13_0,steady3_0,steady3_1,steady3_2,steady3_3,steady3_4,steady3_5,steady3_6,steady3_7,steady3_8,steady3_9,steady3_10,steady3_11,steady3_12,steady3_13,steady3_14,steady3_15,steady3_16,steady3_17,steady3_18,steady3_19,steady3_20,steady3_21,steady3_22,steady3_23,steady3_24,steady3_25,steady3_26,steady3_27,steady3_28,steady3_29,steady3_30,steady3_31,steady3_32,steady3_33,steady3_34,steady3_35,steady3_36,steady3_37,steady3_38,steady3_39,steady3_40,steady3_41,steady3_42,steady3_43,steady3_44,steady3_45,steady3_46,steady3_47,steady3_48,steady3_49,steady3_50,steady3_51,steady3_52,steady3_53,steady3_54,steady3_55,steady3_56,steady3_57,steady3_58,steady3_59,steady3_60,steady3_61,steady3_62,steady3_63,steady3_64,steady3_65,steady3_66,steady3_67,steady3_68,steady3_69,steady3_70,steady3_71,steady3_72,steady3_73,steady3_74,steady3_75,steady3_76,steady3_77,steady3_78,steady3_79,steady3_80,steady3_81,steady3_82,steady3_83,steady3_84,steady3_85,steady3_86,steady3_87,steady3_88,steady3_89,steady3_90,steady3_91,steady3_92,steady3_93,steady3_94,steady3_95,steady3_96,steady3_97,steady3_98,steady3_99,steady3_100,steady3_101,steady3_102,steady3_103,steady3_104,steady3_105,steady3_106,steady3_107,steady3_108,steady3_109,steady3_110,steady3_111,steady3_112,steady3_113,steady3_114,steady3_115,steady3_116,steady3_117,steady3_118,steady3_119,steady3_120,steady3_121,steady3_122,steady3_123,steady3_124,steady3_125,steady3_126,steady3_127,steady3_128,steady3_129,steady3_130,steady3_131,steady3_132,steady3_133,steady3_134,steady3_135,steady3_136,steady3_137,steady3_138,steady3_139,steady3_140,steady3_141,steady3_142,steady3_143,steady3_144,steady3_145,steady3_146,steady3_147,steady3_148,steady3_149,steady3_150,steady3_151,steady3_152,steady3_153,steady3_154,steady3_155,steady3_156
x0,2,0,0,6,7,1,7,0,0,1,10,58,0,0,1,0,0,0,2,0,24,0,0,0,0,0,0,18,2,1,0,0,0,0,1,0,0,4,0,0,1,2,3,5,3,0,1,2,2,5,1,6,3,2,0,10,0,2,8,0,0,0,4,2,0,0,2,4,1,0,0,0,0,0,123,0,9,1,0,1,25,6,11,10,1,1,1,4,17,14,0,1,2,2,3,19,0,6,0,2,0,1,14,0,0,0,0,0,1,1,0,0,0,5,4,0,3,5,1,0,1,0,1,0,54,0,0,2,4,1,0,0,0,9,1,0,3,0,4,0,1,5,0,1,0,0,5,0,1,3,0,1,0,0,35,1,0,0,1,0,0,2,0,0,1,4,0,7,2,7,0,0,0,0,2,1,0,17,4,14,1,4,0,0,0,1,0,3,1,1,15,1,0,0,0,0,2,0,0,1,8,0,19,3,6,0,2,0,0,1,26,3,0,6,1,0,0,5,0,6,45,0,7,0,0,0,0,2,0,0,2,0,1,0,0,5,0,0,3,0,0,0,1,0,0,1,0,0,1,1,1,4,1,0,1,9,0,20,1,1,2,0,1,0,2,11,1,1,1,0,0,0,0,0,0,0,0,0,0,0,0,0,0,0,0,0,0,0,0,0,0,0,0,0,0,0,0,0,0,0,0,0,0,0,0,0,0,0,0,0,0,0,0,0,0,0,0,0,0,0,0,0,0,0,0,0,0,0,0,0,0,0,0,0,0,0,0,0,0,0,0,0,0,0,0,0,0,0,0,0,0,0,0,0,0,0,0,0,0,0,0,0,0,0,0,0,0,0,0,0,0,0,0,0,0,0,0,0,0,0,0,0,0,0,0,0,0,0,0,0,0,0,0,0,0,0,0,0,0,0,0,0,0,0,0,0,0,0,0,0,0,0,0,0,0,0,0,0,0,0,0,0,0,0,0,0,0,0,0,0,0,0,0,0,0,0,0,0,0,0,0,0,0,0,0,0,0,0,0,0,0,0,0,0,0,0,0,0,0,0,0,0,0,0,0,0,0,0,0,0,0,0,0,0,0,0,0,0,0,0,0,0,0,0,0,0,0,0,0,0,0,0,0,0,0,0,0,0,0,0,0,0,0,0,0,0,0,0,0,0,0,0,0,0,0,0,0,0,0,0,0,0,0,0,0,0,0,0,0,0,0,0,0,0,0,0,0,0,0,0,0,0,0,0,0,0,0,0,0,0,0,0,0,0,0,0,0,0,0,0,0,0,0,0,0,0,0,0,0,0,0,0,0,0,0,0,0,0,0,0,0,0,0,0,0,0,0,0,0,0,0,0,0,0,0,0,0,0,0,0,0,0,0,0,0,0,0,0,0,0,0,0,0,0,0,0,0,0,0,0,0,0,0,0,0,0,0,0,0,0,0,0,0,0,0,0,0,0,0,0,0,0,0,0,0,0,0,0,0,0,0,0,0,0,0,0,0,0,0,0,0,0,0,0,0,0,0,0,0,0,0,0,0,0,0,0,0,0,0,0,0,0,0,0,0,0,0,0,0,0,0,0,0,0,0,0,0,0,0,0,0,0,0,0,0,0,0,0,0,0,0,0,0,0,0,0,0,0,0,0,0,0,0,0,0,0,0,0,0,0,0,0,0,0,0,0,0,0,0,0,0,0,0,0,0,0,0,0,0,0,0,0,0,0,0,0
x1,0,0,0,0,0,0,0,0,0,0,0,0,0,0,0,0,0,0,0,0,0,0,0,0,0,0,0,0,0,0,0,0,0,0,0,0,0,0,0,0,0,0,0,0,0,0,0,0,0,0,0,0,0,0,0,0,0,0,0,0,0,0,0,0,0,0,0,0,0,0,0,0,0,0,0,0,0,0,0,0,0,0,0,0,0,0,0,0,0,0,0,0,0,0,0,0,0,0,0,0,0,0,0,0,0,0,0,0,0,0,0,0,0,0,0,0,0,0,0,0,0,0,0,0,0,0,0,0,0,0,0,0,0,0,0,0,0,0,0,0,0,0,0,0,0,0,0,0,0,0,0,0,0,0,0,0,0,0,0,0,0,0,0,0,0,0,0,0,0,0,0,0,0,0,0,0,0,0,0,0,0,0,0,0,0,0,0,0,0,0,0,0,0,0,0,0,0,0,0,0,0,0,4,0,0,0,0,0,0,0,0,0,0,0,0,0,0,0,0,0,0,0,0,0,0,0,0,0,0,0,0,0,0,0,0,0,0,0,0,0,0,0,0,0,0,0,0,0,0,0,0,0,0,0,0,0,0,0,0,0,0,0,0,0,0,0,0,0,0,0,0,0,0,0,0,0,0,0,0,0,0,0,0,0,0,0,0,0,0,0,0,0,0,0,0,0,0,0,0,0,0,0,0,0,0,0,0,0,0,0,0,0,0,0,0,0,0,0,0,0,0,0,0,0,0,0,0,0,0,0,0,0,0,0,0,0,0,0,0,0,0,0,0,0,0,0,0,0,0,0,0,0,0,0,0,0,0,0,0,0,0,0,0,0,0,0,0,0,0,0,0,0,0,0,0,0,0,0,0,0,0,0,0,0,0,0,0,0,0,0,0,0,0,0,0,0,0,0,0,0,0,0,0,0,0,0,0,0,0,0,0,0,0,0,0,0,0,0,0,0,0,0,0,0,0,0,0,0,0,0,0,0,0,0,0,0,0,0,0,0,0,0,0,0,0,0,0,0,0,0,0,0,0,0,0,0,0,0,0,0,0,0,0,0,0,0,0,0,0,0,0,0,0,0,0,0,0,0,0,0,0,0,0,0,0,0,0,0,0,0,0,0,0,0,0,0,0,0,0,0,0,0,0,0,0,8,0,0,0,0,0,0,0,0,0,0,0,0,0,0,0,0,0,0,0,6,0,0,0,0,0,0,0,0,2,1,0,2,0,0,0,0,0,0,0,1,0,0,0,0,0,0,2,0,0,8,0,0,0,0,0,0,1,0,0,0,0,0,0,0,0,0,1,1,0,0,6,0,0,0,0,0,0,0,0,0,0,0,0,10,0,0,0,0,2,0,0,1,6,0,0,0,0,1,0,0,0,2,0,0,0,0,0,0,0,0,0,0,0,0,0,3,0,1,0,2,0,1,1,0,0,0,1,1,1,1,0,0,0,0,0,1,0,0,0,0,0,0,0,1,0,0,0,0,0,0,0,0,0,0,0,0,0,0,0,0,10,0,0,0,2,1,0,0,0,0,0,0,2,0,0,0,0,0,0,0,0,0,0,0,0,1,0,0,0,0,0,0,0,0,0,1,0,0,0,0,2,0,0,0,0,0,0,0,0,0,0,0,0,1,0,0,0,0,0,0,1,0,2,1,0,0,0,0,0,1,0,0,0,0,0,0,0,2,0,0,0,0,0,0,0,0,0,0,0,0
x10,2,0,14,0,125,2,74,0,0,1,31,39,2,1,6,0,11,33,4,2,34,2,0,0,13,0,1,28,5,0,24,1,0,12,2,4,2,11,0,5,1,0,3,27,0,1,1,1,0,3,5,12,7,22,11,5,17,2,31,0,1,489,20,13,0,1,234,7,31,17,5,0,0,3,13,15,0,97,2,72,3,3,291,4,26,7,162,7,39,50,23,0,3,4,39,7,1,4,6,4,6,18,51,6,17,0,0,0,5,11,3,6,0,388,13,1,1,29,2,1,5,3,70,1,65,1,0,124,57,17,2,0,0,3,2,0,12,0,176,0,212,2,1,101,0,2,176,1,36,42,2,4,2,15,22,0,1,0,13,16,1,1,0,1,7,866,0,10,23,6,0,0,2,0,24,18,2,7,14,40,21,11,1,87,0,0,0,5,19,4,22,1,4,10,3,0,25,22,0,4,6,0,36,2,20,19,31,0,1,1,14,41,2,255,7,11,54,22,0,3,44,0,7,4,0,2,0,199,1,1,7,0,1,24,49,13,3,3,1079,5,8,4,12,2,13,62,12,5,18,0,38,2,2,7,2,16,0,14,6,8,17,0,10,7,4,146,4,12,18,128,3,0,13,2,4,4,122,6,2,3,7,13,0,17,5,4,29,4,30,1,13,2,28,39,4,31,88,0,2,0,0,0,788,27,16,0,11,6,0,6,13,3,12,17,2,1,4,3,14,0,12,4,2,15,23,1,9,1,192,5,4,0,1029,12,3,4,0,3,3,4,19,4,4,12,10,29,1,79,0,55,7,7,83,1,4,1,0,92,274,5,1,209,1,1,108,4,3,5,4,16,1,38,0,23,1,3,7,5,1,261,25,4,7,3,5,3,112,39,13,6,0,37,13,0,0,6,0,0,53,22,0,17,1,2,2,6,1,18,95,19,0,38,1,1,105,44,12,4,4,58,5,3,0,1,12,0,42,0,18,1,4908,22,12,15,4,0,2,408,1,6,4,2,60,689,0,230,1,6,354,1,882,0,175,4,6,1,10,19,656,1,6,4,1,0,4,3,31,10,3,5,9,1,101,0,25,10,1,45,4,5,19,2,9,3,2,13,13,653,1,0,0,1,5,0,1,6,2,28,3,1,0,4,2,0,10,12,3,170,0,97,1,7,588,1,1,0,3,0,0,0,1,4,1,1,5,8,2,7,1,2,2,1,0,0,5,4,3,123,1,6,3,10,34,1,1,8,29,22,3,8,6,3,88,0,6,108,27,0,16,30,0,45,23,9,9,1,157,43,168,11,10,0,5,73,0,2,10,9,37,7,0,1,4,5,64,3,2,1,29,39,14,1,3,0,11,38,1,5,7,0,0,0,0,1,0,0,0,0,0,0,0,0,0,0,0,0,1,0,0,0,0,0,0,0,0,0,0,2,0,0,0,0,0,0,1,0,0,0,0,0,0,1,0,0,0,0,0,0,0,0,0,0,0,0,0,1,0,0,0,0,0,0,0,0,0,0,0,0,0,0,5,0,0,0,0,0,0,0,1,0,0,0,0,0,1,0,0,0,0,0,0,0,0,0,0,0,0,0,0,0,0,0,0,0,0,0,2,1,0,0,0,0,0,1,0,0,0,0,0,0,0,0,1,0,0,0,0,0,1,0,0,0,0,0,0,0,0,0,0,0,0,0,0,1,0,0,0,0,0,0,0,0,0,0,0,0
x11,0,0,0,0,0,0,0,0,0,0,0,0,0,0,0,0,0,0,0,0,0,0,0,0,0,0,0,0,0,0,0,0,0,0,0,0,0,0,0,0,0,0,0,0,0,0,0,0,0,0,0,0,0,0,0,0,0,0,0,0,0,0,0,0,0,0,0,0,0,0,0,0,0,0,0,0,0,0,0,0,0,0,0,0,0,0,0,0,0,0,0,0,0,0,0,0,0,0,0,0,0,0,0,0,0,0,0,0,3,1,0,8,0,0,0,0,0,4,6,1,2,1,1,0,8,0,0,2,4,5,0,1,0,0,0,0,0,0,7,1,0,0,0,0,0,0,1,0,5,0,1,0,0,6,5,1,0,0,1,1,5,0,0,0,0,5,0,2,2,13,0,0,0,0,1,3,0,0,1,9,3,0,0,0,0,0,0,3,2,1,2,0,1,0,0,0,1,0,1,0,3,0,2,2,11,0,3,0,0,0,7,2,0,3,1,1,0,3,0,0,0,0,1,0,0,0,0,7,0,0,0,3,0,0,0,7,0,6,8,2,0,0,1,0,0,0,2,0,2,0,16,0,0,0,1,3,0,1,3,2,1,0,2,0,18,6,0,1,1,0,0,0,1,0,1,2,0,0,2,13,2,0,0,13,0,13,5,10,0,0,0,1,0,0,0,1,2,0,1,0,0,0,0,1,0,0,2,1,0,0,0,1,2,3,0,0,0,0,0,0,2,1,0,4,0,1,2,0,2,11,0,0,4,0,0,0,0,0,0,2,0,0,5,3,0,2,0,5,0,1,0,0,0,0,1,0,1,0,2,2,0,16,5,0,2,2,0,0,0,9,0,2,0,0,1,0,4,0,1,24,0,3,2,0,0,0,0,5,5,3,0,0,3,0,0,0,0,0,3,2,0,2,0,0,2,4,0,1,2,0,0,2,0,0,6,4,0,34,0,1,1,0,0,0,20,1,1,0,13,0,4,0,2,1,1,0,0,1,2,0,1,0,0,12,0,0,0,14,11,0,0,0,27,0,0,3,0,0,13,0,1,1,0,0,0,0,3,1,1,1,2,0,0,0,1,0,0,1,2,1,11,0,0,0,0,0,1,20,7,0,0,0,5,0,0,0,1,12,1,0,0,0,0,0,13,0,0,0,0,0,0,0,0,0,0,0,0,0,0,0,0,0,0,0,0,0,0,0,0,0,0,0,0,0,0,0,0,0,0,0,0,0,0,0,0,0,0,0,0,0,0,0,0,0,0,0,0,0,0,0,0,0,0,0,0,0,0,0,0,0,0,0,0,0,0,0,0,0,0,0,0,0,0,0,0,0,0,0,0,0,0,0,0,0,0,0,0,0,0,0,0,0,0,0,0,0,0,0,0,0,0,0,0,0,0,0,0,0,0,0,0,0,0,0,0,0,0,0,0,0,0,0,0,0,0,0,0,0,0,0,0,0,0,0,0,0,0,0,0,0,0,0,0,0,0,0,0,0,0,0,0,0,0,0,0,0,0,0,0,0,0,0,0,0,0,0,0,0,0,0,0,0,0,0,0,0,0,0,0,0,0,0,0,0,0,0,0,0,0,0,0,0,0,0,0,0,0,0,0,0,0,0,0,0,0,0,0,0,0,0,0,0,0,0,0,0,0,0,0,0,0,0,0,0,0,0,0,0,0,0,0,0,0,0,0,0,0,0,0,0,0,0,0,0,0,0
x12,0,0,0,0,0,0,0,0,0,0,0,0,0,0,0,0,0,0,0,0,0,0,0,0,0,0,0,0,0,0,0,0,0,0,0,0,0,0,0,0,0,0,0,0,0,0,0,0,0,0,0,0,0,0,0,0,0,0,0,0,0,0,0,0,0,0,0,0,0,0,0,0,0,0,0,0,0,0,0,0,0,0,0,0,0,0,0,0,0,0,0,0,0,0,0,0,0,0,0,0,0,0,0,0,0,0,0,0,0,0,0,0,0,0,0,0,0,0,0,0,0,0,0,0,0,0,0,0,0,0,0,0,0,0,0,0,0,0,0,0,0,0,0,0,0,0,0,0,0,0,0,0,0,0,0,0,0,0,0,0,0,0,0,0,0,0,0,0,0,0,0,0,0,0,0,0,0,0,0,0,0,0,0,0,0,0,0,0,0,0,0,0,0,0,0,0,0,0,0,0,0,0,0,0,0,0,0,0,0,0,0,0,0,0,0,0,0,0,0,0,0,0,0,0,0,0,0,0,0,0,0,0,0,0,0,0,0,0,0,0,0,0,0,0,0,0,0,0,0,0,0,0,0,0,0,0,0,0,0,0,0,0,0,0,0,0,0,0,0,2,0,0,0,0,0,5,0,1,0,7,1,0,0,1,3,3,2,1,0,0,0,0,0,0,1,1,1,0,1,0,1,0,0,1,0,0,0,0,0,1,2,0,5,0,0,0,0,4,0,0,0,0,0,2,0,0,1,0,1,1,0,0,0,0,0,0,0,0,0,0,0,0,1,4,0,0,0,3,0,1,10,0,0,0,8,2,0,0,0,0,0,12,0,0,0,0,0,0,0,1,0,0,0,0,0,0,10,5,0,3,0,0,2,0,0,0,0,1,0,0,0,0,7,0,0,0,0,0,1,0,0,0,0,0,0,0,1,0,1,1,0,5,0,0,2,2,0,0,0,2,0,0,0,0,1,0,2,0,0,0,1,0,0,4,1,0,0,0,0,0,0,0,9,1,0,0,0,13,1,0,7,0,1,0,0,0,0,0,0,0,0,0,0,0,0,0,0,0,0,1,0,2,0,0,0,0,0,1,0,5,3,0,0,0,0,0,0,2,1,0,0,0,0,0,0,4,0,1,0,0,0,0,0,0,2,0,2,0,0,4,0,0,0,0,0,0,0,0,0,0,0,0,0,1,0,2,4,0,0,0,0,0,1,0,2,3,0,4,0,0,0,1,0,0,0,5,3,1,1,0,0,0,4,0,3,0,0,0,0,1,0,1,1,0,1,0,0,2,0,0,2,0,1,0,0,0,4,2,0,2,0,1,0,0,0,0,0,0,0,0,0,1,0,0,1,0,0,1,1,0,0,0,0,0,0,3,3,0,0,0,0,0,0,0,0,0,1,0,0,0,0,0,0,0,0,4,0,6,1,0,0,2,1,1,3,0,0,0,0,0,0,1,0,0,0,0,0,0,0,0,0,0,1,0,0,3,0,0,0,0,0,1,0,0,0,0,1,1,6,0,1,8,0,0,2,0,3,0,0,0,0,0,0,0,0,5,0,0,0,0,0,7,0,0,0,0,0,0,0,0,0,0,0,0,0,0,2,1,0,0,0,0,1,0,0,0,2,0,0,0,0,0,0,1,0,0,0,0,1,0,2,0,0,1,0,0,0,0,0,0,1,1,0,1,0,0,0,0,0,0,1,0,0,0,0,0
x13,90,0,0,0,17,0,0,0,0,0,203,9,1,1,2,0,0,0,0,0,0,0,0,0,0,0,0,0,0,0,0,0,0,0,0,0,0,0,0,0,0,0,0,0,0,0,0,0,0,0,0,0,0,0,0,0,0,0,0,0,0,0,0,0,0,0,0,0,0,0,0,0,0,0,0,0,0,0,0,0,0,0,0,0,0,0,0,0,0,0,0,0,0,0,0,0,0,0,0,0,0,0,0,0,0,0,0,0,0,0,0,0,0,0,0,0,0,0,0,0,0,0,0,0,0,0,0,0,0,0,0,0,0,0,0,0,0,0,0,0,0,0,0,0,0,0,0,0,0,0,0,0,0,0,0,0,0,0,0,0,0,0,0,0,0,0,0,0,0,0,0,0,0,0,0,0,0,0,0,0,0,0,0,0,0,0,0,0,0,0,0,0,0,0,0,0,0,0,0,0,0,0,0,0,0,0,0,0,0,0,0,0,0,0,0,0,0,0,0,0,0,0,0,0,0,0,0,0,0,0,0,0,0,0,0,0,0,0,0,0,0,0,0,0,0,0,0,0,0,0,1,0,0,0,0,0,0,0,0,0,0,0,0,0,0,0,0,0,0,10,1,2,3,4,3,11,0,0,2,71,0,0,0,12,2,161,27,2,11,0,5,15,0,20,3,2,9,8,0,0,0,3,13,3,19,0,96,2,7,2,0,0,0,0,0,0,0,0,0,0,0,0,0,0,0,0,0,0,0,0,0,0,0,0,0,0,0,0,0,0,0,0,0,0,0,0,0,0,0,0,0,0,0,0,0,0,0,0,0,0,0,0,0,0,0,0,0,0,0,0,0,0,0,0,0,0,0,0,0,0,0,0,0,0,0,0,0,0,0,0,0,0,0,0,0,0,0,0,0,0,0,0,0,0,0,0,0,0,0,0,0,0,0,0,0,0,0,0,0,0,0,0,0,0,0,0,0,0,0,0,0,0,0,0,0,0,0,0,0,0,0,0,0,0,0,0,0,0,0,0,0,0,0,0,0,0,0,0,0,0,0,0,0,0,0,0,0,0,0,0,0,0,0,0,0,0,0,0,0,0,0,0,0,0,0,0,0,0,0,0,0,0,0,0,0,0,0,0,0,0,0,0,0,0,0,6,77,53,20,24,0,3,0,3,15,7,47,1,0,0,4,0,126,1,1,491,0,0,7,0,0,0,28,0,10,5,5,13,7,0,0,1,0,2,7,97,9,8,3,99,3,0,51,4,74,2,0,2,10,1,0,0,1,0,6,93,4,3,3,0,367,1,28,9,46,2,5,3,0,48,1,0,1,39,5,5,7,0,1,16,29,0,1,1,9,0,0,9,67,0,172,32,0,12,10,5,3,0,3,3,40,3,28,4,0,319,12,1,0,0,0,32,0,0,107,12,9,19,2,0,8,75,32,2,1,54,0,0,0,0,13,0,7,28,2,8,2,9,17,2,18,0,0,4,1,3,4,1,10,2,11,4,0,0,0,21,14,21,3,49,20,5,5,11,24,5,13,4,21,0,2,2,4,1,13,13,0,0,1,0,0,0,4,12,12,0,0,6,0,0,17,25,27,2,36,1,9,11,48,1,80,1,5,16,19,0,1,1,1,3,0,16,2,1,0,12,4,9,11,12,4,8,1,5,35,1,3,1,78,3,2,0,0,15,1,21,0,0,0,33,0,4,5,28,6,0
x14,6,3,28,1,32,8,92,1,7,1,16,104,1,38,23,1,6,79,1006,76,158,8,0,1,4,1,0,5,7,6,14,2,1,28,3,5,0,6,0,53,14,3,4,93,2,65,4,2,2,20,560,31,23,6,1553,141,4,6,769,4,2,13,41,2,5,1,141,69,9,4,284,2,4,2,61,16,3,158,2,8,5,33,17,42,1,41,200,21,14,33,102,27,26,14,3,205,5,43,4,9,4,52,9,1,30,8,0,0,0,0,0,1,0,0,0,0,0,6,2,0,4,0,0,0,10,0,0,1,1,0,0,0,0,1,0,0,0,0,1,0,1,2,0,2,0,0,2,1,0,5,2,0,0,1,0,0,0,0,1,0,0,0,0,0,0,4,0,0,0,1,0,0,0,0,0,0,0,0,1,8,0,0,0,0,1,0,0,0,0,0,2,0,0,1,0,0,0,0,0,0,0,0,0,0,5,0,0,0,0,0,1,2,1,0,0,1,0,10,0,0,2,0,0,0,0,0,0,3,0,2,0,0,0,0,0,0,0,4,2,0,0,0,1,0,0,0,0,0,0,0,1,0,0,0,0,0,0,1,5,2,6,0,2,0,0,2,0,0,0,12,17,10,24,4,25,34,3,7,22,6,4,36,0,569,12,12,128,117,27,1,8,5,1,8,11,9,110,1,5,3,26,1,5,26,56,29,27,3,10,13,134,27,32,211,3,1,11,24,15,12,52,138,6,68,19,2,5,2,108,13,1,0,21,97,14,244,0,0,70,4,57,36,16,33,29,8,200,17,63,168,40,11,18,18,165,16,3,1,59,13,1,29,164,166,13,19,2,5,5,67,24,5,0,65,3,75,14,15,2,16,32,3,28,8,3,3,4,6,616,9,1,15,22,1,0,4,0,0,8,6,2,3,29,18,33,6,14,8,9,4,4,64,2,1,8,23,5,87,98,24,10,12,6,65,15,17,34,1,87,1,140,3,98,25,108,0,38,8,5,6,10,8,9,307,0,32,4,11,224,2,20,3,15,3,34,11,0,11,9,11,4,13,26,1,145,9,7,7,55,59,10,1,630,0,28,1,7,28,22,49,55,5,1,4,5,5,225,14,78,31,2,6,10,3,5,170,71,39,3,0,1,133,7,49,33,10,157,14,2,51,17,17,19,2,3070,2,3,1,6,3,2,26,0,19,116,49,1,0,12,7,9,13,3,0,32,277,3,61,3,52,1,47,28,1,4,244,677,3,517,340,2,10,14,2,29,95,26,1,6,20,35,43,17,72,12,224,20,24,4,2,235,1,992,9,1,1,759,47,6,7,8,15,3,132,12,6,9,1,33,9,4,11,7,0,21,5,2,23,46,5,0,0,4,107,1,15,13,10,0,54,2,52,4,36,1,78,139,7,3,1,4,68,78,227,3,10,2,27,409,12,6,238,46,46,20,51,19,3,10,59,292,65,3,282,3,1,2,7,4,20,683,5,6,6,0,6,32,11,6,46,46,18,3,13,1,4,164,11,28,303,249,13,26,3,146,50,9,1,49,51,5,223,20,3,42,6,1,1,5,2,35,28,13,309,0,3,2,5,2,28,20,34,88,4,2,1,35,409,41,3,5,1,27,242,4,32,6,6,8,20,1050,68,16,15,6,75,12,32,98,536,1,1,2,1,157,11,42,0,11,6,26,181,0,10,1,17,2514,11,97,4,18,1,39,10,5,1
x15,0,0,0,0,0,0,0,0,0,0,0,0,0,0,0,0,0,0,0,0,0,0,0,0,0,0,0,2,0,0,0,0,0,0,0,0,0,0,0,0,0,0,0,0,0,0,0,0,0,0,0,0,0,0,0,0,0,0,0,0,0,0,0,0,0,0,0,0,0,0,0,0,0,0,0,0,0,0,0,0,0,0,0,0,0,0,0,0,0,0,0,0,0,0,0,0,0,0,0,0,0,0,0,0,0,0,0,0,0,0,0,0,0,0,0,0,0,0,0,0,0,0,0,0,0,0,0,0,0,0,0,0,0,0,0,0,0,0,0,0,0,0,0,0,0,0,0,0,0,0,0,0,0,0,0,0,0,0,0,0,0,0,0,0,0,0,0,0,0,0,0,0,0,0,0,0,0,0,0,0,0,0,0,0,0,0,0,0,0,0,0,0,0,0,0,0,0,0,0,0,0,0,0,0,0,0,0,0,0,0,0,0,0,0,0,0,0,0,0,0,0,0,0,0,0,0,0,0,0,0,0,0,0,0,0,0,0,0,0,0,0,0,0,0,0,0,0,0,0,0,0,0,0,0,0,0,0,0,0,0,0,0,0,0,0,0,0,0,0,0,0,0,0,0,0,0,0,0,0,1,0,0,0,0,0,1,0,1,0,0,0,0,0,0,0,0,0,0,0,0,0,0,0,0,0,0,0,0,0,0,0,0,0,0,0,0,0,1,0,0,0,0,0,2,0,0,0,0,0,0,0,0,0,0,0,0,0,0,1,0,0,0,1,1,0,0,0,0,0,0,0,0,0,0,1,0,0,0,0,0,0,1,0,0,0,0,0,0,0,0,0,0,0,0,0,0,1,1,0,1,0,0,2,0,0,0,1,0,0,0,0,0,1,0,0,0,0,0,0,1,0,0,0,0,0,0,0,0,1,0,0,0,0,0,0,0,0,0,0,0,0,0,0,0,0,0,0,0,0,0,1,0,0,1,0,0,0,0,0,0,0,0,0,0,0,0,0,0,0,0,0,0,1,0,0,0,0,0,0,0,0,0,0,0,0,0,0,0,0,1,0,0,0,0,0,0,0,1,0,0,2,0,0,0,0,0,0,1,0,0,0,0,0,0,0,1,0,0,0,0,0,1,0,0,0,0,0,0,0,0,0,0,0,0,0,0,0,0,0,0,0,0,0,0,0,1,0,0,0,0,0,0,0,0,0,0,0,0,0,0,0,0,0,0,0,0,0,0,0,0,0,0,0,0,0,0,0,0,0,0,0,0,1,0,0,0,0,2,0,0,0,0,0,0,0,0,1,0,0,0,0,0,0,0,0,0,0,0,0,0,0,0,0,0,0,0,0,0,0,0,0,0,0,0,0,0,0,0,0,0,0,0,0,0,0,0,1,0,0,0,0,0,0,0,0,1,0,0,0,0,0,1,0,0,0,0,0,0,0,0,0,0,0,0,0,0,0,0,0,0,0,0,1,0,0,0,0,0,0,0,0,0,0,0,0,0,3,0,0,1,2,0,0,0,0,0,0,0,0,0,0,0,0,0,0,0,0,0,0,0,0,0,0,0,0,0,0,0,0,0,0,0,1,0,0,0,0,0,0,0,0,0,0,0,0,0,0,0,0,0,0,0,0,0,0,0,1,0,0,0,0,0,0,0,0,0,0,0,0,0,0,0,0,0,0,0,0,0,0,0,0,0,0,0,0,0
x16,0,0,0,0,0,0,0,0,0,0,0,0,0,0,0,0,0,0,0,0,0,0,0,0,0,0,0,0,3,0,0,0,0,67,0,8,0,1,0,0,1,0,1,4,0,1,0,0,2,40,0,61,11,0,3,34,8,2,4,0,3,0,6,4,0,0,12,47,0,0,2,0,0,0,18,2,2,0,32,3,6,0,3,37,1,0,5,2,9,0,5,0,1,2,2,22,0,0,4,0,1,0,2,0,1,9,1,0,0,0,0,8,0,0,9,0,0,4,3,0,0,0,1,0,7,3,1,1,8,0,0,0,0,0,0,0,7,1,34,0,1,0,4,1,0,0,2,4,3,11,0,0,0,5,60,0,0,0,7,12,2,1,0,0,0,3,0,2,1,3,0,0,0,0,5,4,0,1,3,168,7,3,0,0,1,0,0,26,14,0,4,0,1,63,9,0,1,0,1,0,1,0,0,4,1,0,0,0,0,0,3,1,0,2,4,1,0,4,0,1,0,0,6,0,0,0,0,1,0,0,0,0,0,0,0,6,1,2,1,0,1,0,4,0,3,0,0,0,12,8,14,0,0,0,4,0,0,3,0,9,14,0,0,0,10,7,8,0,1,0,0,0,0,0,0,0,0,0,0,0,0,0,0,0,0,0,0,0,0,0,0,0,0,0,0,0,0,0,0,0,0,0,0,0,0,0,0,0,0,0,0,0,0,0,0,0,0,0,0,0,0,0,0,0,0,0,0,0,0,0,0,0,0,0,0,0,0,0,0,1,0,0,25,10,5,0,0,1,1,0,3,0,0,0,0,0,0,1,21,0,1,6,1,0,0,1,3,2,0,1,0,7,0,2,0,0,1,2,4,0,1,0,9,0,0,1,1,1,1,2,1,1,3,0,0,2,0,0,6,1,0,0,1,0,3,1,8,2,1,1,0,12,1,0,52,11,1,6,3,27,10,2,0,2,1,0,17,0,15,0,5,0,0,5,0,0,0,240,0,0,7,0,2,13,1,15,0,7,1,0,0,0,4,0,2,1,0,1,56,1,0,3,0,0,1,1,0,2,0,15,2,0,0,0,1,0,0,0,4,1,4,0,2,2,0,1,25,18,0,3,0,0,0,0,17,1,2,9,0,3,0,1,0,0,8,0,0,0,0,0,0,0,0,0,0,0,0,0,0,0,0,0,0,0,0,0,0,0,0,0,0,0,0,0,0,0,0,0,0,0,0,0,0,0,0,0,0,0,0,0,0,0,0,0,0,0,0,0,0,0,0,0,0,0,0,0,0,0,0,0,0,0,0,0,0,0,0,0,0,0,0,0,0,0,0,0,0,0,0,0,0,0,0,0,0,0,0,1,7,0,0,0,1,3,2,0,0,5,0,0,0,0,1,0,0,0,28,0,0,0,0,30,0,7,0,1,1,3,1,0,7,8,1,3,4,1,0,0,0,0,1,0,0,0,0,1,1,1,1,1,1,0,1,1,0,3,0,5,4,5,0,5,1,0,0,2,7,1,11,2,2,22,3,0,16,0,1,0,12,0,0,11,0,0,2,1,3,0,0,0,2,0,1,8,0,0,7,1,3,0,0,0,21,1,1,1,1,1,7,0,6,0,0,1,0,0,17,0,0,0,23,7,7,4,0,0,3,17,2,8,0,0,2,1,0,1,0,0,0,0,0,1,0,1,0,1,0,0,2,1,2,4,0,1,2,0
x17,0,0,0,0,0,0,0,0,0,0,0,0,0,0,0,0,0,0,0,0,0,0,0,0,0,0,0,0,0,0,0,0,0,0,0,0,0,0,0,0,0,0,0,0,0,0,0,0,0,0,0,0,0,0,0,0,0,0,0,0,0,0,0,0,0,0,0,0,0,0,0,0,0,0,0,0,0,0,0,0,0,0,0,0,0,0,0,0,0,0,0,0,0,0,0,0,0,0,0,0,0,0,0,0,0,0,0,0,0,0,0,0,0,0,1,0,2,9,2,0,3,0,3,0,1,0,0,0,7,7,0,0,0,1,0,0,0,0,1,0,0,1,0,0,0,0,1,0,0,1,1,0,0,3,5,0,0,0,3,0,1,0,0,0,0,8,0,41,0,1,0,0,0,0,12,1,0,0,1,10,2,0,0,1,0,0,0,1,1,0,12,0,2,1,3,0,0,0,0,0,0,0,3,0,5,0,0,0,0,1,3,2,1,8,1,0,1,8,0,0,2,0,0,0,0,0,0,2,0,1,0,0,0,0,0,2,0,1,4,0,0,0,1,0,0,7,3,0,19,3,2,0,0,1,1,2,0,17,1,4,0,0,1,0,4,3,0,3,0,0,0,0,12,1,8,1,0,2,0,2,2,0,0,7,0,2,1,3,28,0,0,1,0,0,0,0,7,0,2,4,0,0,5,9,0,0,3,0,3,0,2,1,2,0,0,0,0,22,0,0,1,5,0,5,3,2,1,0,0,0,0,0,0,0,0,0,0,0,0,0,0,0,0,0,0,0,0,0,0,0,0,0,0,0,0,0,0,0,0,0,0,0,0,0,0,0,0,0,0,0,0,0,0,0,0,0,0,0,0,0,0,0,0,0,0,0,0,0,0,0,0,0,0,0,0,0,0,0,0,0,0,0,0,0,0,0,0,0,0,0,0,0,0,0,0,0,0,0,0,0,0,0,0,0,0,0,0,0,0,0,0,0,0,0,0,0,0,0,0,0,0,0,0,0,0,0,0,0,0,0,0,0,0,0,0,0,0,0,0,0,0,0,0,0,0,0,0,0,0,0,0,0,0,0,0,0,0,0,0,0,0,0,0,0,0,0,0,0,0,0,0,0,0,0,0,0,0,0,0,0,0,0,0,0,0,1,0,3,0,1,0,0,0,0,0,0,0,0,0,0,0,0,0,0,0,0,0,0,0,0,0,0,0,0,0,0,0,0,0,0,0,0,0,0,0,0,0,0,0,0,0,0,0,0,0,0,0,0,0,0,0,0,0,0,0,0,0,0,0,0,0,0,0,0,0,0,0,0,0,0,0,0,0,0,0,0,0,0,0,0,0,0,0,0,0,0,0,0,0,0,0,0,0,0,0,0,0,0,0,0,0,0,0,0,0,0,0,0,0,0,0,1,0,0,0,0,0,0,0,0,0,0,0,0,0,0,0,0,0,0,0,0,0,0,0,0,0,0,0,0,0,0,0,0,0,0,0,0,0,0,0,0,0,0,0,0,0,0,0,0,0,0,0,0,0,0,0,0,0,0,0,0,0,0,0,0,0,0,0,0,0,0,0,0,0,0,0,0,0,0,0,0,0,0,0,0,0,0,0,0,0,0,0,0,0,0,0,0,0,0,0,0,0,0,0,0,0,0,0,0,0,0,0,0,0,0,0,0,0,0,0,0,0,0,0,0,0,0,0,0,0,0,0,0,0,0
x18,0,0,0,0,0,0,0,0,0,0,0,0,0,0,0,0,0,0,0,0,0,0,0,0,0,0,0,0,0,0,0,0,0,0,0,0,0,0,0,0,0,0,0,0,0,0,0,0,0,0,0,0,0,0,0,0,0,0,0,0,0,0,0,0,0,0,0,0,0,0,0,0,0,0,0,0,0,0,0,0,0,0,0,0,0,0,0,0,0,0,0,0,0,0,0,0,0,0,0,0,0,0,0,0,0,0,0,0,1,0,0,6,0,5,3,0,0,5,1,0,3,1,9,0,3,4,0,6,19,13,0,0,0,0,0,0,4,0,24,0,2,2,1,3,0,0,64,2,0,4,1,0,0,1,53,0,0,0,7,1,2,0,0,0,0,1,0,5,7,3,4,0,3,0,6,0,1,0,1,23,0,1,0,1,3,0,0,5,3,1,7,0,2,0,3,0,0,1,0,0,6,0,56,0,14,0,1,0,0,9,56,2,1,4,0,7,1,11,0,0,2,4,7,4,0,0,0,1,0,8,0,1,0,0,0,26,0,6,7,0,0,0,4,0,1,0,12,0,0,2,11,0,0,0,2,1,1,0,9,2,1,0,0,4,4,1,2,0,6,0,0,0,0,0,0,0,0,0,0,0,0,0,0,0,0,0,0,0,0,0,0,0,0,1,2,7,1,0,1,0,0,0,0,1,0,0,5,1,2,2,8,25,19,5,2,2,0,21,5,0,3,6,3,45,5,7,7,0,39,3,1,0,1,5,3,1,0,0,0,0,0,0,7,3,3,1,4,1,1,0,8,0,0,0,12,0,1,0,4,4,1,5,1,4,1,4,0,0,4,0,5,0,3,5,0,4,4,3,0,12,1,0,0,0,0,4,3,2,3,0,0,6,6,0,0,2,0,0,1,0,0,0,1,1,4,0,2,3,26,0,0,1,1,0,3,1,2,3,4,39,2,2,3,0,2,1,4,0,8,0,19,0,6,12,3,0,0,2,0,2,0,0,28,2,0,0,0,7,16,0,0,0,1,3,0,0,0,2,2,0,5,1,1,0,0,0,11,1,4,0,30,1,0,0,3,0,1,7,5,2,5,9,0,1,5,0,0,19,8,3,0,0,59,0,3,15,0,1,0,1,2,12,1,0,1,0,0,0,0,0,0,0,0,0,0,0,0,0,0,0,0,0,0,0,0,0,0,0,0,0,0,0,0,0,0,0,0,0,0,0,0,0,0,0,0,0,0,0,0,0,0,0,0,0,0,0,0,0,0,0,0,0,0,0,0,0,0,0,0,0,0,0,0,0,0,0,0,0,0,0,0,0,0,0,0,0,0,0,0,0,0,0,0,0,0,0,0,0,9,0,6,0,12,1,0,3,24,1,0,20,1,1,0,5,0,0,11,1,1,0,12,8,3,10,7,2,3,9,0,0,2,14,3,0,27,7,4,1,1,0,0,6,1,0,0,0,0,0,0,9,0,0,3,1,1,0,2,1,3,1,0,0,0,0,0,4,43,24,0,10,30,45,4,2,14,4,4,0,1,0,0,2,0,0,10,0,0,0,0,2,3,1,6,0,3,0,2,1,1,1,2,1,7,12,1,0,69,7,2,0,4,0,2,0,1,1,2,0,4,0,3,4,3,0,0,8,9,1,2,4,0,0,0,1,5,0,4,0,2,0,1,1,0,8,0,2,4,1,0,2,1,0,0,1,1,1
x19,0,0,1,0,88,1,0,4,0,0,8,18,1,0,0,0,1,0,2,27,264,1,0,0,0,0,0,1,24,1,1,0,8,106,25,0,0,0,0,0,2,0,0,3,1,1,2,0,1,31,133,10,52,57,18,91,0,1,0,0,0,6,9,0,4,0,0,3,0,2,3,0,0,2,2,0,2,5,2,0,3,1,603,1,0,2,0,6,16,14,4,0,0,3,7,73,0,30,275,1,121,2,5,0,3,0,0,1,4,2,0,56,2,4,6,3,0,5,3,1,0,3,6,0,12,9,0,2,45,9,0,0,1,0,0,0,1,0,391,0,1,16,4,0,0,0,2,2,2,1,16,0,1,1,0,0,4,1,154,5,3,7,0,0,0,1,0,6,4,7,0,0,0,0,55,19,0,1,1,393,0,2,1,1,0,0,2,38,2,4,1,1,1,73,15,0,2,0,0,1,0,0,360,14,135,7,7,0,2,2,8,5,0,2,0,1,3,7,0,18,5,3,3,1,1,0,1,11,0,8,0,2,0,3,1,15,0,3,29,0,0,0,0,0,8,3,14,0,21,7,2,0,1,31,6,3,0,34,44,137,50,0,1,3,21,3,0,25,0,0,0,0,0,0,0,0,0,0,0,0,0,0,0,0,0,0,0,0,0,0,0,0,0,0,0,0,0,0,0,0,0,0,0,0,0,0,0,0,0,0,0,0,0,0,0,0,0,0,0,0,0,0,0,0,0,0,0,0,0,0,0,0,0,0,0,0,0,0,0,3,0,5,12,247,0,6,0,24,1,3,2,1,0,11,58,0,0,0,12,0,2,12,1,6,1,17,1,0,0,83,1,5,0,10,2,0,334,17,0,28,6,0,34,2,0,0,1,2,2,7,0,3,201,0,0,1,0,0,14,0,0,1,1,0,5,1,1,0,1,38,2,4,3,0,24,25,0,0,2,1,1,8,1,10,13,1,0,0,31,23,7,0,0,38,20,0,3,12,0,12,71,3,11,1,0,31,0,8,7,0,451,0,20,0,1,1,20,7,10,4,9,5,6,0,21,0,8,37,32,136,32,7,6,0,0,0,0,9,1,0,34,5,1,0,45,0,1,0,2,9,0,34,27,41,0,176,12,3,2,1,0,361,0,0,11,0,0,0,0,0,0,0,0,0,0,0,0,0,0,0,0,0,0,0,0,0,0,0,0,0,47,1,0,0,26,8,2,438,0,0,0,1,0,0,14,7,11,2,2,1,0,3,86,0,10,2,1,0,0,0,0,9,25,0,0,3,25,8,1,0,7,0,13,1,0,0,20,14,0,26,0,5,18,0,0,2,3,0,7,6,1,37,1,1,80,15,249,8,112,0,2,0,0,53,4,0,3,7,0,0,0,5,2,8,0,4,20,0,0,17,1,2,140,4,5,37,2,7,17,0,9,12,13,0,0,4,7,2,6,0,70,2,1,0,10,0,0,8,20,17,6,8,0,0,0,2,0,0,1,12,1,22,5,0,0,4,9,0,26,9,2,18,0,0,16,0,29,0,15,1,1,25,0,4,1,0,0,0,0,11,1,5,3,11,0,2,0,6,3,0,61,0,18,0,17,0,120,4,17,0,1,1,3,0,0,124,43,0,1,2,5,28,2,0,2,39,4,0,14,3,2,0,0,4,4,1,1,2,0,0,3,2,3,0,1,13,10,5,0,0,2,0,1,21,2,20
x2,4,1,3,14,95,1,4,1,1,0,25,558,9,4,0,2,1,1,2,1,0,1,0,0,0,13,0,0,5,0,0,0,2,478,0,9,0,3,0,4,0,1,13,7,2,2,0,4,5,86,273,1,7,8,55,27,0,0,15,0,23,1,10,4,0,3,97,6,3,3,6,0,1,2,44,0,19,6,2,5,7,3,14,3,3,0,13,22,11,16,0,0,0,25,4,33,0,12,9,0,14,1,7,28,2,15,0,0,0,13,3,2,0,4,0,0,0,46,9,0,65,0,11,0,5,0,0,94,2,21,0,2,1,193,0,0,1,1,21,0,13,2,22,4,0,0,9,1,4,32,5,4,0,1,3,0,0,0,9,4,0,12,0,0,0,12,1,21,0,39,0,7,14,0,8,143,1,0,6,9,3,5,0,1,0,0,2,15,2,3,9,0,2,1,11,0,1,0,0,6,1,0,53,4,17,2,0,1,2,0,3,44,92,29,10,12,82,81,0,13,12,1,11,0,0,2,1,27,1,18,0,0,1,0,6,3,2,16,0,1,1,0,2,0,0,1,273,0,25,38,5,0,2,69,2,386,0,2,6,6,84,0,1,8,4,2,0,10,0,0,0,0,0,0,0,0,0,0,0,0,0,0,0,0,0,0,0,0,0,0,0,0,0,0,0,0,0,0,0,0,0,0,0,0,0,0,0,0,0,0,0,0,0,0,0,0,0,0,0,0,0,0,0,0,0,0,0,0,0,0,0,0,0,0,0,0,0,0,0,0,0,0,0,0,0,0,0,0,0,0,0,0,0,0,0,0,0,0,0,0,0,0,0,0,0,0,0,0,0,0,0,0,0,0,0,0,0,0,0,0,0,0,0,0,0,0,0,0,0,0,0,0,0,0,0,0,0,0,0,0,0,0,0,0,0,0,0,0,0,0,0,0,0,0,0,0,0,0,0,0,0,0,0,0,0,0,0,0,0,0,0,0,0,0,0,0,0,0,0,0,0,0,0,0,0,0,0,0,0,0,0,0,0,0,0,0,0,0,0,0,0,0,0,0,0,0,0,0,0,0,0,0,0,0,0,0,0,0,0,0,0,0,0,0,0,0,0,0,0,0,0,0,0,0,0,0,0,0,0,0,0,0,0,0,0,0,0,0,0,0,0,0,0,0,0,0,0,0,0,0,0,0,0,0,0,0,0,0,0,0,0,0,0,0,0,0,0,0,0,0,0,0,0,0,0,0,0,0,0,0,0,0,0,0,0,0,0,0,0,0,0,0,0,0,0,0,0,0,0,0,0,0,0,0,0,0,0,0,0,0,0,0,0,0,0,0,0,0,0,0,0,0,0,0,0,0,0,0,0,0,0,0,0,0,0,0,0,0,0,0,0,0,0,0,0,0,0,0,0,0,0,0,0,0,0,0,0,0,0,0,0,0,0,0,0,0,0,0,0,0,0,0,0,0,0,0,0,0,0,0,0,0,0,0,0,0,0,0,0,0,0,0,0,0,0,0,0,0,0,0,0,0,0,0,0,0,0,0,0,0,0,0,0,0,0,0,0,0,0,0,0,0,0,0,0,0,0,0,0,0,0,0,0,0,0,0,0,0,0,0,0,0,0,0,0,0,0,0,0,0,0,0,0,0,0,0,0,0,0,0,0,0,0,0,0,0,0,0,0,0,0,0,0,0,0,0,0,0,0,0,0,0,0,0,0,0
x20,17,6,295,23,1278,60,69,7,0,6,3006,110,9,7,5,15,29,243,72,21,92,17,2,11,20,1,2,103,5963,1,3,0,0,138,67,15,4,17,6,318,354,32,118,2731,40,9,3,582,0,1169,107,26,148,35,569,265,7,92,652,1,112,42,393,455,10,2,24,614,700,431,310,8,1,24,303,184,16,902,50,37,11,0,0,0,0,0,0,0,0,0,0,0,0,0,0,0,0,0,0,0,0,0,0,0,0,0,0,0,0,0,0,0,0,0,0,0,0,0,0,0,0,0,0,0,0,0,0,0,0,0,0,0,0,0,0,0,0,0,0,0,0,0,0,0,0,0,0,0,0,0,0,0,0,0,0,0,0,0,0,0,0,0,0,0,0,0,0,0,0,0,0,0,0,0,0,0,0,0,0,0,0,0,0,0,0,0,0,0,0,0,0,0,0,0,0,0,0,0,0,0,0,0,0,0,0,0,0,0,0,0,0,0,0,0,0,0,0,0,0,0,0,0,0,0,0,0,0,0,0,0,0,0,0,0,0,0,0,0,0,0,0,0,0,0,0,0,0,0,0,0,0,0,0,0,0,0,0,0,0,0,0,0,0,0,0,0,0,0,0,0,0,0,0,0,0,0,0,0,0,0,0,0,0,0,0,0,0,0,0,0,0,0,0,0,0,0,0,0,0,0,0,0,0,0,0,0,0,0,0,0,0,0,0,0,0,0,0,0,0,0,0,0,0,0,0,0,0,0,0,0,0,0,0,0,0,0,0,0,0,0,0,0,0,0,0,0,0,0,0,0,0,0,0,0,0,0,0,0,0,0,0,0,0,0,0,0,0,0,0,0,0,0,0,0,0,0,0,0,0,0,0,0,0,0,0,0,0,0,0,0,0,0,0,0,0,0,0,0,0,0,0,0,0,0,0,0,0,0,0,0,0,0,0,0,0,0,0,0,0,0,0,0,0,0,0,0,0,0,0,0,0,0,0,0,0,0,0,0,0,0,0,0,0,0,0,0,0,0,0,0,0,0,0,0,0,0,0,0,0,0,0,0,0,0,0,0,0,0,0,0,0,0,0,0,0,0,0,0,0,0,0,0,0,0,0,0,0,0,0,0,0,0,0,0,0,0,0,0,0,0,0,0,0,0,0,0,0,0,0,0,0,0,0,0,0,0,0,0,0,0,0,0,0,0,0,0,0,0,0,0,0,0,0,0,0,0,0,0,0,0,0,0,0,0,0,0,0,0,0,0,0,0,0,0,0,0,0,0,0,0,0,0,0,0,0,0,0,0,0,0,0,0,0,0,0,0,0,0,0,0,0,0,0,0,0,0,0,0,0,0,0,0,0,0,0,0,0,0,0,0,0,0,0,0,0,0,0,0,0,0,0,0,0,0,0,0,0,0,0,0,0,0,0,0,0,0,0,0,0,0,0,0,0,0,0,0,0,0,0,0,0,0,0,0,0,0,0,0,0,0,0,0,0,0,0,0,0,0,0,0,0,0,0,0,0,0,0,0,0,0,0,0,0,0,0,0,0,0,0,0,0,0,0,0,0,0,0,0,0,0,0,0,0,0,0,0,0,0,0,0,0,0,0,0,0,0,0,0,0,0,0,0,0,0,0,0,0,0,0,0,0,0,0,0,0,0,0,0,0,0,0,0,0,0,0,0,0,0,0,0,0,0,0,0,0,0,0,0,0,0,0,0,0,0,0,0
x21,0,0,0,0,0,0,0,0,0,0,0,0,0,0,0,0,0,0,0,0,0,0,0,0,0,0,0,0,0,0,0,0,0,0,0,0,0,0,0,0,0,0,0,0,0,0,0,0,0,0,0,0,0,0,0,0,0,0,0,0,0,0,0,0,0,0,0,0,0,0,0,0,0,0,0,0,0,0,0,0,0,0,0,0,0,0,0,0,0,0,0,0,0,0,0,0,0,0,0,0,0,0,0,0,0,0,0,0,0,0,0,0,0,0,0,0,0,0,0,0,0,0,0,0,0,0,0,0,0,0,0,0,0,0,0,0,0,0,0,0,0,0,0,0,0,0,0,0,0,0,0,0,0,0,0,0,0,0,0,0,0,0,0,0,0,0,0,0,0,0,0,0,0,0,0,0,0,0,0,0,0,0,0,0,0,0,0,0,0,0,0,0,0,0,0,0,0,0,0,0,0,0,0,0,0,0,0,0,0,0,0,0,0,0,0,0,0,0,0,0,0,0,0,0,0,0,0,0,0,0,0,0,0,0,0,0,0,0,0,0,0,0,0,0,0,0,0,0,0,0,0,0,0,0,0,0,0,0,0,0,0,0,0,0,0,0,0,0,0,0,0,0,0,0,0,0,0,0,0,0,0,0,0,0,0,0,0,0,0,0,0,0,0,0,0,0,0,0,0,0,0,0,0,0,0,0,0,0,0,0,0,0,0,0,0,0,0,0,0,0,0,0,0,0,0,0,0,0,0,0,0,0,0,0,0,0,0,0,0,0,0,0,0,0,0,0,0,0,0,0,0,0,0,0,0,0,0,0,0,0,0,0,0,0,0,0,0,0,0,0,0,0,0,0,0,0,0,0,0,0,0,0,0,0,0,0,0,0,0,0,0,0,0,0,0,0,0,0,0,0,0,0,0,0,0,0,0,0,0,0,0,0,0,0,0,0,0,0,0,0,0,0,0,0,0,0,0,0,0,0,0,0,0,0,0,0,0,0,0,0,0,0,0,0,0,0,0,0,0,0,0,0,0,0,0,0,0,0,0,0,0,0,0,0,0,0,0,0,0,0,0,0,0,0,0,0,0,0,0,0,0,0,0,0,0,0,0,0,0,0,0,0,0,0,0,0,0,0,0,0,0,0,0,0,0,0,0,0,0,0,0,0,0,0,0,0,0,0,0,0,0,0,0,0,0,0,0,0,0,0,0,0,0,0,0,0,0,0,0,0,0,0,0,0,0,0,0,0,0,0,0,0,0,0,0,0,0,0,0,0,0,0,0,0,0,0,0,0,0,0,0,0,0,0,0,0,0,0,0,0,0,0,0,0,0,0,0,0,0,0,0,0,0,0,0,0,0,0,0,0,0,0,0,0,0,0,0,0,0,0,0,0,0,0,0,0,0,0,0,0,0,0,0,0,0,0,0,0,0,0,0,0,0,0,0,0,0,0,0,0,0,0,0,0,0,0,0,0,0,0,0,0,0,0,0,0,0,0,0,0,0,0,0,0,0,0,0,0,0,0,0,0,0,0,0,0,0,0,0,0,0,0,0,0,0,0,0,0,0,0,0,0,0,0,0,0,0,0,0,0,0,0,0,0,0,0,0,0,0,0,0,0,0,0,0,0,0,0,0,0,0,0,0,0,0,0,0,0,0,0,0,0,0,0,0,0,0,0,0,0,0,0,0,0,0,0,0,0,0,0,0,0,0,0,0,0
x22,0,0,0,0,22,0,1,0,0,4,3,33,0,0,0,1,1,9,0,6,0,0,0,0,0,0,0,27,4,0,0,0,0,6,0,4,0,0,0,3,0,3,0,3,0,6,0,0,0,1,5,0,0,1,25,2,0,0,4,0,0,3,10,1,0,0,9,4,2,0,2,0,0,0,5,0,0,1,0,0,0,1,6,6,0,0,2,4,0,0,1,1,0,1,0,13,1,0,14,0,0,1,4,0,1,1,0,0,0,0,0,0,0,0,0,0,0,0,0,0,0,0,0,0,0,0,0,0,0,0,0,0,0,0,0,0,0,0,0,0,0,0,0,0,0,0,0,0,0,0,0,0,0,0,0,0,0,0,0,0,0,0,0,0,0,0,0,0,0,0,0,0,0,0,0,0,0,0,0,0,0,0,0,0,0,0,0,0,0,0,0,0,0,0,0,0,0,0,0,0,0,0,0,0,0,0,0,0,0,0,0,0,0,0,0,0,0,0,0,0,0,0,0,0,0,0,0,0,0,0,0,0,0,0,0,0,0,0,0,0,0,0,0,0,0,0,0,0,0,0,0,0,0,0,0,0,0,0,0,0,0,0,0,0,0,0,0,0,0,0,0,0,0,0,0,0,0,0,0,0,0,0,0,0,0,0,0,0,0,0,0,0,0,0,0,0,0,0,0,0,0,0,0,0,0,0,0,0,0,0,0,0,0,0,0,0,0,0,0,0,0,0,0,0,0,0,0,0,0,0,0,0,0,0,0,0,0,0,0,0,0,0,0,0,0,0,0,0,0,0,0,0,0,0,0,0,0,0,0,0,0,0,0,0,0,0,0,0,0,0,0,0,0,0,0,0,0,0,0,0,0,0,0,0,0,0,0,0,0,0,0,0,0,0,0,0,0,0,0,0,0,0,0,0,0,0,0,0,0,0,0,0,0,0,0,0,0,0,0,0,0,0,0,0,0,0,0,0,0,0,0,0,0,0,0,0,0,0,0,0,0,0,0,0,0,0,0,0,0,0,0,0,0,0,0,0,0,0,0,0,0,0,0,0,0,0,0,0,0,0,0,0,0,0,0,0,0,0,0,0,0,0,0,0,0,0,0,0,0,0,0,0,0,0,0,0,0,0,0,0,0,0,0,0,0,0,0,0,0,0,0,0,0,0,0,0,0,0,0,0,0,0,0,0,0,0,0,0,0,0,0,0,0,0,0,0,0,0,0,0,0,0,0,0,0,0,0,0,0,0,0,0,0,0,0,0,0,0,0,0,0,0,0,0,0,0,0,0,0,0,0,0,0,0,0,0,0,0,0,0,0,0,0,0,0,0,0,0,0,0,0,0,0,0,0,0,0,0,0,0,0,0,0,0,0,0,0,0,0,0,0,0,0,0,0,0,0,0,0,0,0,0,0,0,0,0,0,0,0,0,0,0,0,0,0,0,0,0,0,0,0,0,0,0,0,0,0,0,0,0,0,0,0,0,0,0,0,0,0,0,0,0,0,0,0,0,0,0,0,0,0,0,0,0,0,0,0,0,0,0,0,0,0,0,0,0,0,0,0,0,0,0,0,0,0,0,0,0,0,0,0,0,0,0,0,0,0,0,0,0,0,0,0,0,0,0,0,0,0,0,0,0,0,0,0,0,0,0,0,0,0,0,0,0,0,0,0,0,0,0,0,0,0,0,0,0,0,0,0,0,0,0,0,0,0,0
x23,24,5,21,4,16,7,43,1,0,0,0,0,0,0,0,0,0,0,0,0,0,0,0,0,0,0,0,0,0,0,0,0,0,0,0,0,0,0,0,0,0,0,0,0,0,0,0,0,0,0,0,0,0,0,0,0,0,0,0,0,0,0,0,0,0,0,1,0,0,0,0,0,0,0,0,0,0,0,0,0,0,0,0,0,0,0,0,0,0,0,0,0,0,0,0,0,0,0,0,0,0,0,0,0,0,0,0,0,0,0,0,0,0,0,0,0,0,0,0,0,0,0,0,0,0,0,0,0,0,0,0,0,0,0,0,0,0,0,0,0,0,0,0,0,0,0,0,0,0,0,0,0,0,0,0,0,0,0,0,0,0,0,0,0,0,0,0,0,0,0,0,0,0,0,0,0,0,0,0,0,0,0,0,0,0,0,0,0,0,0,0,0,0,0,0,0,0,0,0,0,0,0,0,0,0,0,0,0,0,0,0,1,0,0,0,0,0,0,0,0,0,0,0,0,0,0,0,0,0,0,0,0,0,0,0,0,0,0,0,0,0,0,0,0,0,0,0,0,0,0,0,0,0,0,0,0,0,0,0,0,0,0,0,0,0,0,0,0,0,249,2,0,1,5,47,12,10,0,0,0,0,0,0,0,0,0,0,0,0,0,0,0,0,0,0,0,0,0,0,0,0,0,0,0,0,0,0,0,0,0,0,0,0,0,0,0,0,0,0,0,0,0,0,0,0,0,0,0,0,0,0,0,0,0,0,0,0,0,0,0,0,0,0,0,0,0,0,0,0,0,0,1,0,0,0,0,0,0,0,0,0,0,0,0,0,0,0,0,0,0,0,0,0,0,0,0,0,0,0,0,0,0,0,0,0,0,0,0,0,0,0,0,0,0,0,0,0,0,0,0,0,0,0,0,0,0,0,0,0,0,0,0,0,0,0,0,0,0,0,0,0,0,0,0,0,0,0,0,0,0,0,0,0,0,0,0,0,0,0,0,0,0,0,0,0,0,0,0,0,0,0,0,0,0,0,0,0,0,0,0,0,0,0,0,0,0,0,0,0,0,0,0,0,0,0,0,0,0,0,0,0,0,0,0,0,0,0,0,0,0,0,0,0,0,0,0,0,0,0,0,0,0,0,0,0,4,19,199,2,4,2,35,7,0,1,0,1,2,0,0,0,16,2,8,10,11,2,0,0,0,5,3,1,1,63,6,1,38,2,0,3,4,149,0,6,18,24,2,71,2,0,14,33,0,11,20,42,0,14,60,0,11,4,1,11,0,11,153,4,3,51,1,52,5,6,2,8,25,2,1,0,0,0,0,0,0,0,0,0,0,0,0,0,0,0,0,0,0,0,0,0,0,0,0,0,0,0,0,0,0,0,0,0,0,0,0,0,0,0,0,0,0,0,0,0,0,0,0,0,0,0,0,0,0,0,0,0,0,0,0,0,0,0,0,0,0,0,0,0,0,0,0,0,0,0,0,0,0,0,0,0,0,0,0,0,0,0,0,0,0,0,0,0,0,0,0,0,0,0,0,0,0,0,0,0,0,0,0,0,0,0,0,0,0,0,0,0,0,0,0,0,0,0,0,0,0,0,0,0,0,0,0,0,0,0,0,0,0,0,0,0,0,0,0,0,0,0,0,0,0,0,0,0,0,0,0,0,0,0,0,0,0,0,0,0,0,0,0,0,0,0,0,0,0,0,0
x24,100,2,0,2,1,3,9,31,0,0,32,16,2,6,2,2,50,9,2,1,16,1,0,0,3,0,0,12,2,0,0,4,0,72,4,1,0,6,0,12,2,2,8,2,11,1,4,0,0,21,79,1,13,19,24,51,3,15,7,0,1,3,22,16,0,0,36,3,1,1,0,0,1,0,5,2,2,3,0,10,2,49,72,14,0,0,30,2,104,2,15,6,119,47,1,32,3,12,14,0,55,22,1,1,4,3,0,0,0,0,0,0,0,0,0,0,0,0,0,0,0,0,0,0,0,0,0,0,0,0,0,0,0,0,0,0,0,0,0,0,0,0,0,0,0,0,0,0,0,0,0,0,0,0,0,0,0,0,0,0,0,0,0,0,0,0,0,0,0,0,0,0,0,0,0,0,0,0,0,0,0,0,0,0,0,0,0,0,0,0,0,0,0,0,0,0,0,0,0,0,0,0,0,0,0,0,0,0,0,0,0,0,0,0,0,0,0,0,0,0,0,0,0,0,0,0,0,0,0,0,0,0,0,0,0,0,0,0,0,0,0,0,0,0,0,0,0,0,0,0,0,0,0,0,0,0,0,0,0,0,0,0,0,0,0,0,0,0,0,186,3,1,3,0,0,0,0,0,0,0,0,0,0,0,0,0,0,0,0,0,0,0,0,0,0,0,0,0,0,0,0,0,0,0,0,0,0,0,0,0,0,0,0,0,0,0,0,0,0,0,0,0,0,0,0,0,0,0,0,0,0,0,0,0,0,0,0,0,0,0,0,0,0,0,0,0,0,0,0,0,0,0,0,0,0,0,0,0,0,0,0,0,0,0,0,0,0,0,0,0,0,0,0,0,0,0,0,0,0,0,0,0,0,0,0,0,0,0,0,0,0,0,0,0,0,0,0,0,0,0,0,0,0,0,0,0,0,0,0,0,0,0,0,0,0,0,0,0,0,0,0,0,0,0,0,0,0,0,0,0,0,0,0,0,0,0,0,0,0,0,0,0,0,0,0,0,0,0,0,0,0,0,0,0,0,0,0,0,0,0,0,0,0,0,0,0,0,0,0,0,0,0,0,0,0,0,0,0,0,0,0,0,0,0,0,0,0,0,0,0,0,0,0,0,0,0,0,0,0,0,0,0,0,0,0,43,0,27,2,34,0,3,0,11,307,4,1,0,0,1,1,5,0,3,9,28,1,0,7,1,246,0,1,0,40,66,5,28,2,7,0,15,0,0,0,0,0,0,0,0,0,0,0,0,0,0,0,0,0,0,0,0,0,0,0,0,0,0,0,0,0,0,0,0,0,0,0,0,0,0,0,0,0,0,0,0,0,0,0,0,0,0,0,0,0,0,0,0,0,0,0,0,0,0,0,0,0,0,0,0,0,0,0,0,0,0,0,0,0,0,0,0,0,0,0,0,0,0,0,0,0,0,0,0,0,0,0,0,0,0,0,0,0,0,0,0,0,0,0,0,0,0,0,0,0,0,0,0,0,0,0,0,0,0,0,0,0,0,0,0,0,0,0,0,0,0,0,0,0,0,0,0,0,0,0,0,0,0,0,0,0,0,0,0,0,0,0,0,0,0,0,0,0,0,0,0,0,0,0,0,0,0,0,0,0,0,0,0,0,0,0,0,0,0,0,0,0,0,0,0,0,0,0,0,0,0,0,0,0,0,0,0,0,0,0,0,0,0,0,0,0,0,0,0,0,0
x25,12,0,30,0,26,4,62,2,0,6,8,70,1,9,4,0,3,59,11,5,6,9,0,0,1,0,1,9,2,1,1,0,0,11,11,12,1,12,0,3,4,0,6,4,6,2,24,1,4,8,48,45,6,19,55,14,11,3,11,0,1,3,13,4,0,5,19,13,2,2,18,1,0,1,8,4,3,18,9,10,4,12,8,33,2,0,13,11,9,5,10,1,8,16,3,40,1,32,3,5,4,7,31,10,11,4,1,0,2,2,1,35,0,2,7,0,17,17,12,0,13,3,4,1,57,4,2,10,68,34,0,1,1,42,0,0,64,1,16,0,2,4,1,6,0,0,69,131,12,7,15,0,0,29,11,1,0,0,19,4,2,2,3,0,1,7,1,14,46,15,1,0,7,0,3,8,1,1,5,41,2,1,0,0,2,1,0,10,8,1,5,2,5,14,24,0,2,0,2,8,13,0,11,4,11,0,3,4,0,1,24,49,3,15,8,2,3,14,0,6,16,1,6,0,1,4,0,22,0,18,0,0,18,0,15,5,1,118,31,1,1,0,5,19,0,1,15,0,18,1,12,0,1,3,4,22,1,16,17,52,13,0,6,7,12,82,2,10,8,10,2,1,6,6,24,33,2,18,1,4,3,9,0,14,7,9,10,11,6,0,3,23,3,7,2,16,15,1,6,4,1,3,9,11,13,3,9,2,3,18,29,12,14,17,17,0,4,7,1,2,15,19,12,55,5,5,6,4,6,24,3,0,14,5,1,27,1,1,5,6,1,0,20,16,5,2,6,11,2,9,26,1,3,0,23,1,1,1,42,3,4,35,2,2,2,43,9,1,4,3,3,9,12,5,0,12,21,11,2,17,6,2,22,0,1,7,11,3,6,13,0,4,19,3,0,3,0,2,6,12,1,21,6,5,13,10,13,4,9,26,6,8,10,2,10,10,10,18,6,20,58,2,3,21,32,2,13,2,23,0,22,1,12,24,11,1,7,18,7,2,5,6,6,40,0,87,0,30,74,2,15,0,67,6,2,6,0,23,24,4,24,5,3,1,1,2,17,13,16,63,9,1,5,1,4,0,4,13,7,6,13,25,1,12,20,10,10,56,3,4,2,3,33,0,1,38,11,5,3,2,1,25,2,2,13,7,46,6,2,14,1,7,7,3,13,2,2,1,0,1,7,3,0,4,7,14,2,3,1,2,3,16,3,0,21,27,5,11,1,2,2,11,13,0,3,68,11,6,108,7,5,150,9,1,7,11,13,1,3,5,1,77,6,2,10,3,49,64,21,4,122,3,36,35,1,0,56,14,10,4,1,8,1,7,13,2,4,3,2,12,1,10,8,2,73,2,5,6,47,1,0,0,4,23,2,5,6,2,0,5,2,8,1,5,9,4,9,1,0,1,1,22,7,5,2,213,3,14,7,11,8,11,11,11,12,3,1,5,4,0,5,4,0,1,1,2,5,4,5,4,193,2,19,4,2,2,12,8,1,9,2,5,2,1,1,17,46,7,11,5,84,29,9,6,20,6,6,1,10,1,13,11,3,6,3,5,5,1,2,14,2,7,9,6,0,1,1,3,2,2,4,2,13,8,2,6,7,3,5,12,15,1,10,5,9,2,21,16,7,5,7,2,16,7,2,3,15,3,84,12,2,1,1,5,10,2,5,1,2,1,2,12,0,10,1,5,15,0,1,2,38,5,1,13,7,1
x26,1753,1227,1442,367,5763,1601,5216,511,56,499,3053,14694,165,1537,1129,279,700,9807,2553,3136,1158,2527,39,194,680,219,336,2468,1664,37,334,149,378,4949,978,3561,234,3382,50,1352,1038,297,2458,1461,643,1205,1117,959,1012,3508,5707,4290,1310,1994,8710,4404,340,1550,5980,150,1012,1207,6373,1947,164,561,7127,3436,1524,2110,3249,262,393,192,3688,1827,520,2780,773,2455,2415,1582,6397,4515,928,246,2285,2870,6056,2531,7160,283,3646,3566,1223,8913,860,4185,1779,206,1620,847,2389,895,2902,620,126,98,148,632,239,1340,66,631,1690,95,205,2568,1382,66,1676,250,1377,128,3454,269,85,583,1707,2279,91,163,386,654,53,39,1496,153,1961,245,612,999,203,855,70,65,2266,700,1446,1411,594,112,30,1426,3924,306,74,55,2170,1047,548,388,141,98,135,1372,77,2695,853,2174,206,59,243,38,342,876,604,277,704,3378,997,323,109,225,448,136,156,1360,1472,290,1172,431,946,1570,1072,29,204,106,127,231,352,52,3776,823,2717,50,619,71,164,412,2027,1431,629,3131,910,497,1054,3298,86,621,1378,254,922,198,151,87,137,1469,80,945,107,96,354,35,498,584,297,1756,2249,107,137,159,872,318,402,382,4159,129,2563,453,2559,112,418,290,403,1178,253,1636,2296,1715,2761,22,1606,325,1063,2583,281,989,1069,2537,361,108,2514,2217,2138,4184,979,2234,500,2645,1193,722,206,4045,2000,4007,7537,3764,3549,324,431,2900,164,2838,4897,1575,5046,933,3384,443,844,2101,3542,2787,2283,490,5344,713,915,3513,4429,3533,5070,3040,732,262,2964,3648,687,442,4487,2664,872,10738,2554,893,1263,1134,2579,3576,769,110,5488,803,775,4095,108,555,1204,1320,223,316,3473,5758,391,529,868,3223,675,1515,2365,646,1187,212,3752,837,440,627,3577,1848,1045,5962,1997,1734,1142,1719,873,250,2343,1465,2744,5239,317,2550,397,1728,5493,4384,323,7137,2210,483,5678,192,513,2238,1579,2950,2517,2530,325,2724,3506,339,167,932,203,516,3682,1638,322,877,532,5103,7108,1939,2473,1914,3600,1465,367,4365,1665,267,1561,3585,1698,1973,1922,5405,2234,1137,352,905,7806,250,4737,353,7636,619,7837,785,2167,5938,4247,303,455,3714,692,1241,2494,624,3496,6225,159,1109,138,5977,5510,939,6612,220,7781,707,787,927,480,1534,1938,1668,1842,878,1872,250,1667,1110,2502,2507,1919,6873,2127,502,873,427,1617,130,1014,4362,1060,1697,4681,1569,561,732,4411,306,5643,8717,1986,836,485,1236,3413,286,758,6216,2031,2286,1656,575,228,5254,731,276,3072,3589,3630,3060,756,4409,786,1641,559,587,1085,1923,1113,277,205,209,261,785,190,1575,1767,6954,472,190,1657,492,1832,1980,899,46,3771,3624,598,2640,524,430,978,2122,4247,248,790,7016,6082,2136,3001,1700,873,1883,4132,449,1457,6193,1931,313,1193,3346,257,5523,3198,412,2768,2401,4801,3268,1372,971,5495,384,3294,5135,399,442,4370,3506,3899,919,660,887,382,1565,4303,772,663,310,471,4189,305,2497,4601,214,5168,736,1072,1548,5533,421,628,261,1653,3457,1098,2010,2765,1322,240,1874,594,1288,741,2246,433,2013,2629,750,673,518,728,6164,1239,2023,835,4583,1222,4956,7720,734,1355,2832,3365,4685,3048,1016,1370,543,296,375,936,3765,577,1327,343,309,519,1339,1408,3412,1969,1177,2353,1640,421,1689,935,1710,820,4229,1300,3103,1496,529,171,2494,6706,2042,2505,4570,7279,9747,1997,1675,2378,412,3327,964,5042,464,3569,2411,3462,499,1227,1585,218,442,806,595,2433,3099,654,1377,369,737,1095,1032,621,585,1432,1633,3247,2199,849,341,4653,1612,2237,743,2889,725,1454,2145,1241,814,3903,840,876,826,3653,1496,1847,2217,343,1400,4474,1141,4401,2095,533,745,507,494,2865,1322,1245,378,670,838,1286,1347,170,4801,326,3132,786,440,621,532,1698,438,573,422,777,585
x27,0,0,0,0,5,0,0,0,0,0,1,30,0,1,0,1,2,8,0,4,0,1,0,0,0,0,0,1,3,0,0,0,0,12,1,1,0,14,0,0,2,0,1,0,1,0,0,0,0,21,4,5,1,2,11,10,0,0,3,0,0,0,22,0,0,0,13,5,3,0,7,1,0,0,5,1,0,1,0,1,1,0,73,3,0,0,23,1,2,16,5,0,0,1,1,9,6,3,5,0,0,0,0,1,2,0,0,0,0,0,0,0,0,0,0,0,0,0,0,0,0,0,0,0,0,0,0,0,0,0,0,0,0,0,0,0,0,0,0,0,0,0,0,0,0,0,0,0,0,0,0,0,0,0,0,0,0,0,0,0,0,0,0,0,0,0,0,0,0,0,0,0,0,0,0,0,0,0,0,0,0,0,0,0,0,0,0,0,0,0,0,0,0,0,0,0,0,0,0,0,0,0,0,0,0,0,0,0,0,0,0,0,0,0,0,0,0,0,0,0,0,0,0,0,0,0,0,0,0,0,0,0,0,0,0,0,0,0,0,0,0,0,0,0,0,0,0,0,0,0,0,0,0,0,0,0,0,0,0,0,0,0,0,0,0,0,0,0,0,5,1,0,7,1,9,0,1,0,0,2,0,0,0,4,0,0,0,0,0,0,0,0,0,0,0,0,0,0,0,0,0,0,0,0,0,0,0,0,0,0,0,0,0,0,0,0,0,0,0,0,0,0,0,0,0,0,0,0,0,0,0,0,0,0,0,0,0,0,0,0,0,0,0,0,0,0,0,0,0,0,0,0,0,0,0,0,0,0,0,0,0,0,0,0,0,0,0,0,0,0,0,0,0,0,0,0,0,0,0,0,0,0,0,0,0,0,0,0,0,0,0,0,0,0,0,0,0,0,0,0,0,0,0,0,0,0,0,0,0,0,0,0,0,0,0,0,0,0,0,0,0,0,0,0,0,0,0,0,0,0,0,0,0,0,0,0,0,0,0,0,0,0,0,0,0,0,0,0,0,0,0,0,0,0,0,0,0,0,0,0,0,0,0,0,0,0,0,0,0,0,0,0,0,0,0,0,0,0,0,0,0,0,0,0,0,0,0,0,0,0,0,0,0,0,0,0,0,0,0,0,0,0,0,0,0,14,4,17,0,2,0,0,0,0,0,0,0,0,0,0,0,0,0,0,0,0,0,0,0,0,0,0,0,0,0,0,0,0,0,0,0,0,0,0,0,0,0,0,0,0,0,0,0,0,0,0,0,0,0,0,0,0,0,0,0,0,0,0,0,0,0,0,0,0,0,0,0,0,0,0,0,0,0,0,0,0,0,0,0,0,0,0,0,0,0,0,0,0,0,0,0,0,0,0,0,0,0,0,0,0,0,0,0,0,0,0,0,0,0,0,0,0,0,0,0,0,0,0,0,0,0,0,0,0,0,0,0,0,0,0,0,0,0,0,0,0,0,0,0,0,0,0,0,0,0,0,0,0,0,0,0,0,0,0,0,0,0,0,0,0,0,0,0,0,0,0,0,0,0,0,0,0,0,0,0,0,0,0,0,0,0,0,0,0,0,0,0,0,0,0,0,0,0,0,0,0,0,0,0,0,0,0,0,0,0,0,0,0,0,0,0,0,0,0,0,0,0,0,0,0,0,0,0,0,0,0,0,0,0,0,0,0,0,0,0,0,0,0,0,0,0,0,0,0,0,0
x28,0,0,0,0,0,0,0,0,0,0,0,0,0,0,0,0,0,0,0,0,0,0,0,0,0,0,0,0,0,0,0,0,0,0,0,0,0,0,0,0,0,0,0,0,0,0,0,0,0,0,0,0,0,0,0,0,0,0,0,0,0,0,0,0,0,0,0,0,0,0,0,0,0,0,0,0,0,0,0,0,0,0,0,0,0,0,0,0,0,0,0,0,0,0,0,0,0,0,0,0,0,0,0,0,0,0,0,0,0,0,0,0,0,0,0,0,0,0,0,0,0,0,0,0,0,0,0,0,0,0,0,0,0,0,0,0,0,0,0,0,0,0,0,0,0,0,0,0,0,0,0,0,0,0,0,0,0,0,0,0,0,0,0,0,0,0,0,0,0,0,0,0,0,0,0,0,0,0,0,0,0,0,0,0,0,0,0,0,0,0,0,0,0,0,0,0,0,0,0,0,0,0,0,0,0,0,0,0,0,0,0,0,0,0,0,0,0,0,0,0,0,0,0,0,0,0,0,0,0,0,0,0,0,0,0,0,0,0,0,0,0,0,0,0,0,0,0,0,0,0,0,0,0,0,0,0,0,0,0,0,0,0,0,0,0,0,0,0,0,0,0,0,0,0,0,0,0,0,0,0,0,0,0,0,0,0,0,0,0,0,0,0,0,0,0,0,0,0,0,0,0,0,0,0,0,0,0,0,0,0,0,0,0,0,0,0,0,0,0,0,0,0,0,0,0,0,0,0,0,0,0,0,0,0,0,0,0,0,0,0,0,0,0,0,0,0,0,0,0,0,0,0,0,0,0,0,0,0,0,0,0,0,0,0,0,0,0,0,0,0,0,0,0,0,0,0,0,0,0,0,0,0,0,0,0,0,0,0,0,0,0,0,0,0,0,0,0,0,0,0,0,0,0,0,0,0,0,0,0,0,0,0,0,0,0,0,0,0,0,0,0,0,0,0,0,0,0,0,0,0,0,0,0,0,0,0,0,0,0,0,0,0,0,0,0,0,0,0,0,0,0,0,0,0,0,0,0,0,0,0,0,0,0,0,0,0,0,0,0,0,0,0,0,0,0,0,0,0,0,0,0,0,0,0,0,0,0,0,0,0,0,0,0,0,0,0,0,0,0,0,0,0,0,0,0,0,0,0,0,0,0,0,0,0,0,0,0,0,0,0,0,0,0,0,0,0,0,0,0,0,0,0,0,0,0,0,0,0,0,0,0,0,0,0,0,0,0,0,0,0,0,0,0,0,0,0,0,0,0,0,0,0,0,0,0,0,0,0,0,0,0,0,0,0,0,0,0,0,0,0,0,0,0,0,0,0,0,0,0,0,0,0,0,0,0,0,0,0,0,0,0,0,0,0,0,0,0,0,0,0,0,0,0,0,0,0,0,0,0,0,0,0,0,0,0,0,0,0,0,0,0,0,0,0,0,0,0,0,0,0,0,0,0,0,0,0,0,0,0,0,0,0,0,0,0,0,0,0,0,0,0,0,0,0,0,0,0,0,0,0,0,0,0,0,0,0,0,0,0,0,0,0,0,0,0,0,0,0,0,0,0,0,0,0,0,0,0,0,0,0,0,0,0,0,0,0,0,0,0,0,0,0,0,0,0,0,0,0,0,0,0,0,0,0,0,0,0,0,0,0,0,0,0,0,0,0,0,0,0,0,0,0,0,0,0,0,0,0,0,0,0,0,0,0,0,0
x29,0,1,1,0,5,0,3,0,0,0,4,3,0,3,0,0,3,2,5,1,0,9,0,0,0,3,0,2,6,0,0,0,0,37,0,0,0,1,0,0,0,0,0,0,0,0,0,0,0,0,0,0,0,0,0,0,0,0,0,0,0,0,0,0,0,0,0,0,0,0,0,0,0,0,0,0,0,0,0,0,0,0,0,0,0,0,0,0,0,0,0,0,0,0,0,0,0,0,0,0,0,0,0,0,0,0,0,0,0,0,0,0,0,0,0,0,0,0,0,0,0,0,0,0,0,0,0,0,0,0,0,0,0,0,0,0,0,0,0,0,0,0,0,0,0,0,0,0,0,0,0,0,0,0,0,0,0,0,0,0,0,0,0,0,0,0,0,0,0,0,0,0,0,0,0,0,0,0,0,0,0,0,0,0,0,0,0,0,0,0,0,0,0,0,0,0,0,0,0,0,0,0,0,0,0,0,0,0,0,0,0,0,0,0,0,0,0,0,0,0,0,0,0,0,0,0,0,0,0,0,0,0,0,0,0,0,0,0,0,0,0,0,0,0,0,0,0,0,0,0,0,0,0,0,0,0,0,0,0,0,0,0,0,0,0,0,0,0,0,4,2,0,0,4,0,5,2,4,0,1,2,1,0,0,2,0,33,23,16,1,0,2,0,0,1,21,6,1,1,0,1,2,7,18,13,0,5,1,5,8,39,23,5,3,0,0,0,2,0,0,35,2,2,39,26,1,3,1,0,0,8,0,7,0,1,0,0,0,0,0,0,0,0,0,0,0,0,0,0,0,0,0,0,0,0,0,0,0,0,0,0,0,0,0,0,0,0,0,0,0,0,0,0,0,0,0,0,0,0,0,0,0,0,0,0,0,0,0,0,0,0,0,0,0,0,0,0,0,0,0,0,0,0,0,0,0,0,0,0,0,0,0,0,0,0,0,0,0,0,0,0,0,0,0,0,0,0,0,0,0,0,0,0,0,0,0,0,0,0,0,0,0,0,0,0,0,0,0,0,0,0,0,0,0,0,0,0,0,0,0,0,0,0,0,0,0,0,0,0,0,0,0,0,0,0,0,0,0,0,0,0,0,0,0,0,0,0,0,0,0,0,0,0,0,0,0,0,0,0,0,0,0,0,0,0,12,3,4,0,1,0,0,2,0,1,0,0,0,0,0,1,0,0,0,3,5,1,0,2,0,8,0,3,0,4,1,3,1,7,0,2,19,1,0,0,14,106,28,2,2,12,11,9,0,1,3,0,0,1,2,0,3,2,0,3,6,4,1,4,0,19,0,23,2,0,0,5,1,2,25,0,0,0,1,1,0,2,0,0,17,0,50,1,0,8,1,8,0,0,0,0,0,0,0,0,0,0,0,0,0,0,0,0,0,0,0,0,0,0,0,0,0,0,0,0,0,0,0,0,0,0,0,0,0,0,0,0,0,0,0,0,0,0,0,0,0,0,0,0,0,0,0,0,0,0,0,0,0,0,0,0,0,0,0,0,0,0,0,0,0,0,0,0,0,0,0,0,0,0,0,0,0,0,0,0,0,0,0,0,0,0,0,0,0,0,0,0,0,0,0,0,0,0,0,0,0,0,0,0,0,0,0,0,0,0,0,0,0,0,0,0,0,0,0,0,0,0,0,0,0,0,0,0,0,0,0,0,0,0,0,0,0,0,0,0,0,0,0,0,0,0,0,0,0,0,0
x3,216,0,22,15,9,3,132,1,10,0,46,234,13,37,14,1,1,3,115,16,23,85,0,1,2,7,0,29,22,1,32,0,1,59,71,181,0,22,1,14,45,0,2,35,5,468,16,182,7,368,201,9,0,0,0,0,0,0,0,0,0,0,0,0,0,0,0,0,0,0,0,0,0,0,0,0,0,0,0,0,0,0,0,0,0,0,0,0,0,0,0,0,0,0,0,0,0,0,0,0,0,0,0,0,0,0,0,0,0,0,0,0,0,0,0,0,0,0,0,0,0,0,0,0,0,0,0,0,0,0,0,0,0,0,0,0,0,0,0,0,0,0,0,0,0,0,0,0,0,0,0,0,0,0,0,0,0,0,0,0,0,0,0,0,0,0,0,0,0,0,0,0,0,0,0,0,0,0,0,0,0,0,0,0,0,0,0,0,0,0,0,0,0,0,0,0,0,0,0,0,0,0,0,0,0,0,0,0,0,0,0,0,0,0,0,0,0,0,0,0,0,0,0,0,0,0,0,0,0,0,0,0,0,0,0,0,0,0,0,0,0,0,0,0,0,0,0,0,0,0,0,0,0,0,0,0,0,0,0,0,0,0,0,0,0,0,0,0,0,0,0,0,0,0,0,0,0,0,0,0,0,0,0,0,0,0,0,0,0,0,0,0,0,0,0,0,0,0,0,0,0,0,0,0,0,0,0,0,0,0,0,0,0,0,0,0,0,0,0,0,0,0,0,0,0,0,0,0,0,0,0,0,0,0,0,0,0,0,0,0,0,0,0,0,0,0,0,0,0,0,0,0,0,0,0,0,0,0,0,0,0,0,0,0,0,0,0,0,0,0,0,0,0,0,0,0,0,0,0,0,0,0,0,0,0,0,0,0,0,0,0,0,0,0,0,0,0,0,0,0,0,0,0,0,0,0,0,0,0,0,0,0,0,0,0,0,0,0,0,0,0,0,0,0,0,0,0,0,0,0,0,0,0,0,0,0,0,0,0,0,0,0,0,0,0,0,0,0,0,0,0,0,0,0,0,0,0,0,0,0,0,0,0,0,0,0,0,0,0,0,0,0,0,0,0,0,0,0,0,0,0,0,0,0,0,0,0,0,0,0,0,0,0,0,0,0,0,0,0,0,0,0,0,0,0,0,0,0,0,0,0,0,0,0,0,0,0,0,0,0,0,0,0,0,0,0,0,0,0,0,0,0,0,0,0,0,0,0,0,0,0,0,0,0,0,0,0,0,0,0,0,0,0,0,0,0,0,0,0,0,0,0,0,0,0,0,0,0,0,0,0,0,0,0,0,0,0,0,0,0,0,0,0,0,0,0,0,0,0,0,0,0,0,0,0,0,0,0,0,0,0,0,0,0,0,0,0,0,0,0,0,0,0,0,0,0,0,0,0,0,0,0,0,0,0,0,0,0,0,0,0,0,0,0,0,0,0,0,0,0,0,0,0,0,0,0,0,0,0,0,0,0,0,0,0,0,0,0,0,0,0,0,0,0,0,0,0,0,0,0,0,0,0,0,0,0,0,0,0,0,0,0,0,0,0,0,0,0,0,0,0,0,0,0,0,0,0,0,0,0,0,0,0,0,0,0,0,0,0,0,0,0,0,0,0,0,0,0,0,0,0,0,0,0,0,0,0,0,0,0,0,0,0,0,0,0,0,0,0,0,0,0,0,0,0,0,0,0,0,0,0,0,0,0,0,0
x4,0,0,0,0,1,0,0,0,0,0,0,0,0,0,0,0,0,0,0,0,0,0,0,0,0,0,0,0,0,0,0,0,0,0,0,0,0,0,0,0,0,0,0,0,0,0,0,0,0,0,0,0,0,0,0,0,0,0,0,0,0,0,0,0,0,0,0,0,0,0,0,0,0,0,0,0,0,0,0,0,0,0,0,0,0,0,0,0,0,0,0,0,0,0,0,0,0,0,0,0,0,0,0,0,0,0,0,0,0,0,0,0,0,0,0,0,0,0,0,0,0,0,0,0,0,0,0,0,0,0,0,0,0,0,0,0,0,0,0,0,0,0,0,0,0,0,0,0,0,0,0,0,0,0,0,0,0,0,0,0,0,0,0,0,0,0,0,0,0,0,0,0,0,0,0,0,0,0,0,0,0,0,0,0,0,0,0,0,0,0,0,0,0,0,0,0,0,0,0,0,0,0,0,0,0,0,0,0,0,0,0,0,0,0,0,0,0,0,0,0,0,0,0,0,0,0,0,0,0,0,0,0,0,0,0,0,0,0,0,0,0,0,0,0,0,0,0,0,0,0,0,0,0,0,0,0,0,0,0,0,0,0,0,0,0,0,0,0,0,0,0,0,0,0,0,0,0,0,0,0,0,0,0,0,0,0,0,0,0,0,0,0,0,0,0,0,0,0,0,0,0,0,0,0,0,0,0,0,0,0,0,0,0,0,0,0,0,0,0,0,0,0,0,0,0,0,0,0,0,0,0,0,0,0,0,0,0,0,0,0,0,0,0,0,0,0,0,0,0,0,0,0,0,0,0,0,0,0,0,0,0,0,0,0,0,0,0,0,0,0,0,0,0,0,0,0,0,0,0,0,0,0,0,0,0,0,0,0,0,0,0,1,0,0,0,0,0,0,0,0,0,0,0,0,0,0,0,0,0,0,0,0,0,0,0,0,0,0,0,0,0,0,0,0,0,0,0,0,0,0,0,0,0,0,0,0,0,0,0,0,0,0,0,0,0,0,0,0,0,0,0,0,0,0,0,0,0,0,0,0,0,0,0,0,0,0,0,0,0,0,0,0,0,0,0,0,0,0,0,0,0,0,0,0,0,0,0,0,0,0,0,0,0,0,0,0,0,0,0,0,0,0,0,0,0,0,0,0,0,0,0,0,0,0,0,0,0,0,0,0,0,0,0,0,0,0,0,0,0,0,0,0,0,0,0,0,0,0,0,0,0,0,0,0,0,0,0,0,0,0,0,0,0,0,0,0,0,0,0,0,0,0,0,0,0,0,0,0,0,0,0,0,0,0,0,0,0,0,0,0,0,0,0,0,0,0,0,0,0,0,0,0,0,0,0,0,0,0,0,0,0,0,0,0,0,0,0,0,0,0,0,0,0,0,0,0,0,0,0,0,0,0,0,0,0,0,0,0,0,0,0,0,0,0,0,0,0,0,0,0,0,0,0,0,0,0,0,0,0,0,0,0,0,0,0,0,0,0,0,0,0,0,0,0,0,0,0,0,0,0,0,0,0,0,0,0,0,0,0,0,0,0,0,0,0,0,0,0,0,0,0,0,0,0,0,0,0,0,0,0,0,0,0,0,0,0,0,0,0,0,0,0,0,0,0,0,0,0,0,0,0,0,0,0,0,0,0,0,0,0,0,0,0,0,0,0,0,0,0,0,0,0,0,0,0,0,0,0,0,0,0,0,0,0,0,0
x5,13,4,6,2,91,3,25,2,1,2,14,92,0,4,110,2,6,34,66,8,3,10,3,1,1,1,1,46,24,0,1,0,4,60,9,7,0,63,0,10,4,2,87,29,2,32,5,2,2,16,20,14,32,7,13,14,1,8,32,0,3,3,26,20,4,6,106,17,10,5,21,1,0,2,25,8,9,6,1,4,19,22,77,34,26,1,8,16,24,9,21,1,10,11,46,27,3,48,20,0,4,11,27,5,13,14,2,0,22,4,0,9,0,10,15,0,5,25,8,2,10,5,13,0,21,2,0,9,8,15,1,7,1,10,0,0,41,1,25,11,6,8,2,9,1,0,29,3,17,7,8,3,0,26,85,3,1,2,33,57,13,4,4,0,2,13,2,96,8,18,0,0,1,0,4,18,5,3,25,59,61,3,0,2,3,4,0,18,10,4,6,27,4,10,32,0,5,1,0,3,3,3,62,33,184,1,9,4,3,3,25,18,9,53,5,12,20,176,1,10,25,1,10,1,1,0,1,60,0,3,1,1,3,0,4,6,10,14,12,6,1,14,8,1,1,4,23,0,11,2,40,1,3,5,3,11,2,10,66,16,18,0,12,2,6,60,6,13,28,9,5,0,27,22,127,8,13,9,1,10,6,2,0,22,6,18,31,13,9,3,1,23,0,28,7,15,39,4,11,2,5,1,7,13,9,18,15,1,3,319,11,9,51,22,4,1,4,55,3,1,75,26,3,170,23,9,14,10,65,15,4,0,54,1,3,9,0,1,6,23,3,2,60,89,1,2,6,7,1,20,7,2,7,0,12,4,1,6,10,3,6,30,7,18,17,6,3,1,21,3,5,7,0,18,1,6,21,29,1,38,18,5,125,3,2,4,24,7,6,14,5,8,14,1,2,3,1,1,15,8,0,3,3,14,18,15,4,12,22,3,1,13,10,3,8,8,10,14,10,17,25,8,1,6,57,4,11,4,33,3,19,2,88,19,15,2,1,18,2,6,7,1,9,19,0,15,3,147,23,9,53,0,36,6,16,3,2,88,8,4,6,7,32,0,6,3,95,15,13,21,50,3,11,0,5,0,2,300,35,6,38,9,2,4,17,1,23,32,6,3,2,6,23,3,3,79,10,6,5,2,1,34,1,4,9,8,38,11,5,19,6,9,5,1,2,2,4,23,0,3,7,4,1,5,5,21,8,1,3,6,16,27,16,0,17,7,2,26,4,1,2,6,13,0,7,38,20,4,10,36,8,5,14,4,4,35,4,2,3,62,3,62,26,1,58,8,37,14,5,5,19,1,13,9,1,3,206,17,38,4,2,38,3,11,25,3,12,2,1,10,0,22,25,5,102,4,9,5,38,0,1,2,13,29,8,12,8,6,1,12,1,4,6,7,2,6,7,1,1,8,2,32,5,6,4,22,1,16,47,2,4,11,11,98,42,7,9,3,1,2,16,24,1,14,1,2,7,3,3,15,25,5,9,4,2,9,4,3,2,7,3,9,16,2,14,13,53,12,5,8,16,16,5,19,12,3,32,1,12,1,8,9,5,3,9,3,1,0,7,1,4,188,2,11,1,4,7,4,1,2,5,9,29,7,9,2,41,20,83,4,8,3,15,39,2,12,22,7,29,5,22,17,5,4,1,11,12,32,19,32,7,2,6,3,14,10,7,0,16,1,3,4,1,26,1,5,6,1,18,1,8,1,5,4,1,1
x6,53,0,1,1,23,0,1,0,0,4,6,7,11,0,5,0,0,12,28,65,3,0,0,28,3,0,0,0,31,3,4,4,0,32,0,49,0,69,0,14,0,4,28,14,410,0,2,0,11,3,36,3,11,3,12,16,2,46,152,4,6,10,16,0,2,0,842,19,5,9,8,0,0,0,11,3,1,10,0,121,3,9,55,101,1,0,11,0,9,667,12,0,27,6,113,2027,2,1,6,0,4,0,26,10,2,0,0,0,0,0,0,0,0,0,0,0,0,0,0,0,0,0,0,0,0,0,0,0,0,0,0,0,0,0,0,0,0,0,0,0,0,0,0,0,0,0,0,0,0,0,0,0,0,0,0,0,0,0,0,0,0,0,0,0,0,0,0,0,0,0,0,0,0,0,0,0,0,0,0,0,0,0,0,0,0,0,0,0,0,0,0,0,0,0,0,0,0,0,0,0,0,0,0,0,0,0,0,0,0,0,0,0,0,0,0,0,0,0,0,0,0,0,0,0,0,0,0,0,0,0,0,0,0,0,0,0,0,0,0,0,0,0,0,0,0,0,0,0,0,0,0,0,0,0,0,0,0,0,0,0,0,0,0,0,0,0,0,0,0,0,0,0,7,10,0,0,22,3,30,78,3,3,6,1,0,14,5,21,30,1,0,35,0,690,12,0,35,0,1,1,45,2,16,15,6,0,46,0,25,2,137,2,14,7,53,0,3,4,0,0,0,1,0,33,10,4,93,34,0,231,65,2,62,45,0,4,0,0,0,0,0,0,0,0,0,0,0,0,0,0,0,0,0,0,0,0,0,0,0,0,0,0,0,0,0,0,0,0,0,0,0,0,0,0,0,0,0,0,0,0,0,0,0,0,0,0,0,0,0,0,0,0,0,0,0,0,0,0,0,0,0,0,0,0,0,0,0,0,0,0,0,0,0,0,0,0,0,0,0,0,0,0,0,0,0,0,0,0,0,0,0,0,0,0,0,0,0,0,0,0,0,0,0,0,0,0,0,0,0,0,0,0,0,0,0,0,0,0,0,0,0,0,0,0,0,0,0,0,0,0,0,0,0,0,0,0,0,0,0,0,0,0,0,0,0,0,0,0,0,0,0,0,0,0,0,0,0,0,0,0,0,0,0,0,0,21,2,0,0,151,3,39,0,0,980,0,0,139,0,3,2,3,0,0,27,0,0,4,0,1,8,0,16,11,1,27,0,0,0,1,82,0,28,3,0,1,72,70,24,4,0,4,93,0,2,2,2,0,3,9,26,12,109,0,10,8,9,3,2,25,2,0,25,0,0,5,5,1,1,4,4,2,0,0,9,3,0,0,4,19,0,0,22,3,18,0,18,1,2,0,0,2,91,1,12,87,0,1,0,2,1,34,0,1,11,15,238,0,0,4,0,1,1,0,13,131,0,1,16,5,0,3,25,2,44,0,1,0,0,0,2,0,2,12,25,6,7,7,64,12,0,4,161,1,1,6,4,6,0,1,0,1,0,1,22,1,8,7,360,1,7,83,1,0,24,0,0,7,29,22,38,14,4,0,3,1,0,53,0,7,1,19,0,0,0,1,1,4,9,2,14,20,34,438,5,16,4,0,0,16,4,8,14,5,77,0,1,11,0,2,55,39,14,181,1,15,14,3,8,12,0,1,1,1,6,67,13,0,10,8,1,11,0,8,2,14,8,1,0,0,0,0,1,12,1,13
x7,0,0,0,0,0,0,0,0,0,0,0,0,0,0,0,0,0,0,0,0,0,0,0,0,0,0,0,0,0,0,0,0,0,0,0,0,0,0,0,0,0,0,0,0,0,0,0,0,0,0,0,0,0,0,0,0,0,0,0,0,0,0,0,0,0,0,0,0,0,0,0,0,0,0,0,0,0,0,0,0,0,0,0,0,0,0,0,0,0,0,0,0,0,0,0,0,0,0,0,0,0,0,0,0,0,0,0,0,0,0,0,0,0,0,0,0,0,0,0,0,0,0,0,0,0,0,0,0,0,0,0,0,0,0,0,0,0,0,0,0,0,0,0,0,0,0,0,0,0,0,0,0,0,0,0,0,0,0,0,0,0,0,0,0,0,0,0,0,0,0,0,0,0,0,0,0,0,0,0,0,0,0,0,0,0,0,0,0,0,0,0,0,0,0,0,0,0,0,0,0,0,0,0,0,0,0,0,0,0,0,0,0,0,0,0,0,0,0,0,0,0,0,0,0,0,0,0,0,0,0,0,0,0,0,0,0,0,0,0,0,0,0,0,0,0,0,0,0,0,0,0,0,0,0,0,0,0,0,0,0,0,0,0,0,0,0,0,0,0,0,0,0,0,0,0,0,0,0,0,0,0,0,0,0,0,0,0,0,0,0,0,0,0,0,0,0,0,0,0,0,0,0,0,0,0,0,0,0,0,0,0,0,0,0,0,0,0,0,0,0,0,0,0,0,0,0,0,0,0,0,0,0,0,0,0,0,0,0,0,0,0,0,0,0,0,0,0,0,0,0,0,0,0,0,0,0,0,0,0,0,0,0,0,0,0,0,0,0,0,0,0,0,0,0,0,0,0,0,0,0,0,0,0,0,0,0,0,0,0,0,0,0,0,0,0,0,0,0,0,0,0,0,0,0,0,0,0,0,0,0,0,0,0,0,0,0,0,0,0,0,0,0,0,0,0,0,0,0,0,0,0,0,0,0,0,0,0,0,0,0,0,0,0,0,0,0,0,0,0,0,0,0,0,0,0,0,0,0,0,0,0,0,0,0,0,0,0,0,0,0,0,0,0,0,0,0,0,0,0,0,0,0,0,0,0,0,0,0,0,0,0,0,0,0,0,0,0,0,0,0,0,0,0,0,0,0,0,0,0,0,0,0,0,0,0,0,0,0,0,0,0,0,0,0,0,0,0,0,0,0,0,0,0,0,0,0,0,0,0,0,0,0,0,0,0,0,0,0,0,0,0,0,0,0,0,0,0,0,0,0,0,0,0,0,0,0,0,0,0,0,0,0,0,0,0,0,0,0,0,0,0,0,0,0,0,0,0,0,0,0,0,0,0,0,0,0,0,0,0,0,0,0,0,0,0,0,0,0,0,0,0,0,0,0,0,0,0,0,0,0,0,0,0,0,0,0,0,0,0,0,0,0,0,0,0,0,0,0,0,0,0,0,0,0,0,0,0,0,0,0,0,0,0,0,0,0,0,0,0,0,0,0,0,0,0,0,0,0,0,0,0,0,0,0,0,0,0,0,0,0,0,0,0,0,0,0,0,0,0,0,0,0,0,0,0,0,0,0,0,0,0,0,0,0,0,0,0,0,0,0,0,0,0,0,0,0,0,0,0,0,0,0,0,0,0,0,0,0,0,0,0,0,0,0,0,0,0,0,0,0,0,0,0,0,0,0,0,0,0,0,0,0,0,0,0,0
x8,0,0,0,0,0,0,0,0,0,0,0,0,0,0,0,0,0,0,0,0,0,0,0,0,0,0,0,0,0,0,0,0,0,0,0,0,0,0,0,0,0,0,0,0,0,0,0,0,0,0,0,0,0,0,0,0,0,0,0,0,0,0,0,0,0,0,0,0,0,0,0,0,0,0,0,0,0,0,0,0,0,0,0,0,0,0,0,0,0,0,0,0,0,0,0,0,0,0,0,0,0,0,0,0,0,0,0,0,0,0,0,0,0,0,0,0,0,0,0,0,0,0,0,0,0,0,0,0,0,0,0,0,0,0,0,0,0,0,0,0,0,0,0,0,0,0,0,0,0,0,0,0,0,0,0,0,0,0,0,0,0,0,0,0,0,0,0,0,0,0,0,0,0,0,0,0,0,0,0,0,0,0,0,0,0,0,0,0,0,0,0,0,0,0,0,0,0,0,0,0,0,0,0,0,0,0,0,0,0,0,0,0,0,0,0,0,0,0,0,0,0,0,0,0,0,0,0,0,0,0,0,0,0,0,0,0,0,0,0,0,0,0,0,0,0,0,0,0,0,0,0,0,0,0,0,0,0,0,0,0,0,0,0,0,0,0,0,0,0,0,0,0,0,0,0,0,0,0,0,0,0,0,0,0,0,0,0,0,0,0,0,0,0,0,0,0,0,0,0,0,0,0,0,0,0,0,0,0,0,0,0,0,0,0,0,0,0,0,0,0,0,0,0,0,0,0,0,0,0,0,0,0,0,0,0,0,0,0,0,0,0,0,0,0,0,0,0,0,0,0,0,0,0,0,0,0,0,0,0,0,0,0,0,0,0,0,0,0,0,0,0,0,0,0,0,0,0,0,0,0,0,0,0,0,0,0,0,0,0,0,0,0,0,0,0,0,0,0,0,0,0,0,0,0,0,0,0,0,0,0,0,0,0,0,0,0,0,0,0,0,0,0,0,0,0,0,0,0,0,0,0,0,0,0,0,0,0,0,0,0,0,0,0,0,0,0,0,0,0,0,0,0,0,0,0,0,0,0,0,0,0,0,0,0,0,0,0,0,0,0,0,0,0,0,0,0,0,0,0,0,0,0,0,0,0,0,0,0,0,0,0,0,0,0,0,0,0,0,0,0,0,0,0,0,0,0,0,0,0,0,0,0,0,0,0,0,0,0,0,0,0,0,0,0,0,0,0,0,0,0,0,0,0,0,0,0,0,0,0,0,0,0,0,0,0,0,0,0,0,0,0,0,0,0,0,0,0,0,0,0,0,0,0,0,0,0,0,0,0,0,0,0,0,0,0,0,0,0,0,0,0,0,0,0,0,0,0,0,0,0,0,0,0,0,0,0,0,0,0,0,0,0,0,0,0,0,0,0,0,0,0,0,0,0,0,0,0,0,0,0,0,0,0,0,0,0,0,0,0,0,0,0,0,0,0,0,0,0,0,0,0,0,0,0,0,0,0,0,0,0,0,0,0,0,0,0,0,0,0,0,0,0,0,0,0,0,0,0,0,0,0,0,0,0,0,0,0,0,0,0,0,0,0,0,0,0,0,0,0,0,0,0,0,0,0,0,0,0,0,0,0,0,0,0,0,0,0,0,0,0,0,0,0,0,0,0,0,0,0,0,0,0,0,0,0,0,0,0,0,0,0,0,0,0,0,0,0,0,0,0,0,0,0,0,0,0,0,0,0,0,0,0,0,0,0,0
x9,0,0,0,0,0,0,0,0,0,0,0,0,0,0,0,0,0,0,0,0,0,0,0,0,0,0,0,0,0,0,0,0,0,0,0,0,0,0,0,0,0,0,0,0,0,0,0,0,0,0,0,0,0,0,0,0,0,0,0,0,0,0,0,0,0,0,0,0,0,0,0,0,0,0,0,0,0,0,0,0,0,0,0,0,0,0,0,0,0,0,0,0,0,0,0,0,0,0,0,0,0,0,0,0,0,0,0,0,0,0,0,0,0,0,0,0,0,0,0,0,0,0,0,0,0,0,0,0,0,0,0,0,0,0,0,0,0,0,0,0,0,0,0,0,0,0,1,0,0,0,0,0,0,0,0,0,0,0,0,0,0,0,0,0,0,0,0,0,0,0,0,0,0,0,0,0,0,0,0,0,0,0,0,0,0,0,0,5,0,0,0,0,0,0,0,0,0,0,0,0,0,0,0,0,0,0,0,0,0,0,0,0,0,0,0,0,0,0,0,0,0,0,0,0,0,0,0,0,0,0,0,0,0,0,0,0,0,0,0,0,0,0,0,0,0,0,0,0,0,0,0,0,0,0,0,0,0,0,0,0,0,0,0,0,0,0,0,0,0,0,0,0,0,0,0,0,0,0,0,0,0,0,0,0,0,0,0,0,0,0,0,0,0,0,0,0,0,0,0,0,0,0,0,0,0,0,0,0,0,0,0,0,0,0,0,0,0,0,0,0,0,0,0,0,0,0,0,0,0,0,0,0,0,0,0,0,0,0,0,0,0,0,0,0,0,0,0,0,0,0,0,0,0,0,0,0,0,0,0,0,0,0,0,0,0,0,0,0,0,0,0,0,0,0,0,0,0,0,0,0,0,0,0,0,0,0,0,0,0,0,0,0,0,0,0,0,0,0,0,0,0,0,0,0,0,0,0,0,0,0,0,0,0,0,0,0,0,0,0,0,0,0,0,0,0,0,0,0,0,0,0,0,0,0,0,0,0,0,0,0,0,0,0,0,0,0,0,0,0,0,0,0,0,0,0,0,0,0,0,0,0,0,0,0,0,0,0,0,0,0,0,0,0,0,0,0,0,0,0,0,0,0,0,0,0,0,0,0,0,0,0,0,0,0,0,0,0,0,0,0,0,0,0,0,0,0,0,0,0,0,0,0,0,0,0,0,0,0,0,0,0,0,0,0,0,0,0,0,0,0,0,0,0,0,0,0,0,0,0,0,0,0,0,0,0,0,0,0,0,0,0,0,0,0,0,0,0,0,0,0,0,0,0,0,0,0,0,0,0,0,0,0,0,0,0,0,0,0,0,0,0,0,0,0,0,0,0,0,0,0,0,0,0,0,0,0,0,0,0,0,0,0,0,0,0,0,0,0,0,0,0,0,0,0,0,0,0,0,0,0,0,0,0,0,0,0,0,0,0,0,0,0,0,0,0,0,0,0,0,0,0,0,0,0,0,0,0,0,0,0,0,0,0,0,0,0,0,0,0,0,0,0,0,0,0,0,0,0,0,0,0,0,0,0,0,0,0,0,0,0,0,0,0,0,0,0,0,0,0,0,0,0,0,0,0,0,0,0,0,0,0,0,0,0,0,0,0,0,0,0,0,0,0,0,0,0,0,0,0,0,0,0,0,0,0,0,0,0,0,0,0,0,0,0,0,0,0,0,0,0,0,0,0,0,0,0,0,0,0,0,0,0,0,0,0,0
