,init_to_steady1_2_0,init_to_steady1_2_1,init_to_steady1_2_2,init_to_steady1_2_3,init_to_steady1_2_4,init_to_steady1_3_0,init_to_steady1_3_1,init_to_steady1_3_2,init_to_steady1_3_3,init_to_steady1_3_4,init_to_steady1_3_5,init_to_steady1_3_6,init_to_steady1_4_0,init_to_steady1_4_1,init_to_steady1_4_2,init_to_steady1_4_3,init_to_steady1_4_4,init_to_steady1_4_5,init_to_steady1_4_6,init_to_steady1_4_7,init_to_steady1_4_8,init_to_steady1_4_9,init_to_steady1_4_10,init_to_steady1_4_11,init_to_steady1_4_12,init_to_steady1_4_13,init_to_steady1_5_0,init_to_steady1_5_1,init_to_steady1_5_2,init_to_steady1_5_3,init_to_steady1_5_4,init_to_steady1_5_5,init_to_steady1_5_6,init_to_steady1_5_7,init_to_steady1_5_8,init_to_steady1_5_9,init_to_steady1_5_10,init_to_steady1_5_11,init_to_steady1_5_12,init_to_steady1_6_0,init_to_steady1_6_1,init_to_steady1_6_2,init_to_steady1_6_3,init_to_steady1_6_4,init_to_steady1_6_5,init_to_steady1_6_6,init_to_steady1_6_7,init_to_steady1_6_8,init_to_steady1_6_9,init_to_steady1_6_10,init_to_steady1_6_11,init_to_steady1_6_12,init_to_steady1_6_13,init_to_steady1_6_14,init_to_steady1_6_15,init_to_steady1_6_16,init_to_steady1_6_17,init_to_steady1_6_18,init_to_steady1_6_19,init_to_steady1_6_20,init_to_steady1_6_21,init_to_steady1_6_22,init_to_steady1_6_23,init_to_steady1_6_24,init_to_steady1_6_25,init_to_steady1_6_26,init_to_steady1_6_27,init_to_steady1_6_28,init_to_steady1_6_29,init_to_steady1_6_30,init_to_steady1_6_31,init_to_steady1_6_32,init_to_steady1_6_33,init_to_steady1_6_34,init_to_steady1_6_35,init_to_steady1_6_36,init_to_steady1_6_37,init_to_steady1_6_38,init_to_steady1_6_39,init_to_steady1_6_40,init_to_steady1_6_41,init_to_steady1_6_42,init_to_steady1_6_43,init_to_steady1_6_44,init_to_steady1_6_45,init_to_steady1_6_46,init_to_steady1_6_47,init_to_steady1_6_48,init_to_steady1_6_49,init_to_steady1_6_50,init_to_steady1_7_0,init_to_steady1_7_1,init_to_steady1_7_2,init_to_steady1_7_3,init_to_steady1_7_4,init_to_steady1_7_5,init_to_steady1_7_6,init_to_steady1_7_7,init_to_steady1_7_8,init_to_steady1_7_9,init_to_steady1_7_10,init_to_steady1_7_11,init_to_steady1_7_12,init_to_steady1_7_13,init_to_steady1_7_14,init_to_steady1_7_15,init_to_steady1_7_16,init_to_steady1_7_17,init_to_steady1_7_18,init_to_steady1_7_19,init_to_steady1_7_20,init_to_steady1_7_21,init_to_steady1_7_22,init_to_steady1_7_23,init_to_steady1_7_24,init_to_steady1_7_25,init_to_steady1_7_26,init_to_steady1_7_27,init_to_steady1_7_28,init_to_steady1_7_29,init_to_steady1_7_30,init_to_steady1_7_31,init_to_steady1_8_0,init_to_steady1_8_1,init_to_steady1_8_2,init_to_steady1_8_3,init_to_steady1_8_4,init_to_steady1_8_5,init_to_steady1_8_6,init_to_steady1_8_7,init_to_steady1_8_8,init_to_steady1_8_9,init_to_steady1_8_10,init_to_steady1_8_11,init_to_steady1_8_12,init_to_steady1_8_13,init_to_steady1_8_14,init_to_steady1_8_15,init_to_steady1_8_16,init_to_steady1_8_17,init_to_steady1_8_18,init_to_steady1_8_19,init_to_steady1_8_20,init_to_steady1_8_21,init_to_steady1_8_22,init_to_steady1_8_23,init_to_steady1_8_24,init_to_steady1_8_25,init_to_steady1_8_26,init_to_steady1_8_27,init_to_steady1_8_28,init_to_steady1_8_29,init_to_steady1_8_30,init_to_steady1_8_31,init_to_steady1_8_32,init_to_steady1_8_33,init_to_steady1_8_34,init_to_steady1_8_35,init_to_steady1_8_36,init_to_steady1_8_37,init_to_steady1_8_38,init_to_steady1_8_39,init_to_steady1_8_40,init_to_steady1_8_41,init_to_steady1_8_42,init_to_steady1_8_43,init_to_steady1_8_44,init_to_steady1_8_45,init_to_steady1_8_46,init_to_steady1_8_47,init_to_steady1_8_48,init_to_steady1_8_49,init_to_steady1_8_50,init_to_steady1_8_51,init_to_steady1_8_52,init_to_steady1_8_53,init_to_steady1_8_54,init_to_steady1_8_55,init_to_steady1_8_56,init_to_steady1_8_57,init_to_steady1_8_58,init_to_steady1_8_59,init_to_steady1_8_60,init_to_steady1_8_61,init_to_steady1_8_62,init_to_steady1_8_63,init_to_steady1_8_64,init_to_steady1_8_65,init_to_steady1_8_66,init_to_steady1_8_67,init_to_steady1_8_68,init_to_steady1_8_69,init_to_steady1_8_70,init_to_steady1_8_71,init_to_steady1_8_72,init_to_steady1_8_73,init_to_steady1_8_74,init_to_steady1_8_75,init_to_steady1_9_0,init_to_steady1_9_1,init_to_steady1_9_2,init_to_steady1_9_3,init_to_steady1_9_4,init_to_steady1_9_5,init_to_steady1_9_6,init_to_steady1_9_7,init_to_steady1_9_8,init_to_steady1_9_9,init_to_steady1_9_10,init_to_steady1_9_11,init_to_steady1_9_12,init_to_steady1_9_13,init_to_steady1_9_14,init_to_steady1_9_15,init_to_steady1_9_16,init_to_steady1_9_17,init_to_steady1_9_18,init_to_steady1_9_19,init_to_steady1_9_20,init_to_steady1_9_21,init_to_steady1_9_22,init_to_steady1_9_23,init_to_steady1_9_24,init_to_steady1_9_25,init_to_steady1_9_26,init_to_steady1_9_27,init_to_steady1_9_28,init_to_steady1_9_29,init_to_steady1_9_30,init_to_steady1_9_31,init_to_steady1_9_32,init_to_steady1_9_33,init_to_steady1_9_34,init_to_steady1_9_35,init_to_steady1_9_36,init_to_steady1_9_37,init_to_steady1_9_38,init_to_steady1_9_39,init_to_steady1_9_40,init_to_steady1_9_41,init_to_steady1_9_42,init_to_steady1_9_43,init_to_steady1_9_44,init_to_steady1_9_45,init_to_steady1_9_46,init_to_steady1_9_47,init_to_steady1_9_48,init_to_steady1_9_49,init_to_steady1_9_50,init_to_steady1_9_51,init_to_steady1_9_52,init_to_steady1_9_53,init_to_steady1_9_54,init_to_steady1_9_55,init_to_steady1_9_56,init_to_steady1_9_57,init_to_steady1_9_58,init_to_steady1_9_59,init_to_steady1_9_60,init_to_steady1_9_61,init_to_steady1_9_62,init_to_steady1_9_63,init_to_steady1_9_64,init_to_steady1_9_65,init_to_steady1_9_66,init_to_steady1_9_67,init_to_steady1_9_68,init_to_steady1_9_69,init_to_steady1_9_70,init_to_steady1_9_71,init_to_steady1_9_72,init_to_steady1_9_73,init_to_steady1_9_74,init_to_steady1_9_75,init_to_steady1_9_76,init_to_steady1_9_77,init_to_steady1_9_78,init_to_steady1_9_79,init_to_steady1_9_80,init_to_steady1_9_81,init_to_steady1_9_82,init_to_steady1_9_83,init_to_steady1_9_84,init_to_steady1_9_85,init_to_steady1_9_86,init_to_steady1_9_87,init_to_steady1_9_88,init_to_steady1_9_89,init_to_steady1_9_90,init_to_steady1_9_91,init_to_steady1_9_92,init_to_steady1_12_0,init_to_steady1_14_0,init_to_steady1_14_1,init_to_steady1_15_0,init_to_steady1_15_1,init_to_steady1_15_2,init_to_steady1_15_3,init_to_steady1_15_4,init_to_steady1_15_5,init_to_steady1_15_6,init_to_steady1_15_7,init_to_steady1_15_8,steady1_0,steady1_1,steady1_2,steady1_3,steady1_4,steady1_5,steady1_6,steady1_7,steady1_8,steady1_9,steady1_10,steady1_11,steady1_12,steady1_13,steady1_14,steady1_15,steady1_16,steady1_17,steady1_18,steady1_19,steady1_20,steady1_21,steady1_22,steady1_23,steady1_24,steady1_25,steady1_26,steady1_27,steady1_28,steady1_29,steady1_30,steady1_31,steady1_32,steady1_33,steady1_34,steady1_35,steady1_36,steady1_37,steady1_38,steady1_39,steady1_40,steady1_41,steady1_42,steady1_43,steady1_44,steady1_45,steady1_46,steady1_47,steady1_48,steady1_49,steady1_50,steady1_51,steady1_52,steady1_53,steady1_54,steady1_55,steady1_56,steady1_57,steady1_58,steady1_59,steady1_60,steady1_61,steady1_62,steady1_63,steady1_64,steady1_65,steady1_66,steady1_67,steady1_68,steady1_69,steady1_70,steady1_71,steady1_72,steady1_73,steady1_74,steady1_75,steady1_76,steady1_77,steady1_78,steady1_79,steady1_80,steady1_81,steady1_82,steady1_83,steady1_84,steady1_85,steady1_86,steady1_87,steady1_88,steady1_89,steady1_90,steady1_91,steady1_92,steady1_93,steady1_94,steady1_95,steady1_96,steady1_97,steady1_98,steady1_99,steady1_100,steady1_101,steady1_102,steady1_103,steady1_104,steady1_105,steady1_106,steady1_107,steady1_108,steady1_109,steady1_110,steady1_111,steady1_112,steady1_113,steady1_114,steady1_115,steady1_116,steady1_117,steady1_118,steady1_119,steady1_120,steady1_121,steady1_122,steady1_123,steady1_124,steady1_125,steady1_126,steady1_127,steady1_128,steady1_129,steady1_130,steady1_131,steady1_132,steady1_133,steady1_134,steady1_135,steady1_136,steady1_137,steady1_138,steady1_139,steady1_140,steady1_141,steady1_142,steady1_143,steady1_144,steady1_145,steady1_146,steady1_147,steady1_148,steady1_149,steady1_150,steady1_151,steady1_152,steady1_153,steady1_154,steady1_155,steady1_156,steady1_157,steady1_158,steady1_159,steady1_160,steady1_161,steady1_162,steady1_163,steady1_164,steady1_165,steady1_166,steady1_167,steady1_168,steady1_169,steady1_170,steady1_171,steady1_172,steady1_173,steady1_174,steady1_175,steady1_176,steady1_177,steady1_178,steady1_179,steady1_180,steady1_181,steady1_182,steady1_183,steady1_184,steady1_185,steady1_186,steady1_187,steady1_188,steady1_189,steady1_190,steady1_191,steady1_192,steady1_193,steady1_194,steady1_195,steady1_196,steady1_197,steady1_198,steady1_199,steady1_200,steady1_201,steady1_202,steady1_203,steady1_204,steady1_205,steady1_206,steady1_207,steady1_208,steady1_209,steady1_210,steady1_211,steady1_212,steady1_213,steady1_214,steady1_215,steady1_216,steady1_217,steady1_218,steady1_219,steady1_220,steady1_221,steady1_222,steady1_223,steady1_224,steady1_225,steady1_226,steady1_227,steady1_228,steady1_229,steady1_230,steady1_231,steady1_232,steady1_233,steady1_234,steady1_235,steady1_236,steady1_237,steady1_238,steady1_239,steady1_240,steady1_241,steady1_242,steady1_243,steady1_244,steady1_245,steady1_246,steady1_247,steady1_248,steady1_249,steady1_250,steady1_251,steady1_252,steady1_253,steady1_254,steady1_255,steady1_256,steady1_257,steady1_258,steady1_259,steady1_260,steady1_261,steady1_262,steady1_263,steady1_264,steady1_265,steady1_266,steady1_267,steady1_268,steady1_269,steady1_270,steady1_271,steady1_272,steady1_273,steady1_274,steady1_275,steady1_276,steady1_277,steady1_278,steady1_279,steady1_280,steady1_281,steady1_282,steady1_283,steady1_284,steady1_285,steady1_286,steady1_287,steady1_288,steady1_289,steady1_290,steady1_291,steady1_292,steady1_293,steady1_294,steady1_295,steady1_296,steady1_297,steady1_298,steady1_299,steady1_300,steady1_301,steady1_302,steady1_303,steady1_304,steady1_305,steady1_306,steady1_307,steady1_308,steady1_309,steady1_310,steady1_311,steady1_312,steady1_313,steady1_314,steady1_315,steady1_316,steady1_317,steady1_318,steady1_319,steady1_320,steady1_321,steady1_322,steady1_323,steady1_324,steady1_325,steady1_326,steady1_327,steady1_328,steady1_329,steady1_330,steady1_331,steady1_332,steady1_333,steady1_334,steady1_335,steady1_336,steady1_337,steady1_338,steady1_339,steady1_340,steady1_341,steady1_342,steady1_343,steady1_344,steady1_345,steady1_346,steady1_347,steady1_348,steady1_349,steady1_350,steady1_351,steady1_352,steady1_353,steady1_354,steady1_355,steady1_356,steady1_357,steady1_358,steady1_359,steady1_360,steady1_361,steady1_362,steady1_363,steady1_364,steady1_365,steady1_366,steady1_367,steady1_368,steady1_369,steady1_370,steady1_371,steady1_372,steady1_373,steady1_374,steady1_375,steady1_376,steady1_377,steady1_378,steady1_379,steady1_380,steady1_381,steady1_382,steady1_383,steady1_384,steady1_385,steady1_386,steady1_387,steady1_388,steady1_389,steady1_390,steady1_391,steady1_392,steady1_393,steady1_394,steady1_395,steady1_396,steady1_397,steady1_398,steady1_399,steady1_400,steady1_401,steady1_402,steady1_403,steady1_404,steady1_405,steady1_406,steady1_407,steady1_408,steady1_409,steady1_410,steady1_411,steady1_412,steady1_413,steady1_414,steady1_415,steady1_416,steady1_417,steady1_418,steady1_419,steady1_420,steady1_421,steady1_422,steady1_423,steady1_424,steady1_425,steady1_426,steady1_427,steady1_428,steady1_429,steady1_430,steady1_431,steady1_432,steady1_433,steady1_434,steady1_435,steady1_436,steady1_437,steady1_438,steady1_439,steady1_440,steady1_441,steady1_442,steady1_443,steady1_444,steady1_445,steady1_446,steady1_447,steady1_448,steady1_449,steady1_450,steady1_451,steady1_452,steady1_453,steady1_454,steady1_455,steady1_456,steady1_457,steady1_458,steady1_459,steady1_460,steady1_461,steady1_462,steady1_463,steady1_464,steady1_465,steady1_466,steady1_467,steady1_468,steady1_469,steady1_470,steady1_471,steady1_472,steady1_473,steady1_474,steady1_475,steady1_476,steady1_477,steady1_478,steady1_479,steady1_480,steady1_481,steady1_482,steady1_483,steady1_484,steady1_485,steady1_486,steady1_487,steady1_488,steady1_489,steady1_490,steady1_491,steady1_492,steady1_493,steady1_494,steady1_495,steady1_496,steady1_497,steady1_498,steady1_499,steady1_500,steady1_501,steady1_502,steady1_503,steady1_504,steady1_505,steady1_506,steady1_507,steady1_508,steady1_509,steady1_510,steady1_511,steady1_512,steady1_513,steady1_514,steady1_515,steady1_516,steady1_517,steady1_518,steady1_519,steady1_520,steady1_521,steady1_522,steady1_523,steady1_524,steady1_525,steady1_526,steady1_527,steady1_528,steady1_529,steady1_530,steady1_531,steady1_532,steady1_533,steady1_534,steady1_535,steady1_536,steady1_537,steady1_538,steady1_539,steady1_540,steady1_541,steady1_542,steady1_543,steady1_544,steady1_545,steady1_546,steady1_547,steady1_548,steady1_549,steady1_550,steady1_551,steady1_552,steady1_553,steady1_554,steady1_555,steady1_556,steady1_557,steady1_558,steady1_559,steady1_560,steady1_561,steady1_562,steady1_563
x0,0,0,0,0,0,0,0,0,0,0,0,0,0,0,0,0,0,0,0,0,0,0,0,0,0,0,0,0,0,0,0,0,0,0,0,0,0,0,0,0,0,0,0,0,0,0,0,0,0,0,0,0,0,0,0,0,0,0,0,0,0,0,0,0,0,0,0,0,0,0,0,0,0,0,0,0,0,0,0,0,0,0,0,0,0,0,0,0,0,0,0,0,0,0,0,0,0,0,0,0,0,0,0,0,0,0,0,0,0,0,0,0,0,0,0,0,0,0,0,0,0,0,0,0,0,0,0,0,0,0,0,0,0,0,0,0,0,0,0,0,0,0,0,0,0,0,0,0,0,0,0,0,0,0,0,0,0,0,0,0,0,0,0,0,0,0,0,0,0,0,0,0,0,0,0,0,0,0,0,0,0,0,0,0,0,0,0,0,0,0,0,0,0,0,0,0,0,0,0,0,0,0,0,0,0,0,0,0,0,0,0,0,0,0,0,0,0,0,0,0,0,0,0,0,0,0,0,0,0,0,0,0,0,0,0,0,0,0,0,0,0,0,0,0,0,0,0,0,0,0,0,0,0,0,0,0,0,0,0,0,0,0,0,0,0,0,0,0,0,0,0,0,0,0,0,0,0,0,0,0,0,0,0,0,0,0,0,0,0,0,0,0,0,0,0,0,0,0,0,0,0,0,0,0,0,0,0,0,0,0,0,0,0,0,0,0,0,0,0,0,0,0,0,0,0,0,0,0,0,0,0,0,0,0,0,0,0,0,0,0,0,0,0,0,0,0,0,0,0,0,0,0,0,0,0,0,0,0,0,0,0,0,0,0,0,0,0,0,0,0,0,0,0,0,0,0,0,0,0,0,0,0,0,0,0,0,0,0,0,0,0,0,0,0,0,0,0,0,0,0,0,0,0,0,0,0,0,0,0,0,0,0,0,0,0,0,0,0,0,0,0,0,0,0,0,0,0,0,0,0,0,0,0,0,0,0,0,0,0,0,0,0,0,0,0,0,0,0,0,0,0,0,0,0,0,0,0,0,0,0,0,0,0,0,0,0,0,0,0,0,0,0,0,0,0,0,0,0,0,0,0,0,0,0,0,0,0,0,0,0,0,0,0,0,0,0,0,0,0,0,0,0,0,0,0,0,0,0,0,0,0,0,0,0,0,0,0,0,0,0,0,0,0,0,0,0,0,0,0,0,0,0,0,0,0,0,0,0,0,0,0,0,0,0,0,0,0,0,0,0,0,0,0,0,0,0,0,0,0,0,0,0,0,0,0,0,0,0,0,0,0,0,0,0,0,0,0,0,0,0,0,0,0,0,0,0,0,0,0,0,0,0,0,0,0,0,0,0,0,0,0,0,0,0,0,0,0,0,0,0,0,0,0,0,0,0,0,0,0,0,0,0,0,0,0,0,0,0,0,0,0,0,0,0,0,0,0,0,0,0,0,0,0,0,0,0,0,0,0,0,0,0,0,0,0,0,0,0,0,0,0,0,0,0,0,0,0,0,0,0,0,0,0,0,0,0,0,0,0,0,0,0,0,0,0,0,0,0,0,0,0,0,0,0,0,0,0,0,0,0,0,0,0,0,0,0,0,0,0,0,0,0,0,0,0,0,0,0,0,0,0,0,0,0,0,0,0,0,0,0,0,0,0,0,0,0,0,0,0,0,0,0,0,0,0,0,0,0,0,0,0,0,0,0,0,0,0,0,0,0,0,0,0,0,0,0,0,0,0,0,0,0,0,0,0,0,0,0,0,0,0,0,0,0,0,0,0,0,0,0,0,0,0,0,0,0,0,0,0,0,0,0,0,0,0,0,0,0,0,0,0,0,0,0,0,0,0,0,0,0,0,0,0,0,0,0,0,0,0,0,0,0,0,0,0,0,0,0,0,0,0,0,0,0,0,0,0,0,0,0,0,0,0,0,0,0,0,0,0,0,0,0,0,0,0,0,0
x1,0,0,0,0,0,0,0,0,0,0,0,0,0,0,0,0,0,0,0,0,0,0,0,0,0,0,0,0,0,0,0,0,0,0,0,0,0,0,0,0,0,0,0,0,0,0,0,0,0,0,0,0,0,0,0,0,0,0,0,0,0,0,0,0,0,0,0,0,0,0,0,0,0,0,0,0,0,0,0,0,0,0,0,0,0,0,0,0,0,0,0,0,0,0,0,0,0,0,0,0,0,0,0,0,0,0,0,0,0,0,0,0,0,0,0,0,0,0,0,0,0,0,0,0,0,0,0,0,0,0,0,0,0,0,0,0,0,0,0,0,0,0,0,0,0,0,0,0,0,0,0,0,0,0,0,0,0,0,0,0,0,0,0,0,0,0,0,0,0,0,0,0,0,0,0,0,0,0,0,0,0,0,0,0,0,0,0,0,0,0,0,0,0,0,0,0,0,0,0,0,0,0,0,0,0,0,0,0,0,0,0,0,0,0,0,0,0,0,0,0,0,0,0,0,0,0,0,0,0,0,0,0,0,0,0,0,0,0,0,0,0,0,0,0,0,0,0,0,0,0,0,0,0,0,0,0,0,0,0,0,0,0,0,0,0,0,0,0,0,0,0,0,0,0,0,0,0,0,0,0,0,0,0,0,0,0,0,0,0,0,0,0,0,0,0,0,0,0,0,0,0,0,0,0,0,0,0,0,0,0,0,0,0,0,0,0,0,0,0,0,0,0,0,0,0,0,0,0,0,0,0,0,0,0,0,0,0,0,0,0,0,0,0,0,0,0,0,0,0,0,0,0,0,0,0,0,0,0,0,0,0,0,0,0,0,0,0,0,0,0,0,0,0,0,0,0,0,0,0,0,0,0,0,0,0,0,0,0,0,0,0,0,0,0,0,0,0,0,0,0,0,0,0,0,0,0,0,0,0,0,0,0,0,0,0,0,0,0,0,0,0,0,0,0,0,0,0,0,0,0,0,0,0,0,0,0,0,0,0,0,0,0,0,0,0,0,0,0,0,0,0,0,0,0,0,0,0,0,0,0,0,0,0,0,0,0,0,0,0,0,0,0,0,0,0,0,0,0,0,0,0,0,0,0,0,0,0,0,0,0,0,0,0,0,0,0,0,0,0,0,0,0,0,0,0,0,0,0,0,0,0,0,0,0,0,0,0,0,0,0,0,0,0,0,0,0,0,0,0,0,0,0,0,0,0,0,0,0,0,0,0,0,0,0,0,0,0,0,0,0,0,0,0,0,0,0,0,0,0,0,0,0,0,0,0,0,0,0,0,0,0,0,0,0,0,0,0,0,0,0,0,0,0,0,0,0,0,0,0,0,0,0,0,0,0,0,0,0,0,0,0,0,0,0,0,0,0,0,0,0,0,0,0,0,0,0,0,0,0,0,0,0,0,0,0,0,0,0,0,0,0,0,0,0,0,0,0,0,0,0,0,0,0,0,0,0,0,0,0,0,0,0,0,0,0,0,0,0,0,0,0,0,0,0,0,0,0,0,0,0,0,0,0,0,0,0,0,0,0,0,0,0,0,0,0,0,0,0,0,0,0,0,0,0,0,0,0,0,0,0,0,0,0,0,0,0,0,0,0,0,0,0,0,0,0,0,0,0,0,0,0,0,0,0,0,0,0,0,0,0,0,0,0,0,0,0,0,0,0,0,0,0,0,0,0,0,0,0,0,0,0,0,0,0,0,0,0,0,0,0,0,0,0,0,0,0,0,0,0,0,0,0,0,0,0,0,0,0,0,0,0,0,0,0,0,0,0,0,0,0,0,0,0,0,0,0,0,0,0,0,0,0,0,0,0,0,0,0,0,0,0,0,0,0,0,0,0,0,0,0,0,0,0,0,0,0,0,0,0,0,0,0,0,0,0,0,0,0,0,0,0,0,0,0,0,0,0,0,0,0,0,0,0,0,0,0,0,0,0,0,0,0,0,0,0,0,0
x10,3,10,14,3,0,0,8,0,20,14,7,0,0,3,16,39,3,88,2,6,0,0,17,22,18,1094,0,11,0,3,0,1,0,1,0,1,77,0,6,0,247,0,2,2,0,59,12,158,9,0,2,1,38,0,4,11,31,7,2,1,5,0,1,406,4,1,0,1,4,0,5,2,0,19,354,159,1,0,0,1,5,2,3,0,3,73,1,1,0,6,4,0,0,6,1,1,2,144,85,0,3,0,0,1,0,0,1,0,0,1,17,852,0,2,0,92,2,3,7,0,48,19,2,0,1,5,26,0,1,3,1,20,0,4,4,138,88,107,20,4,46,0,0,35,0,0,9,12,2,46,58,21,0,1,1,3,0,0,4,3,4,0,1,2,17,2,5,1,2,2,0,10,24,32,9,9,12,3,1,33,9,1,54,29,12,51,32,19,2,27,45,2,37,0,9,1,53,0,1,345,0,4,0,3,16,24,0,4,0,635,21,6,881,3,0,1,2,0,3,2,0,1,4,2,67,16,11,2,1,0,1,10,0,1,3,24,1,1,1,24,0,13,213,0,2,0,40,5,3,4,0,5,0,21,58,12,29,1,0,3,3,7,21,0,2,0,0,0,0,1,7,118,63,196,48,0,37,2,0,0,0,4,5,27,0,16,1,2,16,0,9,0,1,40,7,285,16,61,1,59,4,657,7,0,10,1,6,8,3,5,80,1,25,4,2010,3,570,3,19,87,25,3,7,1,21,6,4,2,0,4,9,2,1,35,82,21,16,6,3,2,1,1,1,3,28,13,41,2,3,18,16,7,3,10,2,0,5,1,6,6,61,13,125,4,3,7,6,21,0,1,14,5,0,36,7,4,5,0,2,0,0,18,2,217,1,3,58,24,13,2,0,1,19,40,3,6,0,44,6,1,2,7,4,1,57,4,1,216,15,1,12,9,23,14,5,421,1,0,17,0,7,0,45,9,0,1,2,9,76,47,6,1,23,6,2,20,121,1,3,3,9,0,2,127,32,1,121,11,3,4,7,11,2,0,31,4,20,26,55,1,0,0,41,0,10,82,25,5,3,1,2,34,0,69,0,21,3,3,0,32,87,9,2,6,6,6,1,2,62,14,4,0,1,1,75,6,14,7,38,260,2,22,7,2,9,6,1,2,3,18,2,2,3,42,147,9,2,39,8,1,4,18,28,2,1,0,25,40,2,49,1,12,4,7,0,4,0,1,14,1,4,0,8,214,12,0,2,0,0,6,8,4,53,2,1,75,12,3,1,11,2,2,151,15,12,116,4,2,0,5,5,49,4,9,1,4,100,4,17,2,8,0,0,6,5,8,8,37,1,1,0,0,3,10,41,10,19,3,4,1,4,0,1,30,6,872,5,2,3,127,20,0,123,8,17,3,5,17,1,3,1,15,8,1,1,1,38,2,93,12,2,3,1,19,3,11,1,18,3,53,1,2,1,2,18,3,35,1,19,6,0,16,1,17,13,2,52,5,0,2296,12,6,7,12,13,6,7,9,1,6,5,33,2,14,2,0,3,24,25,10,6,15,38,6,20,1,4,1,4,11,11,1,1,0,10,3,3,12,2,15,4,0,16,9,2,39,1,18,10,1,9,2,17,2,24,140,1,0,12,5,1,286,5,8,0,1,34,13,1,4,36,8,0,8,3,1,110,2,4,0,4,0,3,3,155,15,58,203,11,10,1,7,0,4,18,7,14,57,2,7,59,0,50,3,895,4,3,2,6,1,0,5,2,5,5,5,3,5,15,8,18,2,3,6,697,0,4,89,11,0,4,11,0,3,3,0,5,16,11,1,77,2,7,4,0,4,15,0,34,8,170,5,3,8,0,453,2,3,2,3,0,0,26,72,7,3,26,1,79,2,6,44,1,0,0,0,16,13,2,4,3,6,5,10,1,0,204,1,2,43,12,2,27,1,46,0,7,0,13,18,0,3,20,47,4,82,87
x11,0,0,0,0,0,0,0,0,0,0,0,0,0,0,0,0,0,0,0,0,0,0,0,0,0,0,0,0,0,0,0,0,0,0,0,0,0,0,0,0,0,0,0,0,0,0,0,1,0,0,5,0,2,0,1,6,0,2,0,0,0,0,0,8,0,0,0,0,4,0,0,4,0,0,1,8,0,1,0,0,2,0,0,0,3,6,0,0,0,8,1,0,0,1,0,0,0,1,3,0,9,0,0,0,0,0,0,0,0,0,2,11,0,1,0,1,2,0,0,0,31,1,0,0,0,0,6,0,0,0,1,1,0,0,0,2,2,0,5,0,1,0,0,17,0,0,3,0,0,0,8,14,0,0,0,0,0,0,0,0,6,0,0,1,1,0,18,1,0,0,1,0,14,0,0,0,12,0,0,1,2,0,2,2,0,1,0,5,2,1,10,0,1,0,0,0,11,0,0,0,0,0,0,0,0,17,0,0,0,2,2,0,0,0,0,0,0,0,7,1,1,0,1,4,2,0,0,0,0,0,0,11,0,0,0,3,1,0,0,6,0,2,3,7,4,0,1,0,2,0,0,0,0,0,0,4,0,0,0,3,0,7,0,0,0,0,0,0,1,0,1,1,2,5,3,0,3,2,0,0,0,1,2,4,0,0,2,0,2,0,5,0,1,0,0,3,2,2,1,5,0,1,2,0,6,0,1,0,1,1,0,0,3,5,9,1,0,2,0,0,2,1,0,0,0,1,1,1,0,1,0,0,0,0,1,6,1,0,5,2,0,0,0,1,1,1,0,0,3,2,0,0,1,0,0,0,1,0,0,0,3,4,1,1,0,7,30,0,0,0,9,0,0,0,1,0,0,0,3,0,0,0,0,0,0,0,1,16,0,0,0,0,1,3,1,1,0,4,2,0,1,1,0,0,0,0,0,0,0,0,2,1,0,4,0,0,0,0,3,0,0,0,0,0,1,0,1,0,0,1,1,0,3,1,0,51,0,0,0,0,0,0,1,1,13,0,0,2,0,3,6,0,0,0,1,1,0,2,4,2,3,0,4,0,1,0,0,0,0,0,1,1,0,2,1,6,0,0,0,3,0,4,1,2,0,0,0,0,1,5,1,0,0,0,1,2,2,1,1,3,1,2,3,0,0,2,0,0,6,1,0,0,0,21,0,1,0,0,0,0,0,0,6,0,0,1,0,1,0,0,0,0,3,0,2,0,0,1,4,0,0,0,3,1,7,0,0,0,0,5,0,1,0,0,0,0,0,1,0,3,0,1,0,0,3,4,0,0,1,1,0,6,3,6,0,1,0,1,0,0,0,0,0,8,0,4,0,11,0,0,0,0,0,0,2,4,0,0,7,0,0,0,0,0,0,12,0,0,1,0,0,2,2,0,5,0,12,5,0,0,6,1,0,0,2,0,3,0,3,10,0,0,0,10,2,0,0,0,2,1,0,1,2,1,0,0,1,2,0,0,0,6,0,0,3,0,0,1,0,1,1,0,10,0,0,29,7,4,0,1,1,13,2,2,0,0,0,0,1,0,3,2,1,0,1,0,0,4,69,1,1,1,1,1,0,0,5,0,1,0,0,0,0,0,0,0,0,0,0,0,3,0,0,0,28,0,2,0,1,0,0,1,0,0,0,2,1,7,0,1,0,0,0,6,1,0,2,0,3,0,2,0,0,1,2,3,4,1,0,2,0,0,0,0,1,8,4,0,8,9,0,0,3,0,0,0,2,0,1,0,0,0,0,3,0,2,0,1,0,5,4,1,0,0,0,0,1,31,5,0,1,0,0,1,1,0,0,4,0,0,2,0,1,4,0,0,1,0,0,0,3,1,2,0,0,6,1,9,0,0,0,0,0,0,0,0,2,0,2,3,0,2,0,0,0,1,3,0,0,0,4,1,2,0,0,0,4,0,3,0,1,0,1,0,1,0,0,0,0,5,4,2,0,1,11,2,0
x12,0,0,0,0,0,0,0,0,0,0,0,0,0,0,0,0,0,0,0,0,0,0,0,0,0,0,0,0,0,0,0,0,0,0,0,0,0,0,0,0,0,0,0,0,0,0,0,0,0,0,0,0,0,0,0,0,0,0,0,0,0,0,0,0,0,0,0,0,0,0,0,0,0,0,0,0,0,0,0,0,0,0,0,0,0,0,0,0,0,0,0,0,0,0,0,0,0,0,0,0,0,0,0,0,0,0,0,0,0,0,0,0,0,0,0,0,0,0,0,0,0,0,0,0,0,0,0,0,0,0,0,0,0,0,0,0,0,0,0,0,0,0,0,0,0,0,0,0,0,0,0,0,0,0,0,0,0,0,0,0,0,0,0,0,0,0,0,0,0,0,0,0,0,0,0,0,0,0,0,0,0,0,0,0,0,0,0,0,0,0,0,0,0,0,0,0,0,0,0,0,0,0,0,1,0,5,0,0,0,0,2,5,0,0,0,0,0,0,4,0,0,0,0,1,0,0,0,0,0,0,0,0,0,0,0,3,0,0,0,0,0,1,0,0,0,0,0,1,0,0,0,0,0,0,0,1,0,0,0,1,0,0,0,0,0,0,0,0,0,0,1,1,0,1,0,0,0,1,0,0,0,1,1,0,0,0,0,0,0,0,0,0,0,0,0,3,1,6,0,0,0,4,2,0,0,0,0,2,0,0,0,0,3,1,2,0,0,7,4,0,3,0,0,0,0,1,3,0,0,0,0,0,0,1,2,1,4,7,5,0,0,0,0,1,1,0,0,0,2,0,5,0,1,0,0,0,0,0,0,1,0,1,4,1,0,1,5,0,0,2,0,0,0,0,1,0,2,0,0,0,0,0,0,5,1,0,3,7,0,0,0,0,3,0,1,2,0,0,0,0,0,0,0,0,0,1,0,0,0,0,5,0,1,0,0,0,1,0,0,0,0,0,0,0,0,0,0,0,5,1,7,0,0,0,0,5,1,0,0,0,4,0,0,0,5,0,0,0,1,1,2,1,1,0,0,0,2,0,0,0,0,0,0,0,0,0,0,1,1,0,0,0,0,1,0,0,0,0,0,0,0,0,4,0,0,0,0,0,0,1,2,0,0,0,0,0,1,13,1,1,0,0,0,1,0,3,0,0,1,5,1,0,0,2,1,0,0,0,0,0,0,0,0,0,0,0,0,1,0,0,0,0,0,0,0,2,0,0,0,0,0,0,1,0,0,0,0,0,0,1,0,0,0,0,0,1,0,1,0,0,0,0,0,0,2,2,1,0,0,0,0,2,1,1,0,1,0,2,0,0,0,0,0,0,0,1,0,4,0,0,0,0,0,0,0,10,4,0,0,1,0,0,0,1,0,3,0,0,0,0,2,0,2,0,1,0,0,0,0,0,0,2,0,0,0,0,3,0,0,0,0,0,0,0,1,0,0,0,0,2,0,0,0,3,1,1,1,0,1,0,0,0,0,1,1,0,0,0,0,0,0,0,0,1,2,0,0,0,1,2,0,0,0,2,0,0,0,5,1,2,5,0,0,0,0,0,2,0,0,0,6,0,0,0,1,0,6,0,1,0,0,0,0,1,0,0,0,0,0,0,1,0,0,1,1,0,0,0,2,0,0,2,1,0,0,0,0,1,4,1,0,0,0,0,0,0,2,0,0,0,0,0,0,0,2,0,0,1,0,3,0,1,0,11,1,3,1,0,0,0,0,0,0,0,3,0,1,0,0,0,0,0,0,4,0,0,0,0,1,0,0,1,0,1,0,1,0,1,2,0,1,2,0,0,1,0,0,0,14,1,3,0,3,8,0,0,0,0,0,1,0,0,2,0,0,2,0,0,0,0,0,0,1,1,0,0,4,0,0,0,0,0,2,0,0,0,0,0,1,0,1,2,2,4,0,0,0,0,0,1,2,0,1,0,0,0,0,0,0,1,0,1,1,3,1,1,2
x13,0,0,0,0,0,0,0,0,0,0,0,0,0,0,0,0,0,0,0,0,0,0,0,0,0,0,0,0,0,0,0,0,0,0,0,0,0,0,0,0,0,0,0,0,0,0,0,0,0,0,0,0,0,0,0,0,0,0,0,0,0,0,0,0,0,0,0,0,0,0,0,0,0,0,0,0,0,0,0,0,0,0,0,0,0,0,0,0,0,0,0,0,0,0,0,0,0,0,0,0,0,0,0,0,0,0,0,0,0,0,0,0,0,0,0,0,0,0,0,0,0,0,0,0,0,0,0,0,0,0,0,0,0,0,0,0,0,0,0,0,0,0,0,0,0,0,0,0,0,0,0,0,0,0,0,0,0,0,0,0,0,0,0,0,0,0,0,0,0,0,0,0,0,0,0,0,0,0,0,0,0,0,0,0,0,0,0,0,0,0,0,0,0,0,0,0,0,0,0,0,0,0,0,0,0,0,0,0,0,0,0,0,0,0,0,0,0,0,0,0,0,0,0,0,0,0,0,0,0,0,0,0,0,0,0,0,0,0,0,0,0,0,0,0,0,0,0,0,0,0,0,0,0,0,0,0,0,0,0,0,0,0,0,0,0,0,0,0,0,0,0,0,0,0,0,0,0,0,0,0,0,0,0,0,0,0,0,0,0,0,0,0,0,0,0,0,0,0,0,0,0,0,0,0,0,0,0,0,0,0,0,0,0,0,0,0,0,0,0,0,0,0,0,0,0,0,0,0,0,0,0,0,0,0,0,0,0,0,0,0,0,0,0,0,0,0,0,0,0,0,0,0,0,0,0,0,0,0,0,0,0,0,0,0,0,0,0,0,0,0,0,0,0,0,0,0,0,0,0,0,0,0,0,0,0,0,0,0,0,0,0,0,0,0,0,0,0,0,0,0,0,0,0,0,0,0,0,0,0,0,0,0,0,0,0,0,0,0,0,0,0,0,0,0,0,0,0,0,0,0,0,0,0,0,0,0,0,0,0,0,0,0,0,0,0,0,0,0,0,0,0,0,0,0,0,0,0,0,0,0,0,0,0,0,0,0,0,0,0,0,0,0,0,0,0,0,0,0,0,0,0,0,0,0,0,0,0,0,0,0,0,0,0,0,0,0,0,0,0,0,0,0,0,0,0,0,0,0,0,0,0,0,0,0,0,0,0,0,0,0,0,0,0,0,0,0,0,0,0,0,0,0,0,0,0,0,0,0,0,0,0,0,0,0,0,0,0,0,0,0,0,0,0,0,0,0,0,0,0,0,0,0,0,0,0,0,0,0,0,0,0,0,0,0,0,0,0,0,0,0,0,0,0,0,0,0,0,0,0,0,0,0,0,0,0,0,0,0,0,0,0,0,0,0,0,0,0,0,0,0,0,0,0,0,0,0,0,0,0,0,0,0,0,0,0,0,0,0,0,0,0,0,0,0,0,0,0,0,0,0,0,0,0,0,0,0,0,0,0,0,0,0,0,0,0,0,0,0,0,0,0,0,0,0,0,0,0,0,0,0,0,0,0,0,0,0,0,0,0,0,0,0,0,0,0,0,0,0,1,0,0,0,0,0,0,0,0,0,0,0,0,0,0,0,0,0,0,0,0,0,0,0,0,0,0,0,0,0,0,0,0,0,0,0,0,0,0,0,0,0,0,0,0,0,0,0,0,0,0,0,0,0,0,0,0,0,0,0,0,0,0,0,0,0,0,0,0,0,0,0,0,0,0,0,0,0,0,0,0,0,0,0,0,0,0,0,0,0,0,0,0,0,0,0,0,0,0,0,0,0,0,0,0,0,0,0,0,0,0,0,0,0,0,2,0,0,0,0,0,0,0,0,0,0,0,0,0,0,0,0,0,0,0,0,0,0,0,0,0,0,0,0,0,0,0,0,0,0,0,0,0,0,0,0,0,0,0,0,0,0,0,0,0,0,0,0,0,0,0,0,0,0,0,0,0,0,0
x14,55,115,12,4,1,0,18,0,1778,56,2,3,0,10,5,20,32,170,4,22,0,4,3,1082,10,62,0,390,4,2,2,6,0,46,0,17,71,0,16,4,14,1,152,5,0,53,7,8,0,0,191,17,41,2,0,10,0,8,2,1,171,0,0,34,22,5,7,19,56,0,19,31,3,5,19,31,17,21,3,7,4,26,19,1,6,13,7,3,1,9,18,0,0,5,1,24,331,3,10,0,46,13,0,2,1,1,20,16,1,1,928,5,0,9,0,18,5,4,0,1,51,7,2,3,0,49,30,2,2,69,6,211,1,12,1,11,43,3,40,1,2,0,0,140,2,162,6,2,6,7,24,37,2,20,0,146,3,0,0,1,5,5,3,333,9,2,10,2,3,5,0,22,27,12,85,8,15,17,1,8,39,5,18,532,3,36,13,113,5,44,79,12,2,0,70,5,5,0,3,49,0,0,0,52,22,111,2,24,0,13,13,39,7,3,0,0,9,0,473,48,2,7,10,21,54,15,2,30,9,2,1,488,1,162,0,74,5,9,10,5,0,18,8,5,14,0,19,10,13,2,1,15,1,2,43,1033,6,7,7,4,125,44,79,2,16,7,1,0,4,1,154,21,246,53,18,0,46,6,1,40,0,51,9,11,12,1,12,4,48,1,75,2,1,3,1,117,13,347,2,211,11,9,8,2,6,0,12,5,1155,10,5,4,1669,459,15,24,64,20,11,5,71,1,5,7,11,7,9,1,4,161,6,8,3,7,8,8,16,28,185,161,4,18,17,47,7,14,1,5,32,283,5,0,10,25,15,1,25,5,1,17,109,7,29,3,1,12,17,3,3,2,135,8,0,54,202,14,16,27,178,4,1,116,1,9,1,26,7,31,5,9,2,2,55,3,50,79,0,14,129,9,12,4,68,20,53,14,1,10,100,1,284,5,12,29,4,4,5,0,49,5,1,0,1,30,3,3,24,26,8,10,9,1,79,1,2,13,29,1,69,57,76,3,22,11,47,5,9,3,8,104,749,43,4,13,10,407,5,25,50,15,2,1,895,8,10,3,85,1,22,42,3,13,0,10,2,48,0,2,1,11,13,37,84,28,21,29,104,6,17,255,3076,8,1,0,2,6,18,40,61,473,6,39,22,13,54,77,3,77,26,222,4,75,53,25,19,6,1,24,30,11,6,5,21,1,5,0,22,6,17,7,9,10,26,2,157,3,23,8,8,715,4,7,79,3,25,6,52,6,1,66,6,23,51,23,2,26,0,47,14,257,8,13,5,3,29,82,3,2,4,4,4,91,87,9,6,7,83,18,293,3,4,5,180,5,9,5,11,777,8,14,3,18,67,32,7,94,34,0,28,93,2,0,53,23,12,166,0,23,10,39,7,3,22,6,17,33,6,8,11,8,10,21,32,20,187,3,42,9,25,9,10,1,14,25,4,14,7,110,4,26,1,4,65,30,8,14,4,4,56,16,14,170,1,242,11,6,102,40,2,41,348,22,3,4,193,11,5,268,3,97,30,29,22,12,10,6,5,40,76,8,111,9,31,14,173,4,6,10,25,139,27,12,1,5,35,18,22,16,51,2,18,4,38,18,22,13,2,6,7,4,24,30,5,21,57,6,15,0,4,10,10,43,12,7,29,3349,11,21,34,45,3,12,2,293,44,1,57,53,7,16,46,1,2,12,17,18,8,44,11,15,1,5,6,39,29,317,20,74,7,9,5,1,325,5,44,21,29,58,7,1,1,7,7,91,4,4,15,22,13,55,9,36,7,4,7,2,3,15,7,29,52,14,14,5,5,4,2,360,20,4,60,1,92,21,1,93,1,1,1,120,162,3,32,8,0,247,14,70,2,7,2,10,6,25,5,5,25,14,13,50,44,13,5,0,8,22,34,2,924,4,17,12,77,13,1,8,335,3,10,11,6,1,1892,20,11,4,3,130,19,25,7,53,602,10,3,38,6
x15,0,0,0,0,0,0,0,0,0,0,0,0,0,0,0,0,0,0,0,0,0,0,0,0,0,0,0,0,0,0,0,0,0,0,0,0,0,0,0,0,0,0,0,0,0,0,0,0,0,0,0,0,0,0,0,0,0,0,0,0,0,0,0,0,0,0,0,0,0,0,0,0,0,0,0,0,0,0,0,0,0,0,0,0,0,0,0,0,0,0,0,0,0,0,0,0,0,0,0,0,0,0,0,0,0,0,0,0,0,0,0,0,0,0,0,0,0,0,0,0,0,0,0,0,0,0,0,0,0,0,0,0,0,0,0,0,0,0,0,0,0,0,0,0,0,0,0,0,0,0,0,0,0,0,0,0,0,0,0,0,0,0,0,0,0,0,0,0,0,0,0,0,1,0,0,0,0,0,0,0,0,0,0,0,0,0,0,0,0,0,0,0,0,0,0,0,0,0,0,0,0,0,0,0,0,0,0,0,0,0,0,0,0,0,0,0,0,0,0,0,0,0,0,0,0,0,0,0,0,0,0,0,0,0,0,0,0,0,0,0,0,0,0,0,0,0,0,0,0,0,0,0,0,0,0,0,0,0,0,0,0,0,0,0,0,0,0,0,0,0,0,0,0,0,0,0,0,0,0,0,0,0,0,0,0,0,0,0,0,0,0,0,0,0,0,0,0,3,0,0,2,0,0,0,0,0,0,0,0,0,0,0,2,0,1,0,1,0,1,0,0,0,0,0,0,0,0,0,0,0,0,0,0,0,0,2,0,0,0,0,0,0,0,0,1,0,0,0,0,1,0,0,1,0,0,0,0,0,0,1,0,0,1,0,0,0,0,0,0,0,0,0,0,0,0,0,0,0,0,0,0,0,0,0,0,0,0,0,0,0,0,0,0,0,0,0,0,0,0,0,0,0,0,0,0,0,0,0,0,0,0,0,0,0,0,0,0,0,0,0,0,0,0,0,0,0,0,0,0,0,1,0,0,0,1,0,0,0,0,0,0,0,0,0,0,0,0,0,0,0,0,0,0,0,1,0,0,0,0,0,0,0,0,0,0,0,0,0,0,0,0,0,0,0,0,0,0,0,0,1,0,1,0,0,0,0,0,0,0,0,1,0,0,0,0,0,1,0,0,0,1,0,0,0,0,1,0,0,0,1,0,0,0,0,0,0,0,0,0,0,0,0,0,0,0,0,0,0,0,0,0,0,0,0,0,0,0,0,0,0,0,0,1,0,0,0,0,0,0,0,0,0,0,0,0,0,0,0,0,0,0,0,0,0,2,0,0,0,0,0,0,1,0,0,0,0,0,0,0,0,0,0,0,0,0,0,0,1,0,0,0,0,0,0,0,0,0,0,1,0,0,0,0,0,0,0,0,0,0,0,0,0,0,0,1,0,0,0,0,0,0,1,0,0,0,0,0,0,2,0,0,0,0,0,0,0,0,0,0,1,0,0,0,0,1,0,0,0,0,0,0,0,0,1,1,0,0,0,0,0,0,0,0,0,0,0,0,0,0,0,1,0,0,0,0,0,0,0,0,0,0,0,0,0,0,0,0,0,3,0,0,0,0,0,0,0,0,0,0,0,0,0,0,0,0,0,0,0,0,0,0,0,0,0,0,0,0,0,0,0,0,1,0,0,0,0,0,2,0,0,0,1,0,0,0,0,1,0,0,0,0,0,0,0,0,0,0,0,0,0,0,0,0,0,0,1,0,0,0,0,0,0,0,0,0,0,1,0,0,0,0,0,1,0,0,0,0,0,0,0,1,0,0,0,0,0,0,1,0,0,0,0,0,0,0,0,0,0,0,0,0,0,0,1,0,0,0,0,0,0,0,0,0,0,0,2,0,0,0,0,0,0,0,0,0,0,0,0,0,0,0,0,0,0,0,0,0,0,0,0,1,1,1,0,0,0,0,0,0,0,0,0,0,0,1,0,0,0,0,1,0,0,0,0,0,0,1
x16,0,0,0,0,0,0,0,0,0,0,0,0,0,0,0,0,0,0,0,0,0,0,0,0,0,0,0,1,0,1,0,0,0,1,0,0,7,0,10,0,3,0,2,1,0,0,0,0,0,0,1,2,2,0,0,1,0,3,0,0,5,0,0,11,10,1,0,0,6,0,2,9,0,5,0,1,2,0,0,1,0,1,0,0,2,8,0,0,0,0,17,0,0,0,0,0,0,0,4,0,0,2,0,0,0,0,0,0,0,0,11,0,0,3,1,2,1,1,0,0,7,0,0,0,5,4,8,0,0,0,1,1,0,0,0,1,0,0,12,0,0,0,0,1,0,0,6,0,3,1,4,22,1,6,0,3,0,0,0,0,3,0,1,8,1,0,1,0,0,0,0,2,2,3,5,9,10,1,0,2,9,16,1,9,1,0,2,1,1,0,9,7,0,0,1,1,1,0,7,8,0,0,0,0,0,2,0,1,0,1,2,2,2,0,0,0,0,0,2,3,0,0,0,4,36,0,0,3,0,0,0,3,0,0,0,3,0,1,2,0,0,6,2,0,4,0,0,6,3,0,0,0,0,1,6,71,3,5,0,3,8,8,8,0,10,0,0,0,0,0,3,1,5,2,8,0,2,2,0,0,0,17,1,0,0,0,1,1,1,0,32,0,0,2,1,2,9,5,1,1,1,25,3,0,0,1,0,0,1,4,1,0,1,1,2,3,5,0,9,0,10,0,0,0,2,0,17,0,0,8,0,1,0,1,2,7,42,5,5,6,2,0,1,8,1,0,0,0,0,6,1,0,0,0,5,0,0,0,0,0,20,0,9,2,0,2,5,2,0,0,0,0,1,1,3,0,2,2,2,0,2,6,0,2,0,0,1,4,0,0,9,0,0,4,10,8,0,2,1,1,3,3,1,4,2,3,3,0,1,0,10,1,25,1,2,0,0,0,0,1,0,0,0,0,0,0,3,0,5,1,0,1,2,5,0,0,0,0,0,1,32,0,8,9,3,0,2,1,0,7,1,6,4,0,1,0,4,0,0,0,1,1,28,0,1,0,14,0,5,0,2,4,0,0,0,1,1,0,1,4,8,4,3,0,5,1,0,0,0,66,1,0,0,0,0,1,2,4,1,1,0,3,0,0,0,22,1,0,3,5,1,12,0,1,1,0,0,2,1,0,6,0,1,2,0,0,7,8,1,0,5,2,2,0,0,3,0,3,9,1,0,0,7,0,1,0,0,0,0,0,2,0,0,0,0,2,0,1,0,2,2,13,1,0,1,0,0,3,2,0,0,1,14,3,0,0,1,40,1,3,63,0,0,0,3,0,10,2,0,0,0,0,5,0,1,2,0,0,20,3,0,0,0,0,52,3,0,0,0,2,0,0,0,0,3,5,0,3,0,0,1,1,0,0,2,3,4,0,1,3,0,0,0,5,1,4,1,0,0,6,0,0,0,1,5,6,1,0,3,1,1,0,2,1,10,6,2,5,9,0,0,3,4,1,24,0,1,7,1,37,17,10,2,5,5,1,0,2,0,8,4,2,2,2,0,1,0,1,2,6,32,1,0,0,1,0,3,4,0,2,1,1,1,7,0,3,4,2,1,0,16,0,0,0,8,2,0,0,0,0,0,5,15,0,3,0,0,1,1,0,1,7,0,8,4,0,4,0,2,0,0,3,0,0,5,0,0,2,0,0,0,8,1,44,28,24,4,0,0,2,4,3,10,0,0,0,5,0,9,0,0,1,1,35,0,7,0,0,7,1,6,2,0,1,1,1,2,2,8,0,1,1,0,2,1,0,0,1,4,0,15,0,10,4,4,0,0,1,0,2,3,0,1,0,0,2,2,3,0,8,0,0,1,0,0,2,0,2,6,9,0,1,2,0,10,0,5,3,6,0,0,1,4,51,0,0,5,0,0,4,3,0,0,6,0,0,1,0,0,21,0,0,1,3,1,1,1
x17,0,0,0,0,0,0,0,0,0,0,0,0,0,0,0,0,0,0,0,0,0,0,0,0,0,0,0,0,0,0,0,0,0,0,0,0,0,0,0,0,0,0,0,0,0,0,0,0,0,0,0,0,0,0,0,0,0,0,0,0,0,0,0,0,0,0,0,0,0,0,0,0,0,0,0,0,0,0,0,0,0,0,0,0,0,0,0,0,0,0,0,0,0,0,0,0,0,0,0,0,0,0,0,0,0,0,0,0,0,0,0,0,0,0,0,0,0,0,0,0,0,0,0,0,0,0,0,0,0,0,0,0,0,0,0,0,0,0,0,0,0,0,0,0,0,0,0,0,0,0,0,0,0,0,0,0,0,0,0,0,0,0,0,0,0,0,0,0,0,0,0,0,0,0,0,0,0,0,0,0,0,0,0,0,0,0,0,0,0,0,0,0,0,0,0,0,0,0,0,0,0,0,0,0,0,0,0,0,0,0,0,0,0,0,0,0,0,0,0,0,0,0,0,0,0,0,0,0,0,0,0,0,0,0,0,0,0,0,0,0,0,0,0,0,0,0,0,0,0,0,0,0,0,0,0,0,0,0,0,0,0,0,0,0,0,0,0,0,0,0,0,0,0,0,0,0,0,0,0,0,0,0,0,0,0,0,0,0,0,0,0,0,0,0,0,0,0,0,0,0,0,0,0,0,0,0,0,0,0,0,0,0,0,0,0,0,0,0,0,0,0,0,0,0,0,0,0,0,0,0,0,0,0,0,0,0,0,0,0,0,0,0,0,0,0,0,0,0,0,0,0,0,0,0,0,0,0,0,0,0,0,0,0,0,0,0,0,0,0,0,0,0,0,0,0,0,0,0,0,0,0,0,0,0,0,0,0,0,0,0,0,0,0,0,0,0,0,0,0,0,0,0,0,0,0,0,0,0,0,0,0,0,0,0,0,0,0,0,0,0,0,0,0,0,0,0,0,0,0,0,0,0,0,0,0,0,0,0,0,0,0,0,0,0,0,0,0,0,0,0,0,0,0,0,0,0,0,0,0,0,0,0,0,0,0,0,0,0,0,0,0,0,0,0,0,0,0,0,0,0,0,0,0,0,0,0,0,0,0,0,0,0,0,0,0,0,0,0,0,0,0,0,0,0,0,0,0,0,0,0,0,0,0,0,0,0,0,0,0,0,0,0,0,0,0,0,0,0,0,0,0,0,0,0,0,0,0,0,0,0,0,0,0,0,0,0,0,0,0,0,0,0,0,0,0,0,0,0,0,0,0,0,0,0,0,0,0,0,0,0,0,0,0,0,0,0,0,0,0,0,0,0,0,0,0,0,0,0,0,0,0,0,0,0,0,0,0,0,0,0,0,0,0,0,0,0,0,0,0,0,0,0,0,0,0,0,0,0,0,0,0,0,0,0,0,0,0,0,0,0,0,0,0,0,0,0,0,0,0,0,0,0,0,0,0,0,0,0,0,0,0,0,0,0,0,0,0,0,0,0,0,0,0,0,0,0,0,0,0,0,0,0,0,0,0,0,0,0,0,0,0,0,0,0,0,0,0,0,0,0,0,0,0,0,0,0,0,0,0,0,0,0,0,0,0,0,0,0,0,0,0,0,0,0,0,0,0,0,0,0,0,0,0,0,0,0,0,0,0,0,0,0,0,0,0,0,0,0,0,0,0,0,0,0,0,0,0,0,0,0,0,0,0,0,0,0,0,0,0,0,0,0,0,0,0,0,0,0,0,0,0,0,0,0,0,0,0,0,0,0,0,0,0,0,0,0,0,0,0,0,0,0,0,0,0,0,0,0,0,0,0,0,0,0,0,0,0,0,0,0,0,0,0,0,0,0,0,0,0,0,0,0,0,0,0,0,0,0,0,0,0,0,0,0,0,0,0,0,0,0,0,0,0,0,0,0,0,0,0,0,0,0,0,0,0,0,0,0,0,0,0,0,0,0,0,0,0
x18,2,5,1,0,0,0,20,0,5,5,0,1,0,0,5,3,8,9,3,4,0,0,0,1,18,8,0,14,0,0,0,2,0,4,0,0,8,0,0,0,2,0,3,2,0,5,0,0,1,0,1,0,1,0,0,1,2,1,0,0,0,0,0,11,3,0,0,1,9,0,1,0,0,1,1,0,7,0,0,0,2,0,2,0,28,11,13,0,0,6,8,0,0,1,0,2,80,0,11,0,3,0,0,2,0,0,6,0,0,0,2,0,0,0,0,1,1,1,0,0,3,0,0,0,6,60,1,0,0,0,0,2,0,0,0,12,5,0,11,0,4,0,3,3,1,1,2,1,7,7,56,1,0,12,0,0,5,0,0,0,3,0,7,7,1,0,10,1,0,0,0,2,25,3,9,2,5,0,0,2,0,10,2,16,0,13,44,5,10,3,4,7,1,0,1,3,7,0,6,1,0,0,0,3,0,0,0,1,0,7,11,21,0,0,0,0,0,0,1,1,0,1,0,1,4,0,0,0,0,0,0,12,0,1,0,0,0,0,0,0,0,0,1,0,1,0,0,4,0,6,0,1,0,0,5,2,0,2,1,1,12,8,0,0,2,0,0,1,0,0,14,0,39,3,2,0,6,2,0,0,0,3,1,5,0,0,0,1,0,0,7,0,0,0,0,2,28,11,0,4,3,5,1,0,4,0,0,0,1,2,1,0,1,2,47,1,37,5,5,0,1,2,0,2,0,1,0,0,0,11,0,0,0,1,0,4,5,81,4,0,0,1,0,3,0,2,0,0,20,51,1,1,0,3,8,0,2,2,2,0,17,1,3,0,3,7,46,0,1,1,3,0,0,22,3,3,1,0,0,0,6,10,0,0,0,10,0,5,0,0,0,0,6,1,7,1,0,4,3,5,0,9,2,0,0,1,0,4,0,0,21,3,7,0,0,24,1,0,2,0,1,0,1,7,0,1,13,3,58,4,2,1,1,0,0,13,0,0,4,3,10,2,0,7,17,4,7,2,1,9,26,11,3,1,3,5,14,2,47,3,1,2,1,0,18,0,2,2,5,0,0,12,0,0,3,3,0,0,0,1,5,17,1,2,14,3,0,0,0,34,18,0,6,0,3,0,28,13,6,3,0,0,3,1,12,20,0,0,1,1,1,0,15,7,11,3,3,2,0,0,0,0,9,0,0,0,3,38,2,0,0,0,1,0,0,3,0,2,2,0,0,3,29,8,8,1,0,0,0,3,1,1,1,4,1,3,1,26,4,1,3,0,1,0,0,3,2,6,0,3,0,11,7,0,0,2,1,6,11,6,0,1,1,1,231,18,2,18,0,1,0,1,11,0,12,0,3,0,8,0,0,0,0,2,6,2,0,1,0,3,2,2,2,1,38,8,0,2,0,0,0,0,0,0,5,0,5,2,66,2,0,2,1,0,10,1,3,0,2,70,1,3,5,1,4,0,1,0,1,0,0,5,0,27,11,3,2,7,2,0,0,5,0,2,1,8,0,1,0,1,15,60,0,4,0,0,1,5,0,42,5,1,5,1,12,0,3,0,2,3,1,2,0,0,5,8,2,0,2,1,0,0,4,6,3,0,0,1,7,0,22,3,1,2,3,2,2,1,5,0,2,14,8,2,0,0,5,39,1,48,0,2,1,1,18,2,18,0,9,0,1,0,1,0,10,0,1,10,2,111,0,6,0,5,5,26,1,2,1,13,1,0,7,3,4,0,11,0,1,0,0,0,0,7,0,4,3,0,0,1,5,0,3,1,1,0,3,12,13,1,1,4,1,1,1,0,0,18,6,1,2,1,19,12,0,0,0,1,1,37,0,24,0,1,0,5,3,0,0,5,3,0,6,2,0,0,9,2,13,16,0,19,0,0,1,0,11,0,16,2,2,0,4,5,1,0,5,0,27,9,1,0,0,0,12,0,4,0,4,3,2,2,4,17,1,2,0
x19,0,0,0,0,0,0,1,0,7,3,2,1,0,3,7,6,3,0,52,12,0,0,0,1,9,33,0,8,3,3,0,0,0,0,0,0,2,0,68,3,11,1,37,0,0,2,0,1,1,0,20,12,1,4,0,2,0,29,0,0,37,0,0,12,0,0,0,1,1,0,0,1,2,2,2,7,0,0,1,0,3,2,1,0,3,1,0,0,0,3,48,0,0,0,0,11,3,7,33,1,0,1,1,15,0,0,0,0,0,1,8,4,0,19,0,1,20,0,0,0,4,0,0,0,1,3,4,2,0,0,0,5,1,0,0,1,1,0,15,1,1,0,0,5,0,0,21,10,27,20,2,1,0,0,0,0,3,0,4,15,1,0,3,1,46,0,2,8,3,0,0,38,56,19,3,0,38,0,0,343,1,15,12,201,5,1,14,9,17,0,1,6,0,1,15,13,2,1,2,0,4,0,0,6,42,86,0,0,0,22,80,7,1,0,0,0,0,4,2,2,16,4,1,13,28,15,0,1,1,0,0,1,0,6,0,3,15,0,2,0,0,0,0,0,0,0,4,8,6,0,0,40,0,39,9,9,0,20,0,4,12,148,14,3,11,0,20,0,3,0,88,7,0,10,4,0,22,0,0,0,0,19,2,51,0,2,27,9,1,1,32,1,3,0,1,2,32,3,0,49,3,1,9,3,1,0,7,7,0,3,0,0,3,13,8,0,2,6,32,0,1,61,0,0,0,0,7,0,0,30,0,1,0,52,2,6,10,49,7,0,1,5,3,2,7,7,0,0,1,2,10,1,13,0,0,0,48,0,0,3,1,19,64,1,0,14,89,20,0,0,5,0,0,0,5,69,3,0,0,2,0,9,2,2,0,57,1,0,8,2,0,0,0,1,1,2,0,59,17,11,6,2,0,14,15,0,74,3,7,10,18,0,13,2,1,25,1,0,2,2,4,0,1,0,0,0,6,1,1,4,474,0,0,0,3,2,4,1,3,1,185,0,1,0,12,1,14,1,0,91,0,2,3,0,2,0,3,0,0,3,23,0,4,1,0,3,1,2,58,25,6,6,0,0,4,3,1,0,0,12,11,22,2,66,3,1,1,5,0,269,22,1,0,0,1,3,1,0,14,0,1,42,1,0,1,10,0,3,111,170,11,1,0,0,0,2,2,0,1,7,2,2,6,0,4,0,0,121,0,9,1,4,2,2,0,0,0,9,11,1,0,0,34,0,1,1,2,0,0,13,0,19,2,0,0,63,0,10,0,1,17,31,1,1,2,2,3,16,0,0,0,7,63,0,3,15,114,84,0,18,0,5,4,52,9,3,3,1,0,1,0,1,3,0,10,179,2,1,57,5,7,0,1,0,15,2,0,18,9,4,21,1,1,0,64,0,9,10,12,0,99,0,2,50,0,6,284,24,3,26,5,0,1,750,7,5,2,1,0,14,0,0,103,0,4,1,2,0,0,0,12,3,1,6,51,0,0,4,0,6,1,0,7,0,108,4,14,5,0,46,15,12,2,24,0,0,2,0,11,1,0,3,3,0,18,27,0,3,0,6,9,0,1,2,3,2,0,50,0,0,1,0,0,1,0,4,30,8,13,0,70,0,2,17,2,0,1,0,1,2,3,92,39,1,20,0,2,55,73,4,2,27,0,7,15,0,19,0,0,3,16,2,2,1,6,6,1,6,3,1,0,4,8,74,9,79,0,4,903,14,51,4,81,0,7,0,375,2,3,7,4,10,0,1,0,0,3,0,1,1,1,0,2,1,1,1,7,3,2,2,2,36,3,1,3,0,0,30,9,3,10,19,21,4,27,1,0,0,0,41,8,7,2,1,0,17,161,19,1,2,13,0,30,0,21,2,0,6,2,7,0,0,3,0,0,0,0,3,40,3,1,8,35,5,5,0,15,4,7,1,18,0,0,0,20,3,0,1,7,17,3,0,2,14,1,18,1
x2,0,0,0,0,0,0,0,0,0,0,0,0,0,0,0,0,0,0,0,0,0,0,0,0,0,0,0,0,0,0,0,0,0,0,0,0,0,0,0,0,0,0,0,0,0,0,0,0,0,0,0,0,0,0,0,0,0,0,0,0,0,0,0,0,0,0,0,0,0,0,0,0,0,0,0,0,0,0,0,0,0,0,0,0,0,0,0,0,0,0,0,0,0,0,0,0,0,0,0,0,0,0,0,0,0,0,0,0,0,0,0,0,0,0,0,0,0,0,0,0,0,0,0,0,0,0,0,0,0,0,0,0,0,0,0,0,0,0,0,0,0,0,0,0,0,0,0,0,0,0,0,0,0,0,0,0,0,0,0,0,0,0,0,0,0,0,0,0,0,0,0,0,0,0,0,0,0,0,0,0,0,0,0,0,0,0,0,0,0,0,0,0,0,0,0,0,0,0,0,0,0,0,0,0,0,0,0,0,0,0,0,0,0,0,0,0,0,0,0,0,0,0,0,0,0,0,0,0,0,0,0,0,0,0,0,0,0,0,0,0,0,0,0,0,0,0,0,0,0,0,0,0,0,0,0,0,0,0,0,0,0,0,0,0,0,0,0,0,0,0,0,0,0,0,0,0,0,0,0,0,0,0,0,0,0,0,0,0,0,0,0,0,0,0,0,0,0,0,0,0,0,0,0,0,0,0,0,0,0,0,0,0,0,0,0,0,0,0,0,0,0,0,0,0,0,0,0,0,0,0,0,0,0,0,0,0,0,0,0,0,0,0,0,0,0,0,0,0,0,0,0,0,0,0,0,0,0,0,0,0,0,0,0,0,0,0,0,0,0,0,0,0,0,0,0,0,0,0,0,0,0,0,0,0,0,0,0,0,0,0,0,0,0,0,0,0,0,0,0,0,0,0,0,0,0,0,0,0,0,0,0,0,0,0,0,0,0,0,0,0,0,0,0,0,0,0,0,0,0,0,0,0,0,0,0,0,0,0,0,0,0,0,0,0,0,0,0,0,0,0,0,0,0,0,0,0,0,0,0,0,0,0,0,0,0,0,0,0,0,0,0,0,0,0,0,0,0,0,0,0,0,0,0,0,0,0,0,0,0,0,0,0,0,0,0,0,0,0,0,0,0,0,0,0,0,0,0,0,0,0,0,0,0,0,0,0,0,0,0,0,0,0,0,0,0,0,0,0,0,0,0,0,0,0,0,0,0,0,0,0,0,0,0,0,0,0,0,0,0,0,0,0,0,0,0,0,0,0,0,0,0,0,0,0,0,0,0,0,0,0,0,0,0,0,0,0,0,0,0,0,0,0,0,0,0,0,0,0,0,0,0,0,0,0,0,0,0,0,0,0,0,0,0,0,0,0,0,0,0,0,0,0,0,0,0,0,0,0,0,0,0,0,0,0,0,0,0,0,0,0,0,0,0,0,0,0,0,0,0,0,0,0,0,0,0,0,0,0,0,0,0,0,0,0,0,0,0,0,0,0,0,0,0,0,0,0,0,0,0,0,0,0,0,0,0,0,0,0,0,0,0,0,0,0,0,0,0,0,0,0,0,0,0,0,0,0,0,0,0,0,0,0,0,0,0,0,0,0,0,0,0,0,0,0,0,0,0,0,0,0,0,0,0,0,0,0,0,0,0,0,0,0,0,0,0,0,0,0,0,0,0,0,0,0,0,0,0,0,0,0,0,0,0,0,0,0,0,0,0,0,0,0,0,0,0,0,0,0,0,0,0,0,0,0,0,0,0,0,0,0,0,0,0,0,0,0,0,0,0,0,0,0,0,0,0,0,0,0,0,0,0,0,0,0,0,0,0,0,0,0,0,0,0,0,0,0,0,0,0,0,0,0,0,0,0,0,0,0,0,0,0,0,0,0,0,0,0,0,0,0,0,0,0,0,0,0,0,0,0,0,0,0,0,0,0,0,0,0,0,0,0,0,0,0,0,0,0
x20,101,77,394,29,6,0,35,59,231,65,53,33,0,0,0,0,0,0,0,0,0,0,0,0,0,0,0,0,0,0,0,0,0,0,0,0,0,0,0,0,0,0,0,0,0,0,0,0,0,0,0,0,0,0,0,0,0,0,0,0,0,0,0,0,0,0,0,0,0,0,0,0,0,0,0,0,0,0,0,0,0,0,0,0,0,0,0,0,0,0,0,0,0,0,0,0,0,0,0,0,0,0,0,0,0,0,0,0,0,0,0,0,0,0,0,0,0,0,0,0,0,0,0,0,0,0,0,0,0,0,0,0,0,0,0,0,0,0,0,0,0,0,0,0,0,0,0,0,0,0,0,0,0,0,0,0,0,0,0,0,0,0,0,0,0,0,0,0,0,0,0,0,0,0,0,0,0,0,0,0,0,0,0,0,0,0,0,0,0,0,0,0,0,0,0,0,0,0,0,0,0,0,0,0,0,0,0,0,0,0,0,0,0,0,0,0,0,0,0,0,0,0,0,0,0,0,0,0,0,0,0,0,0,0,0,0,0,0,0,0,0,0,0,0,0,0,0,0,0,0,0,0,0,0,0,0,0,0,0,0,0,0,0,0,0,0,0,0,0,0,0,0,0,0,0,0,0,0,0,0,0,0,0,0,0,0,0,0,0,0,0,0,0,0,0,0,0,0,0,0,0,0,0,0,0,0,0,0,0,0,0,0,0,0,0,0,0,0,0,0,0,0,0,0,0,0,0,0,0,0,0,0,0,0,0,0,0,0,0,0,0,0,0,0,0,0,0,0,0,0,0,0,0,0,0,0,0,0,0,0,0,0,0,0,0,0,0,0,0,0,0,0,0,0,0,0,0,0,0,0,0,0,0,0,0,0,0,0,0,0,0,0,0,0,0,0,0,0,0,0,0,0,0,0,0,0,0,0,0,0,0,0,0,0,0,0,0,0,0,0,0,0,0,0,0,0,0,0,0,0,0,0,0,0,0,0,0,0,0,0,0,0,0,0,0,0,0,0,0,0,0,0,0,0,0,0,0,0,0,0,0,0,0,0,0,0,0,0,0,0,0,0,0,0,0,0,0,0,0,0,0,0,0,0,0,0,0,0,0,0,0,0,0,0,0,0,0,0,0,0,0,0,0,0,0,0,0,0,0,0,0,0,0,0,0,0,0,0,0,0,0,0,0,0,0,0,0,0,0,0,0,0,0,0,0,0,0,0,0,0,0,0,0,0,0,0,0,0,0,0,0,0,0,0,0,0,0,0,0,0,0,0,0,0,0,0,0,0,0,0,0,0,0,0,0,0,0,0,0,0,0,0,0,0,0,0,0,0,0,0,0,0,0,0,0,0,0,0,0,0,0,0,0,0,0,0,0,0,0,0,0,0,0,0,0,0,0,0,0,0,0,0,0,0,0,0,0,0,0,0,0,0,0,0,0,0,0,0,0,0,0,0,0,0,0,0,0,0,0,0,0,0,0,0,0,0,0,0,0,0,0,0,0,0,0,0,0,0,0,0,0,0,0,0,0,0,0,0,0,0,0,0,0,0,0,0,0,0,0,0,0,0,0,0,0,0,0,0,0,0,0,0,0,0,0,0,0,0,0,0,0,0,0,0,0,0,0,0,0,0,0,0,0,0,0,0,0,0,0,0,0,0,0,0,0,0,0,0,0,0,0,0,0,0,0,0,0,0,0,0,0,0,0,0,0,1,0,0,0,0,0,0,0,0,0,0,0,0,0,0,0,0,0,0,0,0,0,0,0,0,0,0,0,0,0,0,0,0,0,0,0,0,0,0,0,0,0,0,0,0,0,0,0,0,0,0,0,0,0,0,0,0,0,0,0,0,0,0,0,0,0,0,0,0,0,0,0,0,0,0,0,0,0,0,0,0,0,0,0,0,0,0,0,0,0,0,0,0,0,0,0,0,0,0,0,0,0,0,0,0,0,0,0,0,0,0,0
x21,0,0,0,0,0,0,0,0,0,0,0,0,0,0,0,0,0,0,0,0,0,0,0,0,0,0,0,0,0,0,0,0,0,0,0,0,0,0,0,0,0,0,0,0,0,0,0,0,0,0,0,0,0,0,0,0,0,0,0,0,0,0,0,0,0,0,0,0,0,0,0,0,0,0,0,0,0,0,0,0,0,0,0,0,0,0,0,0,0,0,0,0,0,0,0,0,0,0,0,0,0,0,0,0,0,0,0,0,0,0,0,0,0,0,0,0,0,0,0,0,0,0,0,0,0,0,0,0,0,0,0,0,0,0,0,0,0,0,0,0,0,0,0,0,0,0,0,0,0,0,0,0,0,0,0,0,0,0,0,0,0,0,0,0,0,0,0,0,0,0,0,0,0,0,0,0,0,0,0,0,0,0,0,0,0,0,0,0,0,0,0,0,0,0,0,0,0,0,0,0,0,0,0,0,0,0,0,0,0,0,0,0,0,0,0,0,0,0,0,0,0,0,0,0,0,0,0,0,0,0,0,0,0,0,0,0,0,0,0,0,0,0,0,0,0,0,0,0,0,0,0,0,0,0,0,0,0,0,0,0,0,0,0,0,0,0,0,0,0,0,0,0,0,0,0,0,0,0,0,0,0,0,0,0,0,0,0,0,0,0,0,0,0,0,0,0,0,0,0,0,0,0,0,0,0,0,0,0,0,0,0,0,0,0,0,0,0,0,0,0,0,0,0,0,0,0,0,0,0,0,0,0,0,0,0,0,0,0,0,0,0,0,0,0,0,0,0,0,0,0,0,0,0,0,0,0,0,0,0,0,0,0,0,0,0,0,0,0,0,0,0,0,0,0,0,0,0,0,0,0,0,0,0,0,0,0,0,0,0,0,0,0,0,0,0,0,0,0,0,0,0,0,0,0,0,0,0,0,0,0,0,0,0,0,0,0,0,0,0,0,0,0,0,0,0,0,0,0,0,0,0,0,0,0,0,0,0,0,0,0,0,0,0,0,0,0,0,0,0,0,0,0,0,0,0,0,0,0,0,0,0,0,0,0,0,0,0,0,0,0,0,0,0,0,0,0,0,0,0,0,0,0,0,0,0,0,0,0,0,0,0,0,0,0,0,0,0,0,0,0,0,0,0,0,0,0,0,0,0,0,0,0,0,0,0,0,0,0,0,0,0,0,0,0,0,0,0,0,0,0,0,0,0,0,0,0,0,0,0,0,0,0,0,0,0,0,0,0,0,0,0,0,0,0,0,0,0,0,0,0,0,0,0,0,0,0,0,0,0,0,0,0,0,0,0,0,0,0,0,0,0,0,0,0,0,0,0,0,0,0,0,0,0,0,0,0,0,0,0,0,0,0,0,0,0,0,0,0,0,0,0,0,0,0,0,0,0,0,0,0,0,0,0,0,0,0,0,0,0,0,0,0,0,0,0,0,0,0,0,0,0,0,0,0,0,0,0,0,0,0,0,0,0,0,0,0,0,0,0,0,0,0,0,0,0,0,0,0,0,0,0,0,0,0,0,0,0,0,0,0,0,0,0,0,0,0,0,0,0,0,0,0,0,0,0,0,0,0,0,0,0,0,0,0,0,0,0,0,0,0,0,0,0,0,0,0,0,0,0,0,0,0,0,0,0,0,0,0,0,0,0,0,0,0,0,0,0,0,0,0,0,0,0,0,0,0,0,0,0,0,0,0,0,0,0,0,0,0,0,0,0,0,0,0,0,0,0,0,0,0,0,0,0,0,0,0,0,0,0,0,0,0,0,0,0,0,0,0,0,0,0,0,0,0,0,0,0,0,0,0,0,0,0,0,0,0,0,0,0,0,0,0,0,0,0,0,0,0,0,0,0,0,0,0,0,0,0,0,0,0,0,0,0,0,0,0,0,0,0,0,0,0,0,0,0,0,0,0,0,0,0,0,0,0,0,0,0,0,0,0,0,0,0,0,0,0,0
x22,0,2,0,0,0,0,6,0,2,5,0,0,0,5,6,10,5,8,0,2,0,0,0,2,1,0,0,6,0,0,0,0,0,3,0,0,0,0,0,0,1,0,0,0,0,0,0,0,0,0,3,0,1,0,0,1,0,2,0,0,6,0,0,2,0,0,0,2,0,0,1,2,0,0,3,1,2,0,0,7,2,1,0,0,0,1,4,0,2,1,1,0,0,0,0,2,0,4,1,0,0,0,0,2,0,0,0,0,0,0,1,1,0,12,0,2,7,0,0,0,16,0,0,0,0,0,1,0,0,1,0,3,0,0,0,2,1,0,2,0,0,2,0,11,0,0,0,2,3,0,4,5,0,0,0,0,0,0,0,1,2,0,0,3,2,0,5,0,1,0,0,4,0,1,0,0,1,0,0,5,4,2,0,0,0,1,0,0,0,0,13,0,0,0,5,1,5,0,0,6,0,0,0,1,0,0,0,2,0,138,0,4,10,0,0,0,0,0,1,3,0,0,13,5,1,1,0,3,0,0,0,2,0,0,0,0,0,0,11,1,0,0,0,0,0,0,0,0,15,0,0,0,0,0,3,9,3,1,0,4,0,2,6,0,0,0,0,0,0,0,1,2,0,5,3,0,10,0,0,0,0,0,8,2,0,0,0,0,0,0,5,0,0,0,0,0,0,0,0,0,0,0,0,0,0,0,0,0,0,0,0,0,0,0,0,0,0,0,0,0,0,0,0,0,0,0,0,0,0,0,0,0,0,0,0,0,0,0,0,0,0,0,0,0,0,0,0,0,0,0,0,0,0,0,0,0,0,0,0,0,0,0,0,0,0,0,0,0,0,0,0,0,0,0,0,0,0,0,0,0,0,0,0,0,0,0,0,0,0,0,0,0,0,0,0,0,0,0,0,0,0,0,0,0,0,0,0,0,0,0,0,0,0,0,0,0,0,0,0,0,0,0,0,0,0,0,0,0,0,0,0,0,0,0,0,0,0,0,0,0,0,0,0,0,0,0,0,0,0,0,0,0,0,0,0,0,0,0,0,0,0,0,0,0,0,0,0,0,0,0,0,0,0,0,0,0,0,0,0,0,0,0,0,0,0,0,0,0,0,0,0,0,0,0,0,0,0,0,0,0,0,0,0,0,0,0,0,0,0,0,0,0,0,0,0,0,0,0,0,0,0,0,0,0,0,0,0,0,0,0,0,0,0,0,0,0,0,0,0,0,0,0,0,0,0,0,0,0,0,0,0,0,0,0,0,0,0,0,0,0,0,0,0,0,0,0,0,0,0,0,0,0,0,0,0,0,0,0,0,0,0,0,0,0,0,0,0,0,0,0,0,0,0,0,0,0,0,0,0,0,0,0,0,0,0,0,0,0,0,0,0,0,0,0,0,0,0,0,0,0,0,0,0,0,0,0,0,0,0,0,0,0,0,0,0,0,0,0,0,0,0,0,0,0,0,0,0,0,0,0,0,0,0,0,0,0,0,0,0,0,0,0,0,0,0,0,0,0,0,0,0,0,0,0,0,0,0,0,0,0,0,0,0,0,0,0,0,0,0,0,0,0,0,0,0,0,0,0,0,0,0,0,0,0,0,0,0,0,0,0,0,0,0,0,0,0,0,0,0,0,0,0,0,0,0,0,0,0,0,0,0,0,0,0,0,0,0,0,0,0,0,0,0,0,0,0,0,0,0,0,0,0,0,0,0,0,0,0,0,0,0,0,0,0,0,0,0,0,0,0,0,0,0,0,0,0,0,0,0,0,0,0,0,0,0,0,0,0,0,0,0,0,0,0,0,0,0,0,0,0,0,0,0,0,0,0,0,0,0,0,0,0,0,0,0,0,0,0,0,0,0,0,0,0,0,0,0,0,0,0,0,0,0,0,0,0,0,0,0,0,0,0,0,0,0,0,0,0,0,0,0,0,0,0,0,0,0,0,0,0,0,0,0,0,0,0,0
x23,6,5,2,8,0,0,79,0,16,5,16,1,0,4,1,12,2,127,9,11,0,11,3,11,14,4,0,22,0,4,0,10,0,5,0,0,1,0,4,0,4,2,12,3,0,6,0,0,6,7,5,6,6,0,6,106,1,19,2,1,0,0,0,5,26,1,0,38,4,0,35,5,0,1,1,35,25,5,16,4,11,2,14,0,1,24,1,2,10,4,10,0,1,0,0,2,5,0,40,9,2,4,0,0,1,8,5,0,0,0,2,8,0,0,4,0,10,1,3,0,33,1,0,0,0,7,118,0,1,0,2,5,0,0,0,41,8,8,2,0,0,8,1,0,5,0,3,0,24,6,16,11,0,1,0,6,0,0,17,4,14,0,1,8,16,4,3,2,8,0,0,71,41,2,4,6,9,4,0,5,8,65,2,40,1,566,7,176,1,3,13,1,16,1,7,0,46,3,2,31,9,0,1,7,13,0,0,1,0,105,2,9,2,0,0,0,0,0,10,0,2,0,31,20,235,1,0,5,1,0,5,5,0,0,0,13,0,1,3,37,0,9,0,0,32,0,1,4,20,1,0,32,0,8,82,21,3,7,0,14,2,346,56,9,223,1,1,0,0,0,7,60,8,1,0,0,88,3,0,0,0,7,1,12,13,10,0,60,0,1,713,0,0,0,0,0,0,0,0,0,0,0,0,0,0,0,0,0,0,0,0,0,0,0,0,0,0,0,0,0,0,0,0,0,0,0,0,0,0,0,0,0,0,0,0,0,0,0,0,0,0,0,0,0,0,0,0,0,0,0,0,0,0,0,0,0,0,0,0,0,0,0,0,0,0,0,0,0,0,0,0,0,0,0,0,0,0,0,0,0,0,0,0,0,0,0,0,0,0,0,0,0,0,0,0,0,0,0,0,0,0,0,0,0,0,0,0,0,0,0,0,0,2,0,0,0,0,0,0,0,0,0,0,0,0,0,0,0,0,0,0,0,0,0,0,0,0,0,0,0,0,0,0,0,0,2,0,0,0,0,0,0,0,0,0,0,0,0,0,0,0,0,0,0,0,0,0,0,0,0,0,0,0,0,0,0,0,0,0,0,0,0,0,0,0,0,0,0,0,0,0,0,0,0,0,0,0,0,0,0,0,0,0,0,0,0,0,0,0,0,0,0,0,0,0,0,0,0,0,0,0,0,0,0,0,0,0,0,0,0,0,0,0,0,0,0,0,0,0,0,0,0,0,0,0,0,0,0,0,0,0,0,0,0,0,0,0,0,0,0,0,0,0,0,0,0,0,0,0,0,0,0,0,0,0,0,0,0,0,0,0,0,0,0,0,0,0,0,0,0,0,0,0,0,0,0,0,0,0,0,0,0,0,0,0,0,0,0,0,0,0,0,0,0,0,0,0,0,0,0,0,0,0,0,0,0,0,0,0,0,0,0,0,0,0,0,0,0,0,0,0,0,0,0,0,0,0,0,0,0,0,0,0,0,0,0,0,0,0,0,0,0,0,0,0,0,0,0,0,0,0,0,0,0,0,0,0,0,0,0,0,0,0,0,0,0,0,0,0,0,0,0,0,0,0,0,0,0,0,0,0,0,0,0,0,0,0,0,0,0,0,0,0,0,1,0,0,0,0,0,0,0,0,0,0,0,0,0,0,0,0,0,0,0,0,0,0,0,0,0,0,0,0,0,0,0,0,0,0,0,0,0,0,0,0,0,0,0,0,0,0,0,0,0,0,0,0,0,0,0,0,0,0,0,0,0,0,0,0,0,0,0,0,0,0,0,0,0,0,0,0,0,0,0,0,0,0,0,0,0,0,0,0,0,0,0,0,0,0,0,0,0,0,0,0,0,0,0,0,0,0,0,0,0,0,0,0,0,0,0,0,0,0,0,0,0,0,0,0,0,0,0,0,0,0,0,0,0,0,0,0,0,0,0,0,0,0,0,0,0,0,0,0,0,0,0,0
x24,6,25,4,1,0,3,8,0,20,2,5,15,0,153,17,58,2,97,3,1,2,0,0,215,7,4,10,6,4,19,1,38,1,12,2,1,57,0,14,0,2,0,45,94,0,6,2,5,1,0,369,5,30,11,0,113,1,0,5,0,5,0,4,4,4,2,0,70,3,5,7,2,1,3,76,75,3,2,0,0,3,5,1,0,0,30,6,0,3,1,573,0,2,5,1,0,35,6,10,1,1,0,0,0,0,0,1,0,0,0,19,0,0,49,1,4,2,5,0,0,39,13,0,1,3,7,3,48,3,15,6,3,0,0,4,6,4,9,74,2,7,1,7,2,4,0,3,3,8,3,13,0,5,6,1,0,0,1,5,0,52,1,15,2,10,0,20,2,11,0,0,75,628,20,161,28,39,8,0,1,116,9,2,40,0,17,85,40,8,3,6,14,17,1,4,2,0,0,2,22,0,0,3,11,3,0,2,1,0,34,2,4,27,2,0,0,1,0,7,1,3,0,21,8,0,10,32,0,0,1,1,47,2,1,0,2,31,3,1,3,0,169,18,11,1,0,1,653,4,12,0,0,10,1,18,14,15,6,5,35,0,116,0,0,4,0,0,0,1,0,83,16,9,17,0,1,1,160,1,2,0,16,20,482,1,28,0,3,3,0,20,1,16,1,2,32,5,4,1,0,1,17,3,0,0,0,0,0,0,0,0,0,0,0,0,0,0,0,0,0,0,0,0,0,0,0,0,0,0,0,0,0,0,0,0,0,0,0,0,0,0,0,0,0,0,0,0,0,0,0,0,0,0,0,0,0,0,0,0,0,0,0,0,0,0,0,0,0,0,0,0,0,0,0,0,0,0,0,0,0,0,0,0,0,0,0,0,0,0,0,0,0,0,0,0,0,0,0,0,0,0,0,0,0,0,0,0,0,0,0,0,0,0,0,0,0,0,0,0,0,0,0,0,0,0,0,0,0,0,0,0,0,0,0,0,0,0,0,0,0,0,0,0,0,0,0,0,0,0,0,0,0,0,0,0,0,0,0,0,0,0,0,0,0,0,0,0,0,0,0,0,0,0,0,0,0,0,0,0,0,0,0,0,0,0,0,0,0,0,0,0,0,0,0,0,0,0,0,0,0,0,0,0,0,0,0,0,0,0,0,0,0,0,0,0,0,0,0,0,0,0,0,0,0,0,0,0,0,0,0,0,0,0,0,0,0,0,0,0,0,0,0,0,0,0,0,0,0,0,0,0,0,0,0,0,0,0,0,0,0,0,0,0,0,0,0,0,0,0,0,0,0,0,0,0,0,0,0,0,0,0,0,0,0,0,0,0,0,0,0,0,0,0,0,0,0,0,0,0,0,0,0,0,0,0,0,0,0,0,0,0,0,0,0,0,0,0,0,0,0,0,0,0,0,0,0,0,0,0,0,0,0,0,0,0,0,0,0,0,0,0,0,0,0,0,0,0,0,0,0,0,0,0,0,0,0,0,0,0,0,0,0,0,0,0,0,0,0,0,0,0,0,0,0,0,0,0,0,0,0,0,0,0,0,0,0,0,0,0,0,0,0,0,0,0,0,0,0,0,0,0,0,0,0,0,0,0,0,0,0,0,0,0,0,0,0,0,0,0,0,0,0,0,0,0,0,0,0,0,0,0,0,0,0,0,0,0,0,0,0,0,0,0,0,0,0,0,0,0,0,0,0,0,0,0,0,0,0,0,0,0,0,0,0,0,0,0,0,0,0,0,0,0,0,0,0,0,0,0,0,0,0,0,0,0,0,0,0,0,0,0,0,0,0,0,0,0,0,0,0,0,0,0,0,0,0,0,0,0,0,0,0,0,0,0,0,0,0,0,0,0,0,0,0,0,0,0,0,0,0,0,0,0,0,0,0,0,0,0,0,0,0,0,0,0,0,0,0,0,0,0,0,0,0,0,0,0,0,0,0,0,0,0,0,0,0,0
x25,4,4,11,11,0,0,13,1,13,9,5,5,0,12,4,9,9,40,6,19,0,2,0,98,3,29,1,6,9,2,0,3,1,4,0,0,22,1,77,3,7,0,13,5,0,2,0,1,1,0,10,2,4,5,0,35,1,4,1,0,4,0,0,8,8,2,4,3,15,0,6,5,0,2,3,11,29,1,0,5,11,5,5,0,4,19,10,0,2,15,23,0,2,4,0,5,6,4,7,1,3,1,0,2,0,0,7,0,1,0,27,9,0,3,1,5,24,3,0,1,14,3,1,0,0,20,167,0,1,16,20,166,3,2,4,8,61,0,116,1,5,2,0,37,5,0,6,1,4,8,128,98,0,7,1,6,3,0,2,1,6,0,6,6,11,2,13,2,5,0,1,21,50,17,13,2,31,3,1,2,25,28,5,17,1,101,22,62,3,5,14,9,1,3,27,5,5,0,2,13,0,0,0,3,2,6,0,6,0,10,7,37,10,0,0,7,0,0,6,2,0,0,5,4,58,36,1,32,2,3,0,14,0,8,0,5,1,4,7,14,0,92,3,2,15,1,8,4,4,4,0,3,0,3,2,55,3,3,4,5,5,16,7,1,11,1,1,0,6,2,19,36,16,121,7,0,162,28,0,1,0,4,8,11,1,4,4,1,2,0,33,0,4,1,21,58,9,6,1,29,8,36,25,1,48,0,290,7,14,5,67,8,31,22,122,5,29,4,10,2,11,2,0,2,15,9,14,1,0,6,0,1,18,13,9,12,27,28,13,17,6,3,7,11,5,3,3,3,15,63,24,4,56,25,7,2,9,2,4,3,14,7,32,69,6,17,12,21,4,6,2,4,2,5,80,2,45,0,4,3,0,8,4,19,2,2,53,11,17,8,3,1,8,4,38,3,0,15,19,1,3,3,6,31,20,4,1,5,2,4,101,2,6,13,1,9,8,1,22,10,1,1,1,1,3,1,5,4,11,9,24,1,6,1,5,23,8,0,2,5,10,1,9,21,24,4,2,8,2,9,11,4,9,0,5,7,3,3,54,9,1,0,6,1,17,2,12,1,4,2,2,105,0,16,2,3,3,3,6,27,16,164,14,11,6,6,16,5,1,11,25,1,0,0,2,3,7,26,47,5,49,12,4,15,14,16,0,9,8,7,6,7,3,10,3,28,4,9,2,1,19,8,55,2,0,0,8,5,1,1,1,6,17,5,4,7,1,8,64,2,1,4,93,2,62,1,9,0,0,17,2,5,4,1,10,45,2,15,1,34,2,4,0,1,7,65,4,1,1,8,1,13,75,3,2,7,4,32,19,4,3,1,3,16,14,5,74,10,0,3,0,1,36,3,6,30,34,0,25,15,2,0,1,10,98,17,1,1,2,13,23,1,27,2,16,7,3,13,1,2,3,37,5,1,1,6,59,5,9,8,23,0,18,40,2,8,5,1,10,21,1,2,5,3,6,9,3,1,6,0,3,57,7,8,32,2,65,18,9,2,9,3,33,10,9,7,23,6,11,37,10,11,6,17,2,0,0,9,4,6,18,2,8,2,2,2,5,1,21,70,8,1,2,2,3,44,15,32,101,1,0,5,5,11,5,2,6,7,6,11,16,6,2,5,9,6,2,1,10,2,2,15,36,4,6,2,7,47,5,14,2,10,0,28,12,0,187,12,3,0,12,1,12,5,9,10,45,14,20,13,7,16,1,21,6,40,5,8,15,14,3,3,26,1,31,4,9,34,7,1,0,3,2,9,0,12,4,11,25,3,4,3,6,2,5,0,2,13,42,14,6,10,1,3,3,0,1,3,68,12,12,1,11,15,10,4,0,1,1,15,6,18,25,1,0,10,38,7,0,10,2,1,9,4,4,0,9,2,6,11,0,2,7,0,2,1,5,0,7,3,10,29,21,12,8,1,22,3,18,9,10,4,49,5,3,1,2,2,2,6,13,2,8,6,11,10,25
x26,2343,4007,2777,1041,142,187,5529,140,11923,3375,1127,643,34,1870,1543,2894,3085,5153,2042,6018,259,411,226,5958,2263,5969,220,3773,673,1410,318,3329,162,1105,128,125,6980,111,3564,368,7495,64,1345,2023,73,893,368,364,344,127,2070,1777,1403,584,154,5539,106,2385,459,177,2295,94,217,3883,2299,757,118,1186,4148,207,2328,4541,388,1125,1122,2985,1111,969,403,1466,771,2438,976,135,2506,6072,1173,71,679,2604,3458,83,188,899,244,1057,1938,929,1952,146,2011,371,52,910,95,117,829,161,188,149,2906,1995,37,1448,265,1818,1848,967,92,546,3231,1072,220,104,464,2948,5987,477,321,944,1036,2619,388,326,430,4023,2278,277,3884,553,1686,267,405,5040,617,318,1689,675,1936,2932,9432,3960,90,458,73,1033,601,50,483,342,1421,150,1031,1738,4028,286,1958,365,997,62,93,3447,3999,1028,2668,1310,7325,1154,222,1495,2199,1428,1574,6877,869,8423,2361,3083,1497,1651,8277,2616,725,244,4547,1111,2368,235,1491,3017,199,222,222,982,500,1545,112,1731,71,15021,2942,6368,1259,82,45,100,138,223,2246,1525,266,1050,2247,1330,4523,737,548,579,280,158,132,7155,212,376,45,2362,962,803,702,2091,31,1988,1068,456,2213,143,1192,1915,2067,1058,113,1220,120,1807,5501,7105,741,2011,677,2039,1559,3737,3154,474,2388,535,310,168,254,150,3908,2480,3532,5248,1000,134,2216,2677,150,179,66,2684,3563,6611,379,658,1043,595,796,286,8847,227,527,1913,770,4046,4861,3579,755,2795,3119,7550,2119,279,2523,262,2303,3048,2253,2029,1193,436,3113,3864,4736,1685,2725,1964,6140,1596,8842,578,192,959,1268,1550,7290,166,250,1463,177,306,979,1419,1801,2842,3369,3979,3967,1580,1684,662,1249,1964,1572,1278,250,216,2795,7447,2208,250,1869,1664,1940,421,1459,380,412,1124,2915,4140,5006,2078,1014,2382,4305,2737,592,995,1093,271,417,2524,7318,1040,9866,442,1197,477,195,2823,707,3732,711,721,3143,5318,871,2006,1159,559,2916,5063,5474,2240,201,4429,2933,548,959,1454,2649,1134,1220,1228,666,1787,664,530,5932,933,9397,1453,818,1731,1470,290,1459,476,297,227,630,1096,1309,522,1628,2290,5458,4428,5468,724,2140,393,1524,2597,1433,352,812,4007,5060,325,1699,2713,3833,1697,824,823,2692,3282,2870,2559,4165,237,1641,5833,959,1095,8762,1686,595,450,3359,791,2343,1205,1821,1016,1529,1077,1649,2596,279,3479,622,2072,334,496,354,1945,2261,7183,3513,2013,1381,3054,2010,4941,718,5127,4593,430,231,290,1168,2302,7051,5320,3899,2317,2419,1908,2020,1731,1618,7628,737,1489,2490,4413,4010,1696,1584,4381,1639,1539,273,3630,632,757,1598,663,3472,751,463,244,1466,2179,455,522,314,3381,2414,707,1013,1238,617,1089,6731,683,514,563,4127,438,4925,780,630,297,346,2068,1471,1806,844,646,1032,7138,366,2263,1176,6633,1032,4223,357,521,3270,2375,1934,520,618,2529,439,2024,9934,2576,807,4099,2492,4405,8588,970,1014,459,839,1755,3168,2111,3186,7551,284,939,527,328,6030,1480,2841,2766,3799,152,5023,1606,801,344,513,1871,4095,3281,182,989,1219,2812,3174,600,3186,3564,7344,1129,1000,4224,670,467,2262,2544,393,1542,810,1076,3905,1578,3416,2039,1083,178,2257,3681,454,3500,4497,1256,1741,4007,700,1565,1794,2720,1676,1964,2368,849,2899,354,613,5500,436,3844,2156,1477,2503,4290,624,1165,2185,707,1201,1943,4933,2639,2806,2747,640,5087,6075,7203,1753,2666,423,756,747,2473,2188,3336,4342,1423,3449,707,1049,1562,1628,815,3096,3543,3362,736,430,380,1182,3063,4552,714,1431,1008,485,577,1624,1496,2100,788,668,1480,1899,655,3826,1021,1165,3716,6101,2536,1243,364,1450,1316,1300,4700,3713,1450,503,766,804,5800,2467,3205,1563,4938,181,3780,4796,232,13158,532,1365,366,2891,867,468,636,5537,1182,1834,3312,1783,1951,594,1209,642,2732,2248,4134,1759,3447,1763,5583,1705,870,1777,848,4167,641,3698,3625,2533,815,335,1385,1195,4581,148,2020,1123,3107,2281,1549,2116,1033,3251,992,4430,541,1335,4661,2510,487,2756,6142,791,1416,1546,216,337,1817,2552,1425,6197,480,4289,4520,646,1204,495,337,494,3858,1787,1582,3529,572,123,6618,1343,1682,157,2402,802,175,2443,1783,1766,396,4004,1160,4175,2045,232,1606,1787,298,1030,235,2119,444,3999,1019,2798,5522,4729,4630,510,249,4423,462,1515,2482,5525,645,4193,1418,1937,232,1535,1093,1278,4180,697,2243,3475,2300,1238,3180,3215
x27,0,1,2,0,0,0,21,0,6,1,0,0,0,5,3,1,0,19,2,12,0,3,0,4,1,25,0,2,0,0,0,0,0,0,0,0,6,0,0,0,1,0,5,0,0,3,0,0,0,0,0,0,0,0,1,15,0,1,0,1,0,0,0,8,4,3,0,1,4,0,4,1,0,2,2,4,2,3,0,3,1,3,0,0,6,2,1,0,0,5,3,0,0,0,0,2,4,0,8,0,5,1,0,0,0,0,0,0,0,0,2,0,0,4,0,0,5,0,0,0,1,0,0,0,0,7,19,5,0,0,0,1,0,2,0,5,0,0,4,0,2,0,0,37,0,0,0,0,3,0,5,1,0,0,0,1,0,0,0,1,0,0,2,1,3,0,0,0,0,0,1,1,17,2,1,1,1,0,0,1,3,0,10,1,9,0,8,1,11,0,3,2,0,0,5,0,1,0,3,2,0,0,0,1,0,7,0,1,0,4,3,14,0,0,0,0,0,0,13,0,0,0,4,0,1,2,0,0,0,1,0,7,0,0,0,1,0,2,1,2,0,0,1,0,0,0,0,2,3,0,0,2,0,1,5,4,0,4,1,3,2,1,11,0,0,0,0,0,0,0,3,2,27,1,6,0,14,1,0,0,0,4,3,12,1,11,0,0,1,0,2,0,0,0,0,0,0,0,0,0,0,0,0,0,0,0,0,0,0,0,0,0,0,0,0,0,0,0,0,0,0,0,0,0,0,0,0,0,0,0,0,0,0,0,0,0,0,0,0,0,0,0,0,0,0,0,0,0,0,0,0,0,0,0,0,0,0,0,0,0,0,0,0,0,0,0,0,0,0,0,0,0,0,0,0,0,0,0,0,0,0,0,0,0,0,0,0,0,0,0,0,0,0,0,0,0,0,0,0,0,0,0,0,0,0,0,0,0,0,0,0,0,0,0,0,0,0,0,0,0,0,0,0,0,0,0,0,0,0,0,0,0,0,0,0,0,0,0,0,0,0,0,0,0,0,0,0,0,0,0,0,0,0,0,0,0,0,0,0,0,0,0,0,0,0,0,0,0,0,0,0,0,0,0,0,0,0,0,0,0,0,0,0,0,0,0,0,0,0,0,0,0,0,0,0,0,0,0,0,0,0,0,0,0,0,0,0,0,0,0,0,0,0,0,0,0,0,0,0,0,0,0,0,0,0,0,0,0,0,0,0,0,0,0,0,0,0,0,0,0,0,0,0,0,0,0,0,0,0,0,0,0,0,0,0,0,0,0,0,0,0,0,0,0,0,0,0,0,0,0,0,0,0,0,0,0,0,0,0,0,0,0,0,0,0,0,0,0,0,0,0,0,0,0,0,0,0,0,0,0,0,0,0,0,0,0,0,0,0,0,0,0,0,0,0,0,0,0,0,0,0,0,0,0,0,0,0,0,0,0,0,0,0,0,0,0,0,0,0,0,0,0,0,0,0,0,0,0,0,0,0,0,0,0,0,0,0,0,0,0,0,0,0,0,0,0,0,0,0,0,0,0,0,0,0,0,0,0,0,0,0,0,0,0,0,0,0,0,0,0,0,0,0,0,0,0,0,0,0,0,0,0,0,0,0,0,0,0,0,0,0,0,0,0,0,0,0,0,0,0,0,0,0,0,0,0,0,0,0,0,0,0,0,0,0,0,0,0,0,0,0,0,0,0,0,0,0,0,0,0,0,0,0,0,0,0,0,0,0,0,0,0,0,0,0,0,0,0,0,0,0,0,0,0,0,0,0,0,0,0,0,0,0,0,0,0,0,0,0,0,0,0,0,0,0,0,0,0,0,0,0,0,0,0,0,0,0,0,0,0,0,0,0,0,0,0,0,0,0,0,0,0,0,0,0,0,0,0,0,0,0,0,0,0,0,0,0,0,0,0,0,0,0,0,0,0,0,0,0,0,0,0,0,0,0,0,0,0,0,0,0,0,0,0,0,0,0
x28,0,0,0,0,0,0,0,0,0,0,0,0,0,0,0,0,0,0,0,0,0,0,0,0,0,0,0,0,0,0,0,0,0,0,0,0,0,0,0,0,0,0,0,0,0,0,0,0,0,0,0,0,0,0,0,0,0,0,0,0,0,0,0,0,0,0,0,0,0,0,0,0,0,0,0,0,0,0,0,0,0,0,0,0,0,0,0,0,0,0,0,0,0,0,0,0,0,0,0,0,0,0,0,0,0,0,0,0,0,0,0,0,0,0,0,0,0,0,0,0,0,0,0,0,0,0,0,0,0,0,0,0,0,0,0,0,0,0,0,0,0,0,0,0,0,0,0,0,0,0,0,0,0,0,0,0,0,0,0,0,0,0,0,0,0,0,0,0,0,0,0,0,0,0,0,0,0,0,0,0,0,0,0,0,0,0,0,0,0,0,0,0,0,0,0,0,0,0,0,0,0,0,0,0,0,0,0,0,0,0,0,0,0,0,0,0,0,0,0,0,0,0,0,0,0,0,0,0,0,0,0,0,0,0,0,0,0,0,0,0,0,0,0,0,0,0,0,0,0,0,0,0,0,0,0,0,0,0,0,0,0,0,0,0,0,0,0,0,0,0,0,0,0,0,0,0,0,0,0,0,0,0,0,0,0,0,0,0,0,0,0,0,0,0,0,0,0,0,0,0,0,0,0,0,0,0,0,0,0,0,0,0,0,0,0,0,0,0,0,0,0,0,0,0,0,0,0,0,0,0,0,0,0,0,0,0,0,0,0,0,0,0,0,0,0,0,0,0,0,0,0,0,0,0,0,0,0,0,0,0,0,0,0,0,0,0,0,0,0,0,0,0,0,0,0,0,0,0,0,0,0,0,0,0,0,0,0,0,0,0,0,0,0,0,0,0,0,0,0,0,0,0,0,0,0,0,0,0,0,0,0,0,0,0,0,0,0,0,0,0,0,0,0,0,0,0,0,0,0,0,0,0,0,0,0,0,0,0,0,0,0,0,0,0,0,0,0,0,0,0,0,0,0,0,0,0,0,0,0,0,0,0,0,0,0,0,0,0,0,0,0,0,0,0,0,0,0,0,0,0,0,0,0,0,0,0,0,0,0,0,0,0,0,0,0,0,0,0,0,0,0,0,0,0,0,0,0,0,0,0,0,0,0,0,0,0,0,0,0,0,0,0,0,0,0,0,0,0,0,0,0,0,0,0,0,0,0,0,0,0,0,0,0,0,0,0,0,0,0,0,0,0,0,0,0,0,0,0,0,0,0,0,0,0,0,0,0,0,0,0,0,0,0,0,0,0,0,0,0,0,0,0,0,0,0,0,0,0,0,0,0,0,0,0,0,0,0,0,0,0,0,0,0,0,0,0,0,0,0,0,0,0,0,0,0,0,0,0,0,0,0,0,0,0,0,0,0,0,0,0,0,0,0,0,0,0,0,0,0,0,0,0,0,0,0,0,0,0,0,0,0,0,0,0,0,0,0,0,0,0,0,0,0,0,0,0,0,0,0,0,0,0,0,0,0,0,0,0,0,0,0,0,0,0,0,0,0,0,0,0,0,0,0,0,0,0,0,0,0,0,0,0,0,0,0,0,0,0,0,0,0,0,0,0,0,0,0,0,0,0,0,0,0,0,0,0,0,0,0,0,0,0,0,0,0,0,0,0,0,0,0,0,0,0,0,0,0,0,0,0,0,0,0,0,0,0,0,0,0,0,0,0,0,0,0,0,0,0,0,0,0,0,0,0,0,0,0,0,0,0,0,0,0,0,0,0,0,0,0,0,0,0,0,0,0,0,0,0,0,0,0,0,0,0,0,0,0,0,0,0,0,0,0,0,0,0,0,0,0,0,0,0,0,0,0,0,0,0,0,0,0,0,0,0,0,0,0,0,0,0,0,0,0,0,0,0,0,0,0,0,0,0,0,0,0,0,0,0,0,0,0,0,0,0,0,0,0
x29,1,15,0,2,0,0,13,0,20,35,3,0,0,2,0,6,4,101,2,0,0,0,0,4,10,1,0,2,0,1,0,2,0,3,0,0,2,0,4,1,0,0,5,3,0,0,1,1,3,0,0,4,1,4,0,4,0,1,0,0,0,0,0,19,0,3,0,10,10,0,1,3,0,0,10,3,0,0,1,0,1,0,0,0,23,14,0,0,3,6,11,0,0,0,0,6,1,1,2,0,3,0,0,0,0,0,0,0,0,0,0,0,0,3,0,12,3,3,0,3,2,0,0,0,1,12,15,0,0,1,6,37,0,1,1,34,14,0,4,0,1,0,0,18,0,0,6,0,2,7,6,2,0,0,0,0,0,0,0,0,2,2,0,0,0,1,4,0,0,0,0,49,7,2,1,0,16,1,0,0,0,5,5,8,0,5,13,6,14,1,10,1,1,0,0,11,4,0,1,5,0,0,0,5,1,3,0,1,0,3,9,47,16,0,0,1,0,0,0,9,0,0,4,2,0,0,1,2,0,0,0,134,0,1,0,1,0,0,0,11,0,0,0,0,36,0,3,0,4,8,0,13,0,0,1,0,0,3,0,21,0,3,16,0,1,0,2,0,0,0,1,1,4,20,1,0,6,11,0,1,0,1,6,4,0,3,2,0,0,0,2,0,0,0,0,0,0,0,0,0,0,0,0,0,0,0,0,0,0,0,0,0,0,0,0,0,0,0,0,0,0,0,0,0,0,0,0,0,0,0,0,0,0,0,0,0,0,0,0,0,0,0,0,0,0,0,0,0,0,0,0,0,0,0,0,0,0,0,0,0,0,0,0,0,0,0,0,0,0,0,0,0,0,0,0,0,0,0,0,0,0,0,0,0,0,0,0,0,0,0,0,0,0,0,0,0,0,0,0,0,0,0,0,0,0,0,0,0,0,0,0,0,0,0,0,0,0,0,0,0,0,0,0,0,0,0,0,0,0,0,0,0,0,0,0,1,0,0,0,0,0,0,0,0,0,0,0,0,0,0,0,0,0,0,0,0,0,0,0,0,0,0,0,0,0,0,0,0,0,0,0,0,0,0,0,0,0,0,0,0,0,0,0,0,0,0,0,0,0,0,0,0,0,0,0,0,0,0,0,0,0,0,0,0,0,0,0,0,0,0,0,0,0,0,0,0,0,0,0,0,0,0,0,0,0,0,0,0,0,0,0,0,0,0,0,0,0,0,0,0,0,0,0,0,0,0,0,0,0,0,0,0,0,0,0,0,0,0,0,0,0,0,0,0,0,0,0,0,0,0,0,0,0,0,0,0,0,0,0,0,0,0,0,0,0,0,0,0,0,0,0,0,0,0,0,0,0,0,0,0,0,0,0,0,0,0,0,0,0,0,0,0,0,0,0,0,0,0,0,0,0,0,0,0,0,0,0,0,0,0,0,0,0,0,0,0,0,0,0,0,0,0,0,0,0,0,0,0,0,0,0,1,0,0,0,0,0,0,0,0,0,0,0,0,0,0,0,0,0,0,0,0,0,0,0,0,0,0,0,0,0,0,0,0,0,0,0,0,0,0,0,0,0,0,0,0,0,0,0,0,0,0,0,0,0,0,0,0,0,0,0,0,0,0,0,0,0,0,0,0,0,0,0,0,0,0,0,0,0,0,0,0,0,0,0,0,0,0,0,0,0,0,0,0,0,0,0,0,0,0,0,0,0,0,0,0,0,0,0,0,0,0,0,0,0,0,0,0,0,0,0,0,0,0,0,0,0,0,0,0,0,0,0,0,0,0,0,0,0,0,0,0,0,0,0,0,0,0,0,0,0,0,0,0,0,0,0,0,0,0,0,0,0,0,0,0,0,0,0,0,0,0,0,0,0,0,0,0,0,0,0,0,0,0,0,0,0,0,0,0,0,0,0,0,0,0,0,0,0,0,0,0,0,0,0,0,0,0,0,0,0,0,0,0,0,0,0
x3,945,5,41,3,0,3,11,6,427,2,0,0,2,188,11,2,11,409,40,174,2,1,23,94,15,289,6,92,1,2,3,214,39,15,0,0,962,1,9,0,87,1,6,24,1,29,17,0,30,0,19,120,76,8,1,32,0,736,10,1,27,0,1,12,9,25,0,5,43,1,11,1,0,17,0,38,25,13,60,2,6,18,3,5,197,139,49,5,33,50,0,0,0,0,0,0,0,0,0,0,0,0,0,0,0,0,0,0,0,0,0,0,0,0,0,0,0,0,0,0,0,0,0,0,0,0,0,0,0,0,0,0,0,0,0,0,0,0,0,0,0,0,0,0,0,0,0,0,0,0,0,0,0,0,0,0,0,0,0,0,0,0,0,0,0,0,0,0,0,0,0,0,0,0,0,0,0,0,0,0,0,0,0,0,0,0,0,0,0,0,0,0,0,0,0,0,0,0,0,0,0,0,0,0,0,0,0,0,0,0,0,0,0,0,0,0,0,0,0,0,0,0,0,0,0,0,0,0,0,0,0,0,0,0,0,0,0,0,0,0,0,0,0,0,0,0,0,0,0,0,0,0,0,0,0,0,0,0,0,0,0,0,0,0,0,0,0,0,0,0,0,0,0,0,0,0,0,0,0,0,0,0,0,0,0,0,0,0,0,0,0,0,0,0,0,0,0,0,0,0,0,0,0,0,0,0,0,0,0,0,0,0,0,0,0,0,0,0,0,0,0,0,0,0,0,0,0,0,0,0,0,0,0,0,0,0,0,0,0,0,0,0,0,0,0,0,0,0,0,0,0,0,0,0,0,0,0,0,0,0,0,0,0,0,0,0,0,0,0,0,0,0,0,0,0,0,0,0,0,0,0,0,0,0,0,0,0,0,0,0,0,0,0,0,0,0,0,0,0,0,0,0,0,0,0,0,0,0,0,0,0,0,0,0,0,0,0,0,0,0,0,0,0,0,0,0,0,0,0,0,0,0,0,0,0,0,0,0,0,0,0,0,0,0,0,0,0,0,0,0,0,0,0,0,0,0,0,0,0,0,0,0,0,0,0,0,0,0,0,0,0,0,0,0,0,0,0,0,0,0,0,0,0,0,0,0,0,0,0,0,0,0,0,0,0,0,0,0,0,0,0,0,0,0,0,0,0,0,0,0,0,0,0,0,0,0,0,0,0,0,0,0,0,0,0,0,0,0,0,0,0,0,0,0,0,0,0,0,0,0,0,0,0,0,0,0,0,0,0,0,0,0,0,0,0,0,0,0,0,0,0,0,0,0,0,0,0,0,0,0,0,0,0,0,0,0,0,0,0,0,0,0,0,0,0,0,0,0,0,0,0,0,0,0,0,0,0,0,0,0,0,0,0,0,0,0,0,0,0,0,0,0,0,0,0,0,0,0,0,0,0,0,0,0,0,0,0,0,0,0,0,0,0,0,0,0,0,0,0,0,0,0,0,0,0,0,0,0,0,0,0,0,0,0,0,0,0,0,0,0,0,0,0,0,0,0,0,0,0,0,0,1,0,0,0,0,0,0,0,0,0,0,0,0,0,0,0,0,0,0,0,0,0,0,0,0,0,0,0,0,0,0,0,0,0,0,0,0,0,0,0,0,0,0,0,0,0,0,0,0,0,0,0,0,0,0,0,0,0,0,0,0,0,0,0,0,0,0,0,0,0,0,0,0,0,0,0,0,0,0,0,0,0,0,0,0,0,0,0,0,0,0,0,0,0,0,0,0,0,0,0,0,0,0,0,0,0,0,0,0,0,0,0,0,0,0,0,0,0,0,0,0,0,0,0,0,0,0,0,0,0,0,0,0,0,0,0,0,0,0,0,0,0,0,0,0,0,0,0,0,0,0,0,0,0,0,0,0,0,0,0,0,0,0,0,0,0,0,0,0,0,0,0,0,0,0,0,0,0,0,0,0,0,0,0,0,0,0,0,0,0,0,0,0,0,0,0
x4,2,4,1,3,1,0,83,0,14,16,0,13,0,3,0,5,0,35,58,6,2,0,0,17,10,30,0,11,37,1,0,3,0,2,0,0,1,0,5,0,6,1,0,12,0,0,0,1,0,0,0,1,0,0,0,0,0,0,0,0,2,0,0,12,1,0,0,0,2,0,1,6,0,2,1,5,5,0,1,6,13,0,0,0,1,7,12,0,0,9,1,0,0,0,2,2,0,0,0,0,0,0,0,1,0,0,6,0,0,0,4,1,0,1,0,1,29,1,0,0,6,2,0,0,0,0,0,0,0,0,0,0,0,0,0,0,0,0,0,0,0,0,0,0,0,0,0,0,0,0,0,0,0,0,0,0,0,0,0,0,0,0,0,0,0,0,0,0,0,0,0,0,0,0,0,0,0,0,0,0,0,0,0,0,0,0,0,0,0,0,0,0,0,0,0,0,0,0,0,0,0,0,0,0,0,0,0,0,0,0,0,0,0,0,0,0,0,0,0,0,0,0,0,0,0,0,0,0,0,0,0,0,0,0,0,0,0,0,0,0,0,0,0,0,0,0,0,0,0,0,0,0,0,0,0,0,0,0,0,0,0,0,0,0,0,0,0,0,0,0,0,0,0,0,0,0,0,0,0,0,0,0,0,0,0,0,2,0,0,0,0,0,0,0,0,0,0,0,0,0,0,0,0,0,0,0,0,0,0,0,0,0,0,0,0,0,0,0,0,0,0,0,0,0,0,0,0,0,0,0,0,0,0,0,0,0,0,0,0,0,0,0,0,0,0,0,0,0,0,0,0,0,0,0,0,0,0,0,0,0,0,0,0,0,0,0,0,0,0,0,0,0,0,0,0,0,0,0,0,0,0,0,0,0,0,0,0,0,0,0,0,0,0,0,0,0,0,0,0,0,0,0,0,0,0,0,0,0,0,0,0,0,0,0,0,0,0,0,0,0,0,0,0,0,0,0,0,0,0,0,0,0,0,0,0,0,0,0,0,0,0,0,0,0,0,0,0,0,0,0,0,0,0,0,0,0,0,0,0,0,0,0,0,0,0,0,0,0,0,0,0,0,0,0,0,0,0,0,0,0,0,0,0,0,0,0,0,0,0,0,0,0,0,0,0,0,0,0,0,0,0,0,0,0,0,0,0,0,0,0,0,0,0,0,0,0,0,0,0,0,0,0,0,0,0,0,0,0,0,0,0,0,0,0,0,0,0,0,0,0,0,0,0,0,0,0,0,0,0,0,0,0,0,0,0,0,0,0,0,0,0,0,0,0,0,0,0,0,0,0,0,0,0,0,0,0,0,0,0,0,0,0,0,0,0,0,0,0,0,0,0,0,0,0,0,0,0,0,0,0,0,0,0,0,0,0,0,0,0,0,0,0,0,0,0,0,0,0,0,0,0,0,0,0,0,0,0,0,0,0,0,0,0,0,0,0,0,0,0,0,0,0,0,0,0,0,0,0,0,0,0,0,0,0,0,0,0,0,0,0,0,0,0,0,0,0,0,0,0,0,0,0,0,0,0,0,0,0,0,0,0,0,0,0,0,0,0,0,0,0,0,0,0,0,0,0,0,0,0,0,0,0,0,0,0,0,0,0,0,0,0,0,0,0,0,0,0,0,0,0,0,0,0,0,0,0,0,0,0,0,0,0,0,0,0,0,0,0,0,0,0,0,0,0,0,0,0,0,0,0,0,0,0,0,0,0,0,0,0,0,0,0,0,0,0,0,0,0,0,0,0,0,0,0,0,0,0,0,0,0,0,0,0,0,0,0,0,0,0,0,0,0,0,0,0,0,0,0,0,0,0,0,0,0,0,0,0,0,0,0,0,0,0,0,0,0,0,0,0,0,0,0,0,0,0,0,0,0,0,0,0,0,0,0,0,0,0,0,0,0,0,0,0,0,0,0,0,0,0,0,0,0,0,0,0,0,0,0,0,0,0,0,0,0,0,0,0
x5,11,15,17,12,0,0,34,0,26,50,4,2,0,37,7,17,8,15,8,76,1,2,0,45,8,75,0,30,1,10,1,34,1,9,0,13,20,0,6,0,21,0,4,44,0,3,2,1,1,2,43,2,18,12,0,30,0,7,1,5,12,0,0,13,14,4,0,3,7,1,14,10,1,6,11,9,5,5,0,11,18,13,3,0,25,59,77,0,8,8,19,0,0,5,0,7,16,5,15,1,4,3,0,3,0,0,2,5,0,1,14,5,0,55,0,5,15,3,0,2,29,2,0,0,3,37,51,1,0,5,9,15,1,1,8,25,6,0,10,3,15,0,1,104,0,2,5,1,18,11,69,10,8,3,0,3,1,0,1,1,12,1,9,6,89,0,22,1,10,1,0,13,35,4,8,10,32,3,0,7,33,5,6,113,5,21,20,23,8,4,13,22,3,1,13,40,13,0,5,25,1,0,0,2,3,10,1,32,0,32,8,39,4,0,0,0,0,0,18,11,2,6,22,38,13,6,1,3,1,0,0,36,0,1,0,15,12,3,3,7,0,10,2,4,43,0,11,36,5,3,0,2,0,5,28,17,2,27,21,19,4,10,79,3,6,1,1,0,1,1,45,22,14,15,14,0,7,19,0,0,0,28,8,46,1,3,11,1,5,3,24,1,2,3,6,43,18,45,5,18,31,52,57,4,62,1,12,67,5,11,3,1,14,33,33,6,9,8,18,5,19,2,0,16,6,6,34,0,2,4,0,3,5,10,7,57,20,10,11,5,7,9,18,17,4,4,1,0,17,14,7,1,9,52,113,1,4,3,2,7,67,13,42,11,2,25,13,6,5,2,4,1,0,5,26,3,10,0,12,2,1,24,5,23,1,2,16,34,5,7,9,1,72,3,11,11,0,18,12,6,4,4,20,10,8,2,1,3,1,1,28,5,14,7,1,8,4,6,3,1,8,0,2,6,1,3,7,8,25,19,13,1,7,0,7,206,6,3,7,12,25,3,8,19,10,5,2,7,11,38,16,7,6,3,21,12,7,10,47,6,1,1,19,1,3,4,14,5,30,9,17,10,2,7,4,9,2,1,3,16,6,95,25,9,13,9,6,16,4,27,46,3,1,2,14,6,111,37,19,16,6,14,61,55,5,15,1,6,22,10,89,5,17,16,5,8,5,37,4,4,4,1,20,1,1,0,9,7,2,3,1,56,5,1,2,11,1,3,31,2,1,3,14,3,23,1,2,1,2,6,2,10,14,2,12,53,1,13,2,41,6,19,2,1,6,14,20,6,1,5,5,20,17,6,2,10,12,76,9,11,3,1,3,26,8,28,27,24,0,2,0,1,60,6,11,47,10,0,11,3,6,1,1,4,25,160,1,2,3,6,22,3,9,9,14,10,4,6,27,2,3,23,2,2,5,6,129,24,31,36,4,0,3,24,1,13,10,2,6,51,11,5,7,59,18,5,4,5,19,1,2,19,6,14,20,7,17,14,1,7,10,1,5,7,28,38,10,9,10,13,51,71,11,12,1,3,5,8,7,8,23,11,39,2,8,3,6,2,20,17,7,4,6,8,6,7,99,3,24,3,5,4,10,7,8,6,3,23,8,2,46,2,2,11,13,7,8,1,6,6,12,28,24,5,3,3,3,16,9,11,3,12,3,27,20,2,39,2,4,2,11,3,2,4,12,8,35,15,13,6,3,8,25,8,24,43,13,96,19,39,22,9,7,4,18,3,20,76,16,1,0,6,13,17,0,8,3,17,6,4,23,9,6,11,9,3,6,41,8,1,12,65,4,9,10,0,1,61,31,64,23,3,28,19,2,25,2,1,2,42,12,6,40,1,1,26,12,12,0,10,10,0,18,6,4,2,12,4,8,15,9,66,10,2,5,1,7,2,28,4,26,16,22,64,2,3,14,11,11,22,23,2,9,3,7,0,52,68,3,25,4,11,8,15,6,11,8
x6,22,1,0,12,0,0,0,0,117,0,33,1,0,10,11,9,72,3,0,2,0,0,0,8,7,0,0,12,3,17,5,8,1,19,0,4,45,0,0,0,2,1,18,7,1,13,0,3,1,0,1,0,66,5,4,0,6,15,6,0,16,0,0,88,0,0,0,5,1,0,11,139,1,0,5,78,7,7,0,4,0,1,8,0,0,3,7,0,1,16,696,0,0,0,0,0,0,0,23,0,0,12,1,15,0,0,391,0,0,1,13,209,0,2,0,1,4,1,0,0,103,2,4,7,1,0,0,0,0,1,0,3,0,17,18,0,48,0,13,0,5,13,0,4,3,6,0,0,2,3,86,0,0,0,0,8,4,0,50,2,54,0,0,0,616,7,13,0,23,0,0,46,85,3,3,501,51,10,21,1,3,3,52,75,3,6,4,8,90,94,2,11,10,0,130,7,7,0,109,62,0,0,0,3,0,2,4,16,0,10,1,438,5,6,0,5,4,0,11,9,6,2,16,0,3,117,1,0,0,0,0,5,0,132,0,285,19,0,12,16,0,0,4,0,2,0,31,37,1,4,0,10,0,0,9,15,1,0,0,0,0,6,29,0,56,26,0,1,15,0,8,1,22,145,1,0,203,9,0,1,0,20,1,7,58,0,0,12,1,1,1,0,0,0,0,0,0,0,0,0,0,0,0,0,0,0,0,0,0,0,0,0,0,0,0,0,0,0,0,0,0,0,0,0,0,0,0,0,0,0,0,0,0,0,0,0,0,0,0,0,0,0,0,0,0,0,0,0,0,0,0,0,0,0,0,0,0,0,0,0,0,0,0,0,0,0,0,0,0,0,0,0,0,0,0,0,0,0,0,0,0,0,0,0,0,0,0,0,0,0,0,0,0,0,0,0,0,0,0,0,0,0,0,0,0,0,0,0,0,0,0,0,0,0,0,0,0,0,0,0,0,0,0,0,0,0,0,0,0,0,0,0,0,0,0,0,0,0,0,0,0,0,0,0,0,0,0,0,0,0,0,0,0,0,0,0,0,0,0,0,0,0,0,0,0,0,0,0,0,0,0,0,0,0,0,0,0,0,0,0,0,0,0,0,0,0,0,0,0,0,0,0,0,0,0,0,0,0,0,0,0,0,0,0,0,0,0,0,0,0,0,0,0,0,0,0,0,0,0,0,0,0,0,0,0,0,0,0,0,0,0,0,0,0,0,0,0,0,0,0,0,0,0,0,0,0,0,0,0,0,0,0,0,0,0,0,0,0,0,0,0,0,0,0,0,0,0,0,0,0,0,0,0,0,0,0,0,0,0,0,0,0,0,0,0,0,0,0,0,0,0,0,0,0,0,0,0,0,0,0,0,0,0,0,0,0,0,0,0,0,0,0,0,0,0,0,0,0,0,0,0,0,0,0,0,0,0,0,0,0,0,0,0,0,0,0,0,0,0,0,0,0,0,0,0,0,0,0,0,0,0,0,0,0,0,0,0,0,0,0,0,0,0,0,0,0,0,0,0,0,0,0,0,0,0,0,0,0,0,0,0,0,0,0,0,0,0,0,0,0,0,0,0,0,0,0,0,0,0,0,0,0,0,0,0,0,0,0,0,0,0,0,0,0,0,0,0,0,0,0,0,0,0,0,0,0,0,0,0,0,0,0,0,0,0,0,0,0,0,0,0,0,0,0,0,0,0,0,0,0,0,0,0,0,0,0,0,0,0,0,0,0,0,0,0,0,0,0,0,0,0,0,0,0,0,0,0,0,0,0,0,0,0,0,0,0,0,0,0,0,0,0,0,0,0,0,0,0,0,0,0,0,0,0,0,0,0,0,0,0,0,0,0,0,0,0,0,0,0,0,0,0,0,0,0,0,0,0,0,0,0,0,0,0,0,0,0,0,0,0,0,0,0,0,0,0,0,0,0,0,0,0,0,0,0,0,0,0,0,0,0,0,0,0,0,0,0
x7,0,0,0,0,0,0,0,0,0,0,0,0,0,0,0,0,0,0,0,0,0,0,0,0,0,0,0,0,0,0,0,0,0,0,0,0,0,0,0,0,0,0,0,0,0,0,0,0,0,0,0,0,0,0,0,0,0,0,0,0,0,0,0,0,0,0,0,0,0,0,0,0,0,0,0,0,0,0,0,0,0,0,0,0,0,0,0,0,0,0,0,0,0,0,0,0,0,0,0,0,0,0,0,0,0,0,0,0,0,0,0,0,0,0,0,0,0,0,0,0,0,0,0,0,0,0,0,0,0,0,0,0,0,0,0,0,0,0,0,0,0,0,0,0,0,0,0,0,0,0,0,0,0,0,0,0,0,0,0,0,0,0,0,0,0,0,0,0,0,0,0,0,0,0,0,0,0,0,0,0,0,0,0,0,0,0,0,0,0,0,0,0,0,0,0,0,0,0,0,0,0,0,0,0,0,0,0,0,0,0,0,0,0,0,0,0,0,0,0,0,0,0,0,0,0,0,0,0,0,0,0,0,0,0,0,0,0,0,0,0,0,0,0,0,0,0,0,0,0,0,0,0,0,0,0,0,0,0,0,0,0,0,0,0,0,0,0,0,0,0,0,0,0,0,0,0,0,0,0,0,0,0,0,0,0,0,0,0,0,0,0,0,0,0,0,0,0,0,0,0,0,0,0,0,0,0,0,0,0,0,0,0,0,0,0,0,0,0,0,0,0,0,0,0,0,0,0,0,0,0,0,0,0,0,0,0,0,0,0,0,0,0,0,0,0,0,0,0,0,0,0,0,0,0,0,0,0,0,0,0,0,0,0,0,0,0,0,0,0,0,0,0,0,0,0,0,0,0,0,0,0,0,0,0,0,0,0,0,0,0,0,0,0,0,0,0,0,0,0,0,0,0,0,0,0,0,0,0,0,0,0,0,0,0,0,0,0,0,0,0,0,0,0,0,0,0,0,0,0,0,0,0,0,0,0,0,0,0,0,0,0,0,0,0,0,0,0,0,0,0,0,0,0,0,0,0,0,0,0,0,0,0,0,0,0,0,0,0,0,0,0,0,0,0,0,0,0,0,0,0,0,0,0,0,0,0,0,0,0,0,0,0,0,0,0,0,0,0,0,0,0,0,0,0,0,0,0,0,0,0,0,0,0,0,0,0,0,0,0,0,0,0,0,0,0,0,0,0,0,0,0,0,0,0,0,0,0,0,0,0,0,0,0,0,0,0,0,0,0,0,0,0,0,0,0,0,0,0,0,0,0,0,0,0,0,0,0,0,0,0,0,0,0,0,0,0,0,0,0,0,0,0,0,0,0,0,0,0,0,0,0,0,0,0,0,0,0,0,0,0,0,0,0,0,0,0,0,0,0,0,0,0,0,0,0,0,0,0,0,0,0,0,0,0,0,0,0,0,0,0,0,0,0,0,0,0,0,0,0,0,0,0,0,0,0,0,0,0,0,0,0,0,0,0,0,0,0,0,0,0,0,0,0,0,0,0,0,0,0,0,0,0,0,0,0,0,0,0,0,0,0,0,0,0,0,0,0,0,0,0,0,0,0,0,0,0,0,0,0,0,0,0,0,0,0,0,0,0,0,0,0,0,0,0,0,0,0,0,0,0,0,0,0,0,0,0,0,0,0,0,0,0,0,0,0,0,0,0,0,0,0,0,0,0,0,0,0,0,0,0,0,0,0,0,0,0,0,0,0,0,0,0,0,0,0,0,0,0,0,0,0,0,0,0,0,0,0,0,0,0,0,0,0,0,0,0,0,0,0,0,0,0,0,0,0,0,0,0,0,0,0,0,0,0,0,0,0,0,0,0,0,0,0,0,0,0,0,0,0,0,0,0,0,0,0,0,0,0,0,0,0,0,0,0,0,0,0,0,0,0,0,0,0,0,0,0,0,0,0,0,0,0,0,0,0,0,0,0,0,0,0,0,0,0,0,0,0
x8,0,0,0,0,0,0,0,0,0,0,0,0,0,0,0,0,0,0,0,0,0,0,0,0,0,0,0,0,0,0,0,0,0,0,0,0,0,0,0,0,0,0,0,0,0,0,0,0,0,0,0,0,0,0,0,0,0,0,0,0,0,0,0,0,0,0,0,0,0,0,0,0,0,0,0,0,0,0,0,0,0,0,0,0,0,0,0,0,0,0,0,0,0,0,0,0,0,0,0,0,0,0,0,0,0,0,0,0,0,0,0,0,0,0,0,0,0,0,0,0,0,0,0,0,0,0,0,0,0,0,0,0,0,0,0,0,0,0,0,0,0,0,0,0,0,0,0,0,0,0,0,0,0,0,0,0,0,0,0,0,0,0,0,0,0,0,0,0,0,0,0,0,0,0,0,0,0,0,0,0,0,0,0,0,0,0,0,0,0,0,0,0,0,0,0,0,0,0,0,0,0,0,0,0,0,0,0,0,0,0,0,0,0,0,0,0,0,0,0,0,0,0,0,0,0,0,0,0,0,0,0,0,0,0,0,0,0,0,0,0,0,0,0,0,0,0,0,0,0,0,0,0,0,0,0,0,0,0,0,0,0,0,0,0,0,0,0,0,0,0,0,0,0,0,0,0,0,0,0,0,0,0,0,0,0,0,0,0,0,0,0,0,0,0,0,0,0,0,0,0,0,0,0,0,0,0,0,0,0,0,0,0,0,0,0,0,0,0,0,0,0,0,0,0,0,0,0,0,0,0,0,0,0,0,0,0,0,0,0,0,0,0,0,0,0,0,0,0,0,0,0,0,0,0,0,0,0,0,0,0,0,0,0,0,0,0,0,0,0,0,0,0,0,0,0,0,0,0,0,0,0,0,0,0,0,0,0,0,0,0,0,0,0,0,0,0,0,0,0,0,0,0,0,0,0,0,0,0,0,0,0,0,0,0,0,0,0,0,0,0,0,0,0,0,0,0,0,0,0,0,0,0,0,0,0,0,0,0,0,0,0,0,0,0,0,0,0,0,0,0,0,0,0,0,0,0,0,0,0,0,0,0,0,0,0,0,0,0,0,0,0,0,0,0,0,0,0,0,0,0,0,0,0,0,0,0,0,0,0,0,0,0,0,0,0,0,0,0,0,0,0,0,0,0,0,0,0,0,0,0,0,0,0,0,0,0,0,0,0,0,0,0,0,0,0,0,0,0,0,0,0,0,0,0,0,0,0,0,0,0,0,0,0,0,0,0,0,0,0,0,0,0,0,0,0,0,0,0,0,0,0,0,0,0,0,0,0,0,0,0,0,0,0,0,0,0,0,0,0,0,0,0,0,0,0,0,0,0,0,0,0,0,0,0,0,0,0,0,0,0,0,0,0,0,0,0,0,0,0,0,0,0,0,0,0,0,0,0,0,0,0,0,0,0,0,0,0,0,0,0,0,0,0,0,0,0,0,0,0,0,0,0,0,0,0,0,0,0,0,0,0,0,0,0,0,0,0,0,0,0,0,0,0,0,0,0,0,0,0,0,0,0,0,0,0,0,0,0,0,0,0,0,0,0,0,0,0,0,0,0,0,0,0,0,0,0,0,0,0,0,0,0,0,0,0,0,0,0,0,0,0,0,0,0,0,0,0,0,0,0,0,0,0,0,0,0,0,0,0,0,0,0,0,0,0,0,0,0,0,0,0,0,0,0,0,0,0,0,0,0,0,0,0,0,0,0,0,0,0,0,0,0,0,0,0,0,0,0,0,0,0,0,0,0,0,0,0,0,0,0,0,0,0,0,0,0,0,0,0,0,0,0,0,0,0,0,0,0,0,0,0,0,0,0,0,0,0,0,0,0,0,0,0,0,0,0,0,0,0,0,0,0,0,0,0,0,0,0,0,0,0,0,0,0,0,0,0,0,0,0,0,0,0,0,0,0,0,0,0,0,0,0,0,0,0,0,0,0,0,0,0,0,0,0,0,0,0
x9,0,0,0,0,0,0,0,0,0,0,0,0,0,0,0,0,0,0,0,0,0,0,0,0,0,0,0,0,0,0,0,0,0,0,0,0,0,0,0,0,0,0,0,0,0,0,0,0,0,0,0,0,0,0,0,0,0,0,0,0,0,0,0,0,0,0,0,0,0,0,0,0,0,0,0,0,0,0,0,0,0,0,0,0,0,0,0,0,0,0,0,0,0,0,0,0,0,0,0,0,0,0,0,0,0,0,0,0,0,0,0,0,0,0,0,0,0,0,0,0,0,0,0,0,0,0,0,0,0,0,0,0,0,0,0,0,0,0,0,0,0,0,0,0,0,0,0,0,0,0,0,0,0,0,0,0,0,0,0,0,0,0,0,0,0,0,0,0,0,0,0,0,0,0,0,0,0,0,0,0,0,0,0,0,0,0,0,0,0,0,0,0,0,0,0,0,0,0,0,0,0,0,0,0,0,0,0,0,0,0,0,0,0,0,0,0,0,0,0,0,0,0,0,0,0,0,0,0,0,0,0,0,0,0,0,0,0,0,0,0,0,0,0,0,0,0,0,0,0,0,0,0,0,0,0,0,0,0,0,0,0,0,0,0,0,0,0,0,0,0,0,0,0,0,0,0,0,0,0,0,0,0,0,0,0,0,0,0,0,0,0,0,0,0,0,0,0,0,0,0,0,0,0,0,0,0,0,0,0,0,0,0,0,0,0,0,0,0,0,0,0,0,0,0,0,0,0,0,0,0,0,0,0,0,0,0,0,0,0,0,0,0,0,0,0,0,0,0,0,0,0,0,0,0,0,0,0,0,0,0,0,0,0,0,0,0,0,0,0,0,0,0,0,0,0,0,0,0,0,0,0,0,0,0,0,0,0,0,0,0,0,0,0,0,0,0,0,0,0,0,0,0,0,0,0,0,0,0,0,0,0,0,0,0,0,0,0,0,0,0,0,0,0,0,0,0,0,0,0,0,0,0,0,0,0,0,0,0,0,0,0,0,0,0,0,0,0,0,0,0,0,0,0,0,0,0,0,0,0,0,0,0,0,0,0,0,0,0,0,0,0,0,0,0,0,0,0,0,0,0,0,0,0,0,0,0,0,0,0,0,0,0,0,0,0,0,0,0,0,0,0,0,0,0,0,0,0,0,0,0,0,0,0,0,0,0,0,0,0,0,0,0,0,0,0,0,0,0,0,0,0,0,0,0,0,0,0,0,0,0,0,0,0,0,0,0,0,0,0,0,0,0,0,0,0,0,0,0,0,0,0,0,0,0,0,0,0,0,0,0,0,0,0,0,0,0,0,0,0,0,0,0,0,0,0,0,0,0,0,0,0,0,0,0,0,0,0,0,0,0,0,0,0,0,0,0,0,0,0,0,0,0,0,0,0,0,0,0,0,0,0,0,0,0,0,0,0,0,0,0,0,0,0,0,0,0,0,0,0,0,0,0,0,0,0,0,0,0,0,0,0,0,0,0,0,0,0,0,0,0,0,0,0,0,0,0,0,0,0,0,0,0,0,0,0,0,0,0,0,0,0,0,0,0,0,0,0,0,0,0,0,0,0,0,0,0,0,0,0,0,0,0,0,0,0,0,0,0,0,0,0,0,0,0,0,0,0,0,0,0,0,0,0,0,0,0,0,0,0,0,0,0,0,0,0,0,0,0,0,0,0,0,0,0,0,0,0,0,0,0,0,0,0,0,0,0,0,0,0,0,0,0,0,0,0,0,0,0,0,0,0,0,0,0,0,0,0,0,0,0,0,0,0,0,0,0,0,0,0,0,0,0,0,0,0,0,0,0,0,0,0,0,0,0,0,0,0,0,0,0,0,0,0,0,0,0,0,0,0,0,0,0,0,0,0,0,0,0,0,0,0,0,0,0,0,0,0,0,0,0,0,0,0,0,0,0,0,0,0,0,0,0,0,0,0,0,0,0,0,0,0,0,0,0,0,0,0
