,init_to_steady1_2_0,init_to_steady1_2_1,init_to_steady1_2_2,init_to_steady1_2_3,init_to_steady1_2_4,init_to_steady1_2_5,init_to_steady1_2_6,init_to_steady1_2_7,init_to_steady1_2_8,init_to_steady1_2_9,init_to_steady1_2_10,init_to_steady1_2_11,init_to_steady1_3_0,init_to_steady1_3_1,init_to_steady1_3_2,init_to_steady1_3_3,init_to_steady1_3_4,init_to_steady1_3_5,init_to_steady1_3_6,init_to_steady1_3_7,init_to_steady1_3_8,init_to_steady1_3_9,init_to_steady1_3_10,init_to_steady1_3_11,init_to_steady1_3_12,init_to_steady1_3_13,init_to_steady1_3_14,init_to_steady1_3_15,init_to_steady1_3_16,init_to_steady1_4_0,init_to_steady1_4_1,init_to_steady1_4_2,init_to_steady1_4_3,init_to_steady1_4_4,init_to_steady1_4_5,init_to_steady1_4_6,init_to_steady1_4_7,init_to_steady1_4_8,init_to_steady1_4_9,init_to_steady1_4_10,init_to_steady1_4_11,init_to_steady1_4_12,init_to_steady1_4_13,init_to_steady1_4_14,init_to_steady1_4_15,init_to_steady1_4_16,init_to_steady1_4_17,init_to_steady1_4_18,init_to_steady1_4_19,init_to_steady1_4_20,init_to_steady1_4_21,init_to_steady1_4_22,init_to_steady1_4_23,init_to_steady1_5_0,init_to_steady1_5_1,init_to_steady1_5_2,init_to_steady1_5_3,init_to_steady1_5_4,init_to_steady1_5_5,init_to_steady1_5_6,init_to_steady1_5_7,init_to_steady1_5_8,init_to_steady1_5_9,init_to_steady1_5_10,init_to_steady1_5_11,init_to_steady1_5_12,init_to_steady1_5_13,init_to_steady1_5_14,init_to_steady1_5_15,init_to_steady1_5_16,init_to_steady1_5_17,init_to_steady1_5_18,init_to_steady1_5_19,init_to_steady1_5_20,init_to_steady1_5_21,init_to_steady1_5_22,init_to_steady1_5_23,init_to_steady1_5_24,init_to_steady1_5_25,init_to_steady1_5_26,init_to_steady1_5_27,init_to_steady1_5_28,init_to_steady1_5_29,init_to_steady1_5_30,init_to_steady1_6_0,init_to_steady1_6_1,init_to_steady1_6_2,init_to_steady1_6_3,init_to_steady1_6_4,init_to_steady1_6_5,init_to_steady1_6_6,init_to_steady1_6_7,init_to_steady1_6_8,init_to_steady1_6_9,init_to_steady1_6_10,init_to_steady1_6_11,init_to_steady1_6_12,init_to_steady1_6_13,init_to_steady1_6_14,init_to_steady1_6_15,init_to_steady1_6_16,init_to_steady1_6_17,init_to_steady1_6_18,init_to_steady1_6_19,init_to_steady1_6_20,init_to_steady1_6_21,init_to_steady1_6_22,init_to_steady1_6_23,init_to_steady1_6_24,init_to_steady1_6_25,init_to_steady1_6_26,init_to_steady1_6_27,init_to_steady1_6_28,init_to_steady1_6_29,init_to_steady1_6_30,init_to_steady1_6_31,init_to_steady1_6_32,init_to_steady1_6_33,init_to_steady1_6_34,init_to_steady1_6_35,init_to_steady1_6_36,init_to_steady1_6_37,init_to_steady1_6_38,init_to_steady1_6_39,init_to_steady1_6_40,init_to_steady1_6_41,init_to_steady1_6_42,init_to_steady1_6_43,init_to_steady1_6_44,init_to_steady1_6_45,init_to_steady1_6_46,init_to_steady1_6_47,init_to_steady1_6_48,init_to_steady1_6_49,init_to_steady1_6_50,init_to_steady1_6_51,init_to_steady1_6_52,init_to_steady1_6_53,init_to_steady1_6_54,init_to_steady1_6_55,init_to_steady1_6_56,init_to_steady1_7_0,init_to_steady1_7_1,init_to_steady1_7_2,init_to_steady1_7_3,init_to_steady1_7_4,init_to_steady1_7_5,init_to_steady1_7_6,init_to_steady1_7_7,init_to_steady1_7_8,init_to_steady1_7_9,init_to_steady1_7_10,init_to_steady1_7_11,init_to_steady1_7_12,init_to_steady1_7_13,init_to_steady1_7_14,init_to_steady1_7_15,init_to_steady1_7_16,init_to_steady1_7_17,init_to_steady1_7_18,init_to_steady1_7_19,init_to_steady1_7_20,init_to_steady1_7_21,init_to_steady1_7_22,init_to_steady1_7_23,init_to_steady1_7_24,init_to_steady1_7_25,init_to_steady1_7_26,init_to_steady1_7_27,init_to_steady1_7_28,init_to_steady1_7_29,init_to_steady1_7_30,init_to_steady1_7_31,init_to_steady1_7_32,init_to_steady1_7_33,init_to_steady1_7_34,init_to_steady1_7_35,init_to_steady1_7_36,init_to_steady1_7_37,init_to_steady1_7_38,init_to_steady1_7_39,init_to_steady1_7_40,init_to_steady1_7_41,init_to_steady1_7_42,init_to_steady1_7_43,init_to_steady1_7_44,init_to_steady1_7_45,init_to_steady1_7_46,init_to_steady1_7_47,init_to_steady1_7_48,init_to_steady1_7_49,init_to_steady1_7_50,init_to_steady1_7_51,init_to_steady1_8_0,init_to_steady1_8_1,init_to_steady1_8_2,init_to_steady1_8_3,init_to_steady1_8_4,init_to_steady1_8_5,init_to_steady1_8_6,init_to_steady1_8_7,init_to_steady1_8_8,init_to_steady1_8_9,init_to_steady1_8_10,init_to_steady1_8_11,init_to_steady1_8_12,init_to_steady1_8_13,init_to_steady1_8_14,init_to_steady1_8_15,init_to_steady1_8_16,init_to_steady1_8_17,init_to_steady1_8_18,init_to_steady1_8_19,init_to_steady1_8_20,init_to_steady1_8_21,init_to_steady1_8_22,init_to_steady1_8_23,init_to_steady1_8_24,init_to_steady1_8_25,init_to_steady1_8_26,init_to_steady1_8_27,init_to_steady1_8_28,init_to_steady1_8_29,init_to_steady1_8_30,init_to_steady1_8_31,init_to_steady1_8_32,init_to_steady1_8_33,init_to_steady1_8_34,init_to_steady1_8_35,init_to_steady1_8_36,init_to_steady1_8_37,init_to_steady1_8_38,init_to_steady1_8_39,init_to_steady1_8_40,init_to_steady1_8_41,init_to_steady1_8_42,init_to_steady1_8_43,init_to_steady1_8_44,init_to_steady1_8_45,init_to_steady1_8_46,init_to_steady1_8_47,init_to_steady1_8_48,init_to_steady1_8_49,init_to_steady1_8_50,init_to_steady1_8_51,init_to_steady1_8_52,init_to_steady1_8_53,init_to_steady1_8_54,init_to_steady1_8_55,init_to_steady1_9_0,init_to_steady1_9_1,init_to_steady1_9_2,init_to_steady1_9_3,init_to_steady1_9_4,init_to_steady1_9_5,init_to_steady1_9_6,init_to_steady1_9_7,init_to_steady1_9_8,init_to_steady1_9_9,init_to_steady1_9_10,init_to_steady1_9_11,init_to_steady1_9_12,init_to_steady1_9_13,init_to_steady1_9_14,init_to_steady1_9_15,init_to_steady1_9_16,init_to_steady1_9_17,init_to_steady1_9_18,init_to_steady1_9_19,init_to_steady1_9_20,init_to_steady1_9_21,init_to_steady1_9_22,init_to_steady1_9_23,init_to_steady1_9_24,init_to_steady1_9_25,init_to_steady1_9_26,init_to_steady1_9_27,init_to_steady1_9_28,init_to_steady1_9_29,init_to_steady1_9_30,init_to_steady1_9_31,init_to_steady1_9_32,init_to_steady1_9_33,init_to_steady1_9_34,init_to_steady1_9_35,init_to_steady1_9_36,init_to_steady1_9_37,init_to_steady1_9_38,init_to_steady1_9_39,init_to_steady1_9_40,init_to_steady1_9_41,init_to_steady1_9_42,init_to_steady1_9_43,init_to_steady1_9_44,init_to_steady1_9_45,init_to_steady1_9_46,init_to_steady1_9_47,init_to_steady1_9_48,init_to_steady1_9_49,init_to_steady1_9_50,init_to_steady1_9_51,init_to_steady1_9_52,init_to_steady1_9_53,init_to_steady1_9_54,init_to_steady1_9_55,init_to_steady1_9_56,init_to_steady1_9_57,init_to_steady1_9_58,init_to_steady1_9_59,init_to_steady1_9_60,init_to_steady1_9_61,init_to_steady1_9_62,init_to_steady1_9_63,init_to_steady1_9_64,init_to_steady1_9_65,init_to_steady1_9_66,init_to_steady1_9_67,init_to_steady1_9_68,init_to_steady1_9_69,init_to_steady1_9_70,init_to_steady1_15_0,init_to_steady1_15_1,init_to_steady1_16_0,init_to_steady1_17_0,init_to_steady1_17_1,init_to_steady1_17_2,init_to_steady1_18_0,init_to_steady1_18_1,init_to_steady1_18_2,init_to_steady1_18_3,init_to_steady1_18_4,init_to_steady1_18_5,init_to_steady1_18_6,init_to_steady1_18_7,init_to_steady1_18_8,steady1_0,steady1_1,steady1_2,steady1_3,steady1_4,steady1_5,steady1_6,steady1_7,steady1_8,steady1_9,steady1_10,steady1_11,steady1_12,steady1_13,steady1_14,steady1_15,steady1_16,steady1_17,steady1_18,steady1_19,steady1_20,steady1_21,steady1_22,steady1_23,steady1_24,steady1_25,steady1_26,steady1_27,steady1_28,steady1_29,steady1_30,steady1_31,steady1_32,steady1_33,steady1_34,steady1_35,steady1_36,steady1_37,steady1_38,steady1_39,steady1_40,steady1_41,steady1_42,steady1_43,steady1_44,steady1_45,steady1_46,steady1_47,steady1_48,steady1_49,steady1_50,steady1_51,steady1_52,steady1_53,steady1_54,steady1_55,steady1_56,steady1_57,steady1_58,steady1_59,steady1_60,steady1_61,steady1_62,steady1_63,steady1_64,steady1_65,steady1_66,steady1_67,steady1_68,steady1_69,steady1_70,steady1_71,steady1_72,steady1_73,steady1_74,steady1_75,steady1_76,steady1_77,steady1_78,steady1_79,steady1_80,steady1_81,steady1_82,steady1_83,steady1_84,steady1_85,steady1_86,steady1_87,steady1_88,steady1_89,steady1_90,steady1_91,steady1_92,steady1_93,steady1_94,steady1_95,steady1_96,steady1_97,steady1_98,steady1_99,steady1_100,steady1_101,steady1_102,steady1_103,steady1_104,steady1_105,steady1_106,steady1_107,steady1_108,steady1_109,steady1_110,steady1_111,steady1_112,steady1_113,steady1_114,steady1_115,steady1_116,steady1_117,steady1_118,steady1_119,steady1_120,steady1_121,steady1_122,steady1_123,steady1_124,steady1_125,steady1_126,steady1_127,steady1_128,steady1_129,steady1_130,steady1_131,steady1_132,steady1_133,steady1_134,steady1_135,steady1_136,steady1_137,steady1_138,steady1_139,steady1_140,steady1_141,steady1_142,steady1_143,steady1_144,steady1_145,steady1_146,steady1_147,steady1_148,steady1_149,steady1_150,steady1_151,steady1_152,steady1_153,steady1_154,steady1_155,steady1_156,steady1_157,steady1_158,steady1_159,steady1_160,steady1_161,steady1_162,steady1_163,steady1_164,steady1_165,steady1_166,steady1_167,steady1_168,steady1_169,steady1_170,steady1_171,steady1_172,steady1_173,steady1_174,steady1_175,steady1_176,steady1_177,steady1_178,steady1_179,steady1_180,steady1_181,steady1_182,steady1_183,steady1_184,steady1_185,steady1_186,steady1_187,steady1_188,steady1_189,steady1_190,steady1_191,steady1_192,steady1_193,steady1_194,steady1_195,steady1_196,steady1_197,steady1_198,steady1_199,steady1_200,steady1_201,steady1_202,steady1_203,steady1_204,steady1_205,steady1_206,steady1_207,steady1_208,steady1_209,steady1_210,steady1_211,steady1_212,steady1_213,steady1_214,steady1_215,steady1_216,steady1_217,steady1_218,steady1_219,steady1_220,steady1_221,steady1_222,steady1_223,steady1_224,steady1_225,steady1_226,steady1_227,steady1_228,steady1_229,steady1_230,steady1_231,steady1_232,steady1_233,steady1_234,steady1_235,steady1_236,steady1_237,steady1_238,steady1_239,steady1_240,steady1_241,steady1_242,steady1_243,steady1_244,steady1_245,steady1_246,steady1_247,steady1_248,steady1_249,steady1_250,steady1_251,steady1_252,steady1_253,steady1_254,steady1_255,steady1_256,steady1_257,steady1_258,steady1_259,steady1_260,steady1_261,steady1_262,steady1_263,steady1_264,steady1_265,steady1_266,steady1_267,steady1_268,steady1_269,steady1_270,steady1_271,steady1_272,steady1_273,steady1_274,steady1_275,steady1_276,steady1_277,steady1_278,steady1_279,steady1_280,steady1_281,steady1_282,steady1_283,steady1_284,steady1_285,steady1_286,steady1_287,steady1_288,steady1_289,steady1_290,steady1_291,steady1_292,steady1_293,steady1_294,steady1_295,steady1_296,steady1_297,steady1_298,steady1_299,steady1_300,steady1_301,steady1_302,steady1_303,steady1_304,steady1_305,steady1_306,steady1_307,steady1_308,steady1_309,steady1_310,steady1_311,steady1_312,steady1_313,steady1_314,steady1_315,steady1_316,steady1_317,steady1_318,steady1_319,steady1_320,steady1_321,steady1_322,steady1_323,steady1_324,steady1_325,steady1_326,steady1_327,steady1_328,steady1_329,steady1_330,steady1_331,steady1_332,steady1_333,steady1_334,steady1_335,steady1_336,steady1_337,steady1_338,steady1_339,steady1_340,steady1_341,steady1_342,steady1_343,steady1_344,steady1_345,steady1_346,steady1_347,steady1_348,steady1_349,steady1_350,steady1_351,steady1_352,steady1_353,steady1_354,steady1_355,steady1_356,steady1_357,steady1_358,steady1_359,steady1_360,steady1_361,steady1_362,steady1_363,steady1_364,steady1_365,steady1_366,steady1_367,steady1_368,steady1_369,steady1_370,steady1_371,steady1_372,steady1_373,steady1_374,steady1_375,steady1_376,steady1_377,steady1_378,steady1_379,steady1_380,steady1_381,steady1_382,steady1_383,steady1_384,steady1_385,steady1_386,steady1_387,steady1_388,steady1_389,steady1_390,steady1_391,steady1_392,steady1_393,steady1_394,steady1_395,steady1_396,steady1_397,steady1_398,steady1_399,steady1_400,steady1_401,steady1_402,steady1_403,steady1_404,steady1_405,steady1_406,steady1_407,steady1_408,steady1_409,steady1_410,steady1_411,steady1_412,steady1_413,steady1_414,steady1_415,steady1_416,steady1_417,steady1_418,steady1_419,steady1_420,steady1_421,steady1_422,steady1_423,steady1_424,steady1_425,steady1_426,steady1_427,steady1_428,steady1_429,steady1_430,steady1_431,steady1_432,steady1_433,steady1_434,steady1_435,steady1_436,steady1_437,steady1_438,steady1_439,steady1_440,steady1_441,steady1_442,steady1_443,steady1_444,steady1_445,steady1_446,steady1_447,steady1_448,steady1_449,steady1_450,steady1_451,steady1_452,steady1_453,steady1_454,steady1_455,steady1_456,steady1_457,steady1_458,steady1_459,steady1_460,steady1_461,steady1_462,steady1_463,steady1_464,steady1_465,steady1_466,steady1_467,steady1_468,steady1_469,steady1_470,steady1_471,steady1_472,steady1_473,steady1_474,steady1_475,steady1_476,steady1_477,steady1_478,steady1_479,steady1_480,steady1_481,steady1_482,steady1_483,steady1_484,steady1_485,steady1_486,steady1_487,steady1_488,steady1_489,steady1_490,steady1_491,steady1_492,steady1_493,steady1_494,steady1_495,steady1_496,steady1_497,steady1_498,steady1_499,steady1_500,steady1_501,steady1_502,steady1_503,steady1_504,steady1_505,steady1_506,steady1_507,steady1_508,steady1_509,steady1_510,steady1_511,steady1_512,steady1_513,steady1_514,steady1_515,steady1_516,steady1_517,steady1_518,steady1_519,steady1_520,steady1_521,steady1_522,steady1_523,steady1_524,steady1_525,steady1_526,steady1_527,steady1_528,steady1_529,steady1_530,steady1_531,steady1_532,steady1_533,steady1_534,steady1_535,steady1_536,steady1_537,steady1_538,steady1_539,steady1_540,steady1_541,steady1_542,steady1_543
x0,0,0,0,0,0,0,0,0,0,0,0,0,0,0,0,0,0,0,0,0,0,0,0,0,0,0,0,0,0,0,0,0,0,0,0,0,0,0,0,0,0,0,0,0,0,0,0,0,0,0,0,0,0,0,0,2,0,7,3,21,44,18,0,0,0,1,1,0,5,4,2,0,0,3,0,3,1,1,3,28,0,9,0,5,0,8,248,3,23,0,16,1,0,0,1,0,0,0,4,0,0,0,0,0,0,0,0,3,0,0,7,1,6,0,1,65,0,6,0,0,1,0,59,0,0,1,0,0,28,0,0,0,4,1,3,1,2,6,0,37,0,1,7,1,0,1,4,0,10,0,3,1,4,35,1,1,1,19,0,0,0,1,33,3,3,2,11,0,0,11,0,0,0,1,0,1,0,0,0,0,2,0,8,1,2,0,0,0,1,0,7,0,0,0,27,0,0,6,1,0,1,0,0,1,0,8,1,0,0,0,1,1,6,1,0,0,4,0,5,0,0,1,8,0,0,4,0,0,0,0,1,31,0,10,0,0,0,1,0,22,0,0,2,0,0,0,0,31,58,0,0,4,3,10,0,25,7,0,3,0,15,8,0,0,0,1,5,0,0,9,0,1,64,6,1,0,3,0,1,2,0,0,1,4,0,2,1,12,2,5,2,2,2,0,0,1,0,3,0,9,0,0,0,0,0,2,9,13,1,0,1,0,12,0,0,0,0,12,0,0,0,0,4,6,2,16,5,0,1,0,0,2,33,0,5,0,1,16,36,8,1,5,6,15,1,0,3,2,0,0,0,0,0,33,1,0,0,0,0,1,1,0,0,4,1,6,0,0,5,0,0,0,0,0,34,0,0,0,7,0,23,2,0,0,0,0,0,12,0,0,0,0,0,1,0,0,1,2,0,1,0,2,0,0,1,2,0,7,0,2,1,0,1,0,0,0,10,1,60,0,0,0,2,0,1,0,0,0,0,0,0,0,1,0,9,0,2,10,0,1,30,0,3,59,0,8,0,1,0,0,0,0,0,0,4,1,1,5,0,0,1,6,1,0,3,4,0,43,11,0,3,5,0,1,0,0,6,3,0,1,0,3,2,3,1,0,0,0,0,3,0,0,2,0,1,3,9,2,21,12,0,0,0,0,0,0,0,5,2,0,1,1,9,0,3,0,0,1,0,0,1,2,0,0,0,70,2,0,0,0,0,1,0,3,23,0,9,0,0,1,58,9,0,0,1,0,2,0,0,0,3,1,0,0,10,5,3,0,0,3,0,0,0,0,0,0,0,0,1,0,4,0,2,0,0,0,0,0,0,3,0,0,0,2,0,1,3,1,2,1,0,9,0,0,12,1,0,3,0,1,0,0,2,0,0,0,0,1,11,1,1,0,0,0,2,1,3,1,2,0,0,5,1,8,0,2,0,0,0,4,6,2,0,4,0,0,0,0,6,2,5,2,1,0,6,2,0,0,0,6,1,0,4,14,0,2,0,4,12,14,0,0,13,0,1,3,21,0,0,0,1,6,4,1,3,0,0,4,0,1,2,2,22,2,2,1,29,0,1,1,2,1,0,0,5,0,18,1,0,0,1,13,0,3,2,43,0,0,1,0,12,0,8,0,4,2,0,2,0,0,1,0,3,13,8,2,2,0,4,0,0,0,0,0,3,4,1,0,0,21,9,3,1,0,8,0,4,0,0,0,1,0,1,0,0,0,1,14,0,1,0,0,0,0,1,0,0,0,0,0,55,0,0,0,1,0,0,0,6,2,0,0,3,8,1,0,22,0,0,2,0,24,0,1,1,1,0,9,7,2,0,0,14,3,0,1,3,2,4,0,1,0,1,0,6,0,0,1,1,0,3,0,4,1,1,3,4,0,0,0,23,0,0,0,0,0,1,1,0,1,0,1,0,2,1,0,4,2,0,4,0,0,23,49,0,0,0,1,3,1,0,0,6,0,0,0,9,0,0,0,0,0,2,1,11,2,0,0,0
x1,0,0,0,0,0,0,0,0,1,0,1,0,0,3,1,2,0,7,0,1,0,0,0,0,0,0,0,0,0,0,0,0,0,0,1,0,0,0,1,0,3,0,13,2,0,0,0,0,0,0,0,4,0,0,0,0,0,5,0,0,0,3,0,0,0,0,0,0,0,1,0,0,0,0,0,0,0,0,0,2,0,0,0,3,1,0,1,0,1,0,1,0,0,0,0,0,1,0,1,0,0,0,0,0,0,0,0,0,0,0,0,0,0,0,0,1,0,1,0,0,0,0,1,0,0,0,0,0,2,0,0,0,0,0,0,2,0,3,1,0,0,0,0,0,0,0,0,0,0,0,0,2,2,1,1,0,1,0,0,0,0,0,5,0,0,2,1,0,0,3,0,2,0,0,0,0,0,0,0,0,0,0,2,0,0,3,0,0,19,0,0,0,0,0,4,0,0,0,1,0,1,0,0,0,0,1,1,0,0,0,1,0,0,1,1,0,4,0,0,0,0,2,2,0,0,0,0,0,0,0,0,3,0,0,0,0,0,3,0,0,0,0,0,0,0,0,0,2,4,0,0,0,11,1,0,2,2,0,1,0,1,1,0,0,0,0,0,0,3,0,0,0,1,2,0,0,0,3,2,0,0,0,0,2,0,0,1,0,0,2,0,2,0,0,0,2,0,0,0,1,1,0,0,0,0,0,0,4,1,0,2,0,0,0,1,1,3,11,0,0,0,0,1,0,1,0,1,0,0,0,0,1,0,0,1,0,2,1,2,0,1,0,0,6,2,0,0,0,0,0,0,0,0,2,0,0,0,0,0,1,2,0,0,3,0,2,4,0,0,0,0,0,0,8,1,1,0,0,2,0,1,0,0,0,0,0,0,0,0,4,0,0,0,0,2,1,0,0,0,1,0,0,0,0,0,0,0,0,0,0,1,0,0,0,0,0,1,0,1,0,0,0,0,0,0,0,0,0,0,0,0,0,0,0,6,0,9,1,0,1,3,5,0,2,0,5,0,0,0,0,0,0,0,0,0,1,0,0,0,0,0,0,0,0,2,0,1,2,3,1,0,0,0,0,0,0,2,0,0,0,0,6,2,3,0,0,0,0,0,1,0,0,1,0,5,1,5,2,1,1,0,0,0,0,0,0,0,1,1,0,0,0,2,0,0,0,0,5,0,0,0,0,0,0,0,0,0,0,8,0,0,0,0,0,0,0,0,0,0,1,2,0,0,0,0,0,0,0,0,0,0,1,0,1,2,0,2,0,0,0,0,0,0,0,0,0,0,2,0,0,1,0,1,0,0,0,0,0,0,2,0,0,0,0,0,0,0,0,0,0,0,0,0,0,4,0,0,2,0,0,0,1,1,0,0,0,0,1,0,0,0,0,0,0,0,1,0,0,0,1,0,0,0,1,0,0,0,0,0,0,3,0,0,0,0,0,1,0,1,0,1,1,0,0,0,0,0,0,0,0,0,0,0,1,0,0,0,0,1,1,0,1,4,0,0,0,1,0,0,1,0,8,0,0,0,0,0,7,3,0,0,0,1,0,0,0,0,2,0,0,0,0,0,0,0,0,0,0,0,0,0,2,0,0,0,3,0,0,0,0,0,3,0,0,1,0,0,4,0,0,0,0,0,0,0,0,0,0,1,0,0,0,0,0,0,0,0,0,0,1,1,1,1,0,4,0,0,0,0,0,0,0,0,0,0,0,0,1,0,0,0,0,0,0,0,0,4,6,0,0,1,0,0,0,0,1,0,0,3,1,0,0,0,1,0,5,2,0,0,0,2,1,0,0,0,0,0,0,0,0,0,0,0,1,0,0,0,0,1,0,4,0,2,6,0,0,0,0,0,0,0,0,0,0,0,3,3,1,0,0,0,0,0,0,0,0,0,0,4,0,1,0,0,2,0,1,0,1,0,0,0,0,2,6,0,2,0,1,0,0,0,0,4,0,0,2,0,0,0,0,0,0,0,0,1,0,0,1,0
x10,4,6,3,1,1,6,2,5,255,22,71,3,6,19,31,52,7,2,14,89,0,5,1,0,12,1,7,1,0,63,1,9,4,2,65,2,4,9,18,4,10,2,22,25,14,29,3,3,48,0,76,35,12,2,4,3,12,20,223,61,4,8,86,2,3,20,7,8,20,65,1,1,1,6,8,5,30,5,2,4,0,0,3,30,15,7,6,9,11,2,5,3,0,10,0,0,131,0,3,3,0,5,176,0,12,0,1,63,0,6,7,10,10,3,24,15,0,8,1,1,5,0,7,0,1,2,12,0,26,1,12,0,166,644,2,3,19,82,8,14,1,15,4,8,0,0,5,8,5,0,0,2,203,41,124,174,98,8,1,0,0,2,5,42,6,12,22,0,2,82,1,6,22,5,0,97,0,1,2,16,3,4,20,0,3,116,2,0,496,0,0,3,0,0,0,0,0,0,0,0,1,0,0,0,0,0,1,0,0,0,0,0,0,2,0,0,0,0,0,0,0,1,0,0,1,0,0,0,0,0,0,2,0,0,0,0,0,0,0,0,0,0,0,0,0,0,0,1,0,0,0,0,0,0,0,0,0,0,0,0,0,1,0,0,0,0,0,0,1,0,0,0,0,2,0,0,0,0,2,0,0,0,0,0,0,0,0,0,0,0,0,0,0,0,0,0,0,1,0,0,0,0,0,0,0,0,0,0,0,0,0,0,1,0,0,0,0,3,0,0,0,0,1,0,0,0,0,0,0,0,0,0,0,0,0,0,3,1,0,0,1,0,0,2,0,0,1,0,0,0,0,0,0,1,0,0,0,0,0,0,1,0,0,1,0,0,1,0,0,0,0,0,0,2,2,0,0,0,0,0,0,0,0,1,0,0,0,0,0,0,0,0,0,0,1,0,0,0,0,0,0,0,0,0,0,0,0,0,0,0,0,0,0,0,0,0,0,0,3,0,0,0,0,0,0,0,0,0,0,0,0,0,0,0,0,3,0,1,0,0,4,0,0,0,0,0,0,0,0,0,0,0,0,0,0,0,0,0,0,0,0,0,0,1,0,0,0,0,2,0,0,0,0,0,0,0,0,1,0,0,0,0,2,0,0,0,0,0,0,0,0,0,1,0,0,1,1,0,3,0,0,0,0,0,0,0,0,1,0,0,0,0,0,0,0,0,0,0,0,0,0,0,0,0,0,0,0,0,0,0,0,0,0,0,1,0,0,0,0,2,0,0,0,0,0,0,0,0,0,0,0,0,0,0,0,0,0,0,0,0,0,0,1,0,0,0,0,1,0,0,0,0,0,0,0,0,0,0,0,1,0,0,1,0,0,0,0,0,0,0,0,0,0,0,0,0,0,0,0,0,0,0,1,0,0,0,0,0,1,2,0,0,1,0,0,0,0,0,0,0,0,0,0,0,0,0,0,0,0,0,2,0,0,0,0,0,0,0,1,0,0,0,0,0,0,0,0,0,0,0,0,0,0,1,0,0,0,0,0,0,0,0,0,0,0,0,0,0,0,2,1,0,0,0,0,0,0,0,0,0,0,1,2,0,0,0,3,0,0,0,0,0,0,0,0,0,0,0,0,0,0,0,1,0,0,0,0,0,0,0,0,0,0,0,0,0,0,0,0,0,0,0,0,0,0,0,0,0,1,0,0,0,0,0,0,0,0,0,0,2,1,0,0,0,0,0,0,0,0,0,0,0,0,0,0,0,0,1,0,0,0,0,0,0,0,0,0,0,0,1,0,0,0,0,0,1,0,0,5,1,0,0,0,0,0,0,0,0,0,0,0,1,0,0,0,0,0,0,0,0,0,0,1,0,0,1,2,0,2,0,2,0,0,1,0,0,0,0,0,0,0,0,0,0,0,0,0,0,0,0,2,0,0,0,0,0,0,0,0,0,0,0,0,0,0,0,0,0,0,0,0,0,0,1,0,0,0,0,0,0,0,0,1,0,0,0,0,0,0,0,0,0,0,0,0,0,0,0,0
x11,0,0,0,0,0,0,0,0,0,0,0,0,0,0,0,0,0,0,0,0,0,0,0,0,0,0,0,0,0,0,0,0,0,0,0,0,0,0,0,0,0,0,0,0,0,0,0,0,0,0,0,0,0,0,0,0,0,0,0,0,0,0,0,0,0,0,0,0,0,0,0,0,0,0,0,0,0,0,0,0,0,0,0,0,0,0,0,0,0,0,0,0,0,0,0,0,0,0,0,0,0,0,0,0,0,0,0,0,0,0,0,0,0,0,0,0,0,0,0,0,0,0,0,0,0,0,0,0,0,0,0,0,0,0,0,0,0,0,0,0,0,0,0,0,0,0,0,0,0,0,0,0,0,0,0,0,0,0,0,0,0,0,0,0,0,0,0,0,0,0,0,0,0,0,0,0,0,0,0,0,0,0,0,0,0,0,0,0,0,0,0,0,0,0,0,0,0,0,0,0,0,0,0,0,0,0,0,0,0,0,0,0,0,0,0,0,0,0,0,0,0,0,0,0,0,0,0,0,0,0,0,0,0,0,0,0,0,0,0,0,0,0,0,0,0,0,0,0,0,0,0,0,0,0,0,0,0,0,0,0,0,0,0,0,0,0,0,0,0,0,0,0,0,0,0,0,0,0,0,0,0,0,0,0,0,0,0,0,0,0,0,0,0,0,0,0,0,0,0,0,0,0,0,0,0,0,0,0,0,0,0,0,0,0,0,0,0,0,0,0,0,0,0,0,0,0,0,0,0,0,0,0,0,0,0,0,0,0,0,0,0,0,0,0,0,0,0,0,0,0,0,0,0,0,0,0,0,0,0,0,0,0,0,0,0,0,0,0,0,0,0,0,0,0,0,0,0,0,0,0,0,0,0,0,0,0,0,0,0,0,0,0,0,0,0,0,0,0,0,0,0,0,0,0,0,0,0,0,0,0,0,0,0,0,0,0,0,0,0,0,0,0,0,0,0,0,0,0,0,0,0,0,0,0,0,0,0,0,0,0,0,0,0,0,0,0,0,0,0,0,0,0,0,0,0,0,0,0,0,0,0,0,0,0,0,0,0,0,0,0,0,0,0,0,0,0,0,0,0,0,0,0,0,0,0,0,0,0,0,0,0,0,0,0,0,0,0,0,0,0,0,0,0,0,0,0,0,0,0,0,0,0,0,0,0,0,0,0,0,0,0,0,0,0,0,0,0,0,0,0,0,0,0,0,0,0,0,0,0,0,0,0,0,0,0,0,0,0,0,0,0,0,0,0,0,0,0,0,0,0,0,0,0,0,0,0,0,0,0,0,0,0,0,0,0,0,0,0,0,0,0,0,0,0,0,0,0,0,0,0,0,0,0,0,0,0,0,0,0,0,0,0,0,0,0,0,0,0,0,0,0,0,0,0,0,0,0,0,0,0,0,0,0,0,0,0,0,0,0,0,0,0,0,0,0,0,0,0,0,0,0,0,0,0,0,0,0,0,0,0,0,0,0,0,0,0,0,0,0,0,0,0,0,0,0,0,0,0,0,0,0,0,0,0,0,0,0,0,0,0,0,0,0,0,0,0,0,0,0,0,0,0,0,0,0,0,0,0,0,0,0,0,0,0,0,0,0,0,0,0,0,0,0,0,0,0,0,0,0,0,0,0,0,0,0,0,0,0,0,0,0,0,0,0,0,0,0,0,0,0,0,0,0,0,0,0,0,0,0,0,0,0,0,0,0,0,0,0,0,0,0,0,0,0,0,0,0,0,0,0,0,0,0,0,0,0,0,0,0,0,0,0,0,0,0,0,0,0,0,0,0,0,0,0,0,0,0,0,0,0,0,0,0,0,0,0,0,0,0,0,0,0,0,0,0,0,0,0,0,0,0,0,0,0,0,0,0,0,0,0,0,0,0,0,0,0,0,0,0,0,0,0,0,0,0,0,0,0,0,0,0,0,0,0,0,0,0,0,0,0,0,0,0,0,0,0,0,0,0,0,0,0,0,0,0,0,0,0,0
x12,0,0,0,0,0,0,0,0,0,0,0,0,0,0,0,0,0,0,0,0,0,0,0,0,0,0,0,0,0,0,0,0,0,0,0,0,0,0,0,0,0,0,0,0,0,0,0,0,0,0,0,0,0,0,0,0,0,0,0,0,0,0,0,0,0,0,0,0,0,0,0,0,0,0,0,0,0,0,0,0,0,0,0,0,0,0,0,0,0,0,0,0,0,0,0,0,0,0,0,0,0,0,0,0,0,0,0,0,0,0,0,0,0,0,0,0,0,0,0,0,0,0,0,0,0,0,0,0,0,0,0,0,1,0,0,0,0,0,0,0,0,0,0,0,0,0,0,0,0,0,0,0,0,0,0,0,0,0,0,0,0,0,0,0,0,0,0,0,0,0,0,0,0,0,0,0,0,0,0,0,0,0,0,0,0,0,0,0,0,0,0,0,0,0,0,0,0,0,0,0,0,0,0,0,0,0,0,0,0,0,0,0,0,0,0,0,0,0,0,0,0,0,0,0,0,0,0,0,0,0,0,0,0,0,0,0,0,0,0,0,0,0,0,0,0,0,0,0,0,0,0,0,0,0,0,0,0,0,0,0,0,0,0,0,0,0,0,0,0,0,0,0,0,0,0,0,0,0,0,0,0,0,0,0,0,0,0,0,0,0,0,0,0,0,0,0,0,0,0,0,0,0,0,0,0,0,0,0,0,0,0,0,0,0,0,0,0,0,0,0,0,0,0,0,0,0,0,0,0,0,0,0,0,0,0,0,0,0,0,0,0,0,0,0,0,0,0,0,0,0,0,0,0,0,0,0,0,0,0,0,0,0,0,0,0,0,0,0,0,0,0,0,0,0,0,0,0,0,0,0,0,0,0,0,0,0,0,0,0,0,0,0,0,0,0,0,0,0,0,0,0,0,0,0,0,0,0,0,0,0,0,0,0,0,0,0,0,0,0,0,0,0,0,0,0,0,0,0,0,0,0,0,0,0,0,0,0,0,0,0,0,0,0,0,0,0,0,0,0,0,0,0,0,0,0,0,0,0,0,0,0,0,0,0,0,0,0,0,0,0,0,0,0,0,0,0,0,0,0,0,0,0,0,0,0,0,0,0,0,0,0,0,0,0,0,0,0,0,0,0,0,0,0,0,0,0,0,0,0,0,0,0,0,0,0,0,0,0,0,0,0,0,0,0,0,0,0,0,0,0,0,0,0,0,0,0,0,0,0,0,0,0,0,0,0,0,0,0,0,0,0,0,0,0,0,0,0,0,0,0,0,0,0,0,0,0,0,0,0,0,0,0,0,0,0,0,0,0,0,0,0,0,0,0,0,0,0,0,0,0,0,0,0,0,0,0,0,0,0,0,0,0,0,0,0,0,0,0,0,0,0,0,0,0,0,0,0,0,0,0,0,0,0,0,0,0,0,0,0,0,0,0,0,0,0,0,0,0,0,0,0,0,0,0,0,0,0,0,0,0,0,0,0,0,0,0,0,0,0,0,0,0,0,0,0,0,0,0,0,0,0,0,0,0,0,0,0,0,0,0,0,0,0,0,0,0,0,0,0,0,0,0,0,0,0,0,0,0,0,0,0,0,0,0,0,0,0,0,0,0,0,0,0,0,0,0,0,0,0,0,0,0,0,0,0,0,0,0,0,0,0,0,0,0,0,0,0,0,0,0,0,0,0,0,0,0,0,0,0,0,0,0,0,0,0,0,0,0,0,0,0,0,0,0,0,0,0,0,0,0,0,0,0,0,0,0,0,0,0,0,0,0,0,0,0,0,0,0,0,0,0,0,0,0,0,0,0,0,0,0,0,0,0,0,0,0,0,0,0,0,0,0,0,0,0,0,0,0,0,0,0,0,0,0,0,0,0,0,0,0,0,0,0,0,0,0,0,0,0,0,0,0,0,0,0,0,0,0,0,0,0,0,0,0,0,0,0,0,0,0,0,0,0,0,0,0,0,0,0,0,0,0,0,0,0,0,0,0,0
x13,0,0,842,10,2,10,6,4,9,1,12,15,7,13,13,0,58,21,0,18,0,3,19,6,2,10,60,0,2,182,11,1,144,4,0,0,22,24,5,0,13,2,9,132,17,0,1,0,138,1,0,7,57,1,0,0,0,29,2,212,1,5,27,175,60,0,5,3,7,3,3,1,1,27,26,3,10,24,1,4,0,0,0,31,1,0,1,7,1,0,16,4,1,2,2,1,4,0,0,0,0,1,11,0,2,0,6,0,0,0,3,0,0,0,21,45,5,0,0,15,0,0,40,2,0,81,0,3,11,2,7,1,187,0,2,4,36,1,73,237,0,0,80,4,0,0,3,3,68,0,6,13,43,3,44,53,0,20,0,0,1,19,6,23,2,160,10,0,3,22,3,10,2,118,0,0,0,0,0,74,50,8,35,0,5,0,0,0,0,0,0,1,3,0,86,0,0,17,47,0,0,3,9,119,0,7,4,0,1,0,0,0,5,51,0,0,9,45,9,0,0,29,7,4,2,0,5,34,14,0,1,52,13,1,2,1,0,19,0,1,0,2,31,3,2,19,61,30,29,0,0,33,11,0,7,41,4,0,5,35,17,12,13,0,0,1,15,27,0,113,0,2,0,90,4,0,1,0,454,7,1,28,0,0,0,3,0,1,8,3,6,5,0,1,0,25,0,59,111,6,3,9,17,0,4,40,1,13,0,0,10,0,13,1,25,132,247,58,0,1,3,0,0,19,23,50,2,0,1,0,0,1,8,2,11,0,41,21,9,0,6,6,0,3,2,0,0,0,0,49,0,2,0,199,0,6,5,13,0,20,2,0,0,28,2,111,78,0,1,0,1,0,0,13,13,26,0,10,0,4,3,0,0,6,0,15,4,46,6,5,1,0,0,262,1,0,4,0,10,23,0,1,3,0,0,10,0,5,0,0,0,5,0,13,3,0,21,4,1,6,287,0,8,0,0,8,1,1,0,3,2,5,44,0,8,36,5,30,0,0,115,0,1,70,1,0,62,0,11,2,0,0,0,3,14,1,0,1,12,107,4,7,19,17,42,1,31,20,9,38,1,72,2,2,0,1,0,41,0,1,173,174,69,1,0,3,1,2,1,0,1,44,0,0,2,43,2,3,18,46,0,0,3,1,4,3,0,102,3,3,12,0,30,7,27,0,2,6,2,0,0,8,0,0,7,30,2,2,7,1,0,1,1,10,9,0,0,0,0,187,9,8,0,3,0,7,1,94,0,2,3,12,0,7,0,6,1,12,109,2,0,0,52,0,1,11,10,85,0,5,6,0,2,1,3,2,23,13,13,5,0,0,0,10,0,2,5,0,5,22,34,23,0,1,554,59,0,47,1,3,0,31,0,14,13,3,4,610,23,69,9,0,61,15,21,19,2,1,1,57,13,18,0,36,27,0,13,1,0,1,5,9,7,0,0,0,57,5,67,0,60,39,7,0,44,2,34,0,0,1,2,0,5,19,0,0,0,0,0,45,4,5,12,2,1,115,9,0,4,72,7,59,20,3,0,2,0,77,18,1,0,3,1457,18,0,7,43,2,0,0,0,4,2,2,0,0,23,0,4,1,3,39,17,0,0,45,0,2,18,0,3,8,2,4,4,36,0,10,1,10,37,1,6,5,26,1,14,6,68,0,2,98,1,0,3,4,1,1,1,23,7,0,15,0,2,62,17,0,0,17,15,0,1,0,15,0,1,58,0,10,0,29,7,1,0,0,0,2,0,3,23,0,86,35,0,4,0,10,104,227,0,4,1,0,1,105,9,4,0,1,0,45,25,1,0,0,0,31,52,4,0,4,2,56,0,14,9,0,0,35,9,4,4,11,15,0,8,37,2,0,62,10,5,0,16,22,113,28,7,0,2,9,8,1,0,5,10,2,3,6,2,0,0,10,88,1,29,6,0,0,1,0,1,29,5,0,12,0,2,3,0,0,40,53,0,11,0,0,3,0,2,0,15,0,10,0,0,1,0
x14,145,4,11,3,19,63,9,22,12,2,39,1,20,1262,17,20,49,12,63,6,0,12,2,0,6,3,15,5,1,0,0,2,4,0,0,0,0,1,0,0,0,0,1,0,0,0,0,0,0,0,2,1,0,1,0,0,0,15,0,2,2,5,0,1,3,0,1,1,0,1,0,0,0,0,2,2,1,2,0,0,0,0,0,4,3,0,0,0,6,0,6,1,0,2,0,0,0,0,6,1,0,0,5,0,0,0,0,0,0,2,1,1,4,0,0,5,0,2,0,1,0,0,1,0,0,0,0,0,0,0,2,0,2,1,0,3,1,0,0,0,0,0,0,1,0,0,0,4,0,0,0,0,5,0,2,6,0,0,0,0,0,0,2,6,1,2,3,0,1,1,0,0,0,2,0,0,0,0,0,1,0,1,4,0,0,0,0,0,2,0,0,0,0,0,1,0,0,9,4,0,0,0,0,0,0,0,1,0,0,0,1,0,0,4,2,0,2,0,1,0,0,0,0,1,0,0,0,0,0,0,0,4,1,0,0,0,0,10,0,3,0,0,1,0,0,0,2,1,2,0,0,4,1,0,0,0,13,0,0,0,1,6,0,0,0,0,1,0,0,0,0,0,0,0,2,0,1,0,0,0,0,0,0,2,0,0,1,2,3,0,0,0,0,2,0,3,0,1,0,5,0,0,0,0,3,0,0,5,2,0,1,0,3,0,1,1,0,5,0,0,0,0,0,0,2,0,2,0,0,0,0,0,0,0,7,0,3,0,3,0,3,1,0,2,4,0,1,0,0,4,0,0,0,5,0,0,0,0,0,0,0,0,0,2,2,0,0,0,1,0,0,0,0,8,6,0,0,0,1,0,1,0,0,0,0,0,0,0,0,0,0,0,0,0,4,0,1,1,0,7,0,0,0,0,0,0,0,0,0,0,0,1,0,0,0,0,1,0,5,0,0,0,0,0,0,0,0,0,0,0,1,0,6,0,4,11,3,1,0,4,0,2,1,13,0,2,0,0,0,0,0,0,0,0,0,4,0,5,0,0,0,2,0,0,4,0,1,10,0,1,2,1,0,0,0,0,0,2,0,1,0,0,3,2,0,0,0,0,0,0,0,1,1,0,3,8,8,1,0,1,0,0,0,0,0,0,0,2,2,1,0,0,2,0,1,0,0,0,0,0,0,0,0,0,0,0,1,0,14,0,0,1,0,0,0,0,1,0,0,5,1,1,0,1,2,0,0,0,0,0,2,1,0,0,1,1,0,1,1,0,0,0,1,0,0,0,3,8,0,0,0,0,2,0,0,0,0,0,0,2,0,0,1,0,0,2,0,0,0,2,0,6,0,0,3,1,0,2,0,0,0,3,5,0,0,0,0,0,0,0,0,0,4,0,1,0,0,0,2,0,0,0,0,0,0,0,2,0,0,1,3,0,0,0,0,0,1,0,1,0,0,0,0,0,0,0,1,0,0,3,0,0,0,4,0,0,0,0,0,1,0,1,7,0,0,3,0,0,0,0,0,3,0,0,0,0,1,1,0,0,0,2,7,1,0,0,0,4,0,0,0,3,0,0,0,0,0,0,0,0,0,4,3,0,0,0,0,0,1,0,5,0,0,0,2,0,1,3,0,0,0,0,5,1,1,0,1,0,2,0,0,0,0,0,0,1,0,0,0,4,1,1,0,0,0,0,2,0,0,0,0,1,0,1,0,0,0,0,1,0,0,0,0,0,0,0,3,1,0,0,0,0,0,0,0,1,0,0,0,5,0,0,0,0,0,0,5,0,0,1,1,0,0,0,0,0,0,3,0,0,0,0,0,6,0,0,5,0,6,2,2,0,0,1,0,0,0,0,0,0,3,0,1,2,0,0,0,1,0,0,1,0,0,0,1,0,1,0,0,0,0,0,0,2,2,0,0,2,0,0,0,0,1,4,0,0,0,1,0,1,0,0,0,3,1,0,0,0,0,0,0,0,2,0,1,0,0,1,0
x15,0,0,0,0,0,0,0,0,0,0,0,0,0,0,0,0,0,0,0,0,0,0,0,0,0,0,0,0,0,0,0,0,0,0,0,0,0,0,0,0,0,0,0,0,0,0,0,0,0,0,0,0,0,0,0,0,0,0,0,0,0,0,0,0,0,0,0,0,0,0,0,0,0,0,0,0,0,0,0,0,0,0,0,0,0,0,0,0,0,0,0,0,0,0,0,0,0,0,0,0,0,0,0,0,0,0,0,0,0,0,0,0,0,0,0,0,0,0,0,0,0,0,0,0,0,0,0,0,0,0,0,0,0,0,0,0,0,0,0,0,0,0,0,0,0,0,0,0,0,0,0,0,0,0,0,0,0,0,0,0,0,0,0,0,0,0,0,0,0,0,0,0,0,0,0,0,0,0,0,0,0,0,0,0,0,0,0,0,0,0,0,0,0,0,0,0,0,0,0,0,0,0,0,0,0,0,0,0,0,0,0,0,0,0,0,0,0,0,0,0,0,0,0,0,0,0,0,0,0,0,0,0,0,0,0,0,0,0,0,0,0,0,0,0,0,0,0,0,0,0,0,0,0,0,0,0,0,0,0,0,0,0,0,0,0,0,0,0,0,0,0,0,0,0,0,0,0,0,0,0,0,0,0,0,0,0,0,0,0,0,0,0,0,0,0,0,0,0,0,0,0,0,0,0,0,0,0,0,0,0,0,0,0,0,0,0,0,0,0,0,0,0,0,0,0,0,0,0,0,0,0,0,0,0,0,0,0,0,0,0,0,0,0,0,0,0,0,0,0,0,0,0,0,0,0,0,0,0,0,0,0,0,0,0,0,0,0,0,0,0,0,0,0,0,0,0,0,0,0,0,0,0,0,0,0,0,0,0,0,0,0,0,0,0,0,0,0,0,0,0,0,0,0,0,0,0,0,0,0,0,0,0,0,0,0,0,0,0,0,0,0,0,0,0,0,0,0,0,0,0,0,0,0,0,0,0,0,0,0,0,0,0,0,0,0,0,0,0,0,0,0,0,0,0,0,0,0,0,0,0,0,0,0,0,0,0,0,0,0,0,0,0,0,0,0,0,0,0,0,0,0,0,0,0,0,0,0,0,0,0,0,0,0,0,0,0,0,0,0,0,0,0,0,0,0,0,0,0,0,0,0,0,0,0,0,0,0,0,0,0,0,0,0,0,0,0,0,0,0,0,0,0,0,0,0,0,0,0,0,0,0,0,0,0,0,0,0,0,0,0,0,0,0,0,0,0,0,0,0,0,0,0,0,0,0,0,0,0,0,0,0,0,0,0,0,0,0,0,0,0,0,0,0,0,0,0,0,0,0,0,0,0,0,0,0,0,0,0,0,0,0,0,0,0,0,0,0,0,0,0,0,0,0,0,0,0,0,0,0,0,0,0,0,0,0,0,0,0,0,0,0,0,0,0,0,0,0,0,0,0,0,0,0,0,0,0,0,0,0,0,0,0,0,0,0,0,0,0,0,0,0,0,0,0,0,0,0,0,0,0,0,0,0,0,0,0,0,0,0,0,0,0,0,0,0,0,0,0,0,0,0,0,0,0,0,0,0,0,0,0,0,0,0,0,0,0,0,0,0,0,0,0,0,0,0,0,0,0,0,0,0,0,0,0,0,0,0,0,0,0,0,0,0,0,0,0,0,0,0,0,0,0,0,0,0,0,0,0,0,0,0,0,0,0,0,0,0,0,0,0,0,0,0,0,0,0,0,0,0,0,0,0,0,0,0,0,0,0,0,0,0,0,0,0,0,0,0,0,0,0,0,0,0,0,0,0,0,0,0,0,0,0,0,0,0,0,0,0,0,0,0,0,0,0,0,0,0,0,0,0,0,0,0,0,0,0,0,0,0,0,0,0,0,0,0,0,0,0,0,0,0,0,0,0,0,0,0,0,0,0,0,0,0,0,0,0,0,0,0,0,0,0,0,0,0,0,0,0,0,0,0,0,0,0,0,0,0,0,0
x16,0,0,0,0,0,0,0,0,0,0,0,0,0,0,0,0,0,0,0,0,0,0,0,0,0,0,0,0,0,0,0,0,0,0,0,0,0,0,0,0,0,0,0,0,0,0,0,0,0,0,0,0,0,0,0,0,0,0,0,0,0,0,0,0,0,0,0,0,0,0,0,0,0,0,0,0,0,0,0,0,0,0,0,0,0,0,0,0,0,0,0,0,0,0,0,0,0,0,0,0,0,0,0,0,0,0,0,0,0,0,0,0,0,0,0,0,0,0,0,0,0,0,0,0,0,0,0,0,0,0,0,0,0,0,0,0,0,0,0,0,0,0,0,0,0,0,0,0,0,0,0,0,0,0,0,0,0,0,0,0,0,0,0,0,0,0,0,0,0,0,0,0,0,0,0,0,0,0,0,0,0,0,0,0,0,0,0,0,0,0,0,0,0,0,0,0,0,0,0,0,0,0,0,0,0,0,0,0,0,0,0,0,0,0,0,0,0,0,0,0,0,0,0,0,0,0,0,0,0,0,0,0,0,0,0,0,0,0,0,0,0,0,0,0,0,0,0,0,0,0,0,0,0,0,0,0,0,0,0,0,0,0,0,0,0,0,0,0,0,0,0,0,0,0,0,0,0,0,0,0,0,0,0,0,0,0,0,0,0,0,0,0,0,0,0,0,0,0,0,0,0,0,0,0,0,0,0,0,0,0,0,0,0,0,0,0,0,0,0,0,0,0,10,2,3,45,1,1,5,0,0,5,0,1,1,0,1,3,19,34,4,5,0,1,3,0,3,0,0,7,0,0,0,3,0,0,0,5,0,22,4,0,1,25,0,1,0,1,0,0,1,0,0,6,3,3,0,2,0,7,24,0,0,3,7,0,0,2,0,1,1,1,0,0,1,0,0,0,0,4,3,0,0,0,0,1,2,0,0,3,0,2,1,1,0,0,17,1,4,2,0,1,3,0,1,1,0,1,0,0,0,1,13,0,18,8,1,4,0,0,1,0,2,101,0,4,1,0,1,2,0,1,0,1,0,4,1,9,0,0,0,7,5,1,4,2,1,20,6,1,1,1,0,0,0,1,3,6,0,1,2,12,20,26,0,0,0,0,0,0,0,0,6,0,2,40,15,0,1,1,2,0,0,1,2,0,1,10,6,0,2,0,12,0,2,0,0,289,0,2,0,1,0,0,0,0,0,0,4,60,0,0,2,0,2,1,3,0,1,1,6,0,1,1,1,4,0,0,0,1,8,3,0,0,20,0,4,17,10,2,0,0,14,2,0,3,3,8,0,0,8,0,0,0,0,0,1,0,0,0,1,0,0,1,0,4,0,0,1,10,0,1,0,0,18,0,0,3,3,0,0,4,1,0,0,0,1,7,16,0,0,0,5,0,1,3,0,0,1,4,0,6,0,0,1,0,3,0,0,4,8,2,0,0,0,2,5,3,1,0,2,4,0,0,2,3,0,0,0,1,1,0,5,27,0,3,2,0,0,0,0,7,2,0,0,1,2,0,0,0,0,3,0,1,0,0,2,3,4,0,0,0,13,3,1,3,2,2,1,0,0,10,0,0,0,0,6,0,0,0,0,5,0,22,2,2,0,0,0,3,115,1,0,0,0,0,0,2,0,0,3,0,18,20,0,1,6,0,2,0,5,1,4,0,0,3,10,0,0,1,7,0,1,0,6,0,3,0,0,0,0,0,0,0,0,0,0,20,0,1,0,0,0,0,2,0,0,13,0,0,3,0,0,0,0,9,0,3,41,87,0,0,4,1,0,0,2,0,0,1,1,4,0,0,0,1,0,2,2,0,1,0,1,1,0,54,12,0,0,9,1,0,38,2,0,0,2,0,0,0,2,0,4,1,0,0,1,0,2,0,1,1,0,0,8,0,0,15,0,0,0,7,0,8,3,0,0,2,0,0,0,0,11,8,0,2,0,1,5,0,0,0,1,141,5,0,2,0,1,0,2,1,0,0,2,0,0,1,0
x17,0,0,0,0,0,0,0,0,0,0,0,0,0,0,0,0,0,0,0,0,0,0,0,0,0,0,0,0,0,0,0,0,0,0,0,0,0,0,0,0,0,0,0,0,0,0,0,0,0,0,0,0,0,0,0,0,0,0,0,0,0,0,0,0,0,0,0,0,0,0,0,0,0,0,0,0,0,0,0,0,0,0,0,0,2,0,0,2,8,0,34,3,3,8,0,0,0,0,8,1,0,2,2,0,3,0,0,2,0,1,0,1,3,0,0,9,0,0,0,1,2,0,0,0,0,10,0,0,2,0,0,0,11,0,0,1,1,0,1,1,0,2,35,1,0,0,0,1,0,1,1,0,2,1,0,3,1,0,0,0,0,0,1,0,6,0,3,0,0,4,0,1,0,1,0,0,0,0,0,0,8,1,0,0,0,0,0,0,3,0,0,2,0,0,12,0,0,10,3,0,11,0,0,32,2,1,7,0,0,0,8,0,1,3,15,0,3,0,1,0,1,0,4,0,1,10,0,2,0,0,0,3,2,0,2,0,0,8,0,5,0,0,0,0,2,1,1,0,1,0,0,5,4,3,0,0,4,0,0,3,8,3,0,0,0,0,0,1,1,0,0,7,0,13,0,0,0,1,0,0,0,0,4,0,0,1,5,0,0,2,0,0,1,0,0,0,1,4,0,3,1,0,0,0,8,0,0,1,15,0,0,0,1,0,1,15,4,22,2,0,0,0,1,3,12,0,4,0,0,0,0,6,0,0,4,6,1,0,1,0,0,0,8,9,3,1,1,0,0,0,0,0,0,5,1,0,0,1,0,15,5,0,0,71,0,2,0,0,0,0,0,0,0,2,0,9,0,0,1,2,8,1,0,0,0,0,0,10,0,1,0,0,0,0,4,0,3,0,0,0,0,0,1,0,0,8,0,1,0,0,0,3,0,2,0,0,2,0,10,0,0,2,0,0,2,0,0,0,0,0,0,0,15,0,1,1,9,2,1,0,5,11,1,22,0,6,2,0,1,0,0,0,0,0,0,24,2,4,0,0,0,1,0,3,3,0,1,3,2,0,0,0,0,1,0,0,0,0,0,15,0,5,4,7,0,0,0,0,0,1,0,1,5,0,1,12,8,3,0,8,0,0,0,0,0,0,0,1,18,0,0,2,2,0,5,0,0,2,1,0,0,5,0,0,0,1,0,1,8,0,0,0,0,0,1,0,13,2,0,7,27,0,0,0,5,0,4,0,0,3,0,5,0,0,37,2,0,0,6,0,0,0,1,0,4,0,1,4,0,0,3,0,1,0,0,0,4,0,0,0,0,0,3,1,0,0,1,0,0,0,0,3,0,0,2,2,0,9,0,0,0,2,2,0,0,1,0,2,6,1,0,0,0,0,1,0,0,0,0,0,0,0,0,0,0,0,5,0,0,3,3,0,3,0,0,1,0,0,3,0,21,0,0,1,0,0,0,0,1,0,0,2,1,3,0,1,0,1,1,11,0,0,10,0,0,1,23,0,0,0,1,14,0,0,0,0,0,8,0,0,0,0,1,0,0,0,1,2,0,0,2,3,0,0,0,1,11,0,0,2,0,2,2,0,0,1,0,0,3,0,0,0,0,0,0,0,2,3,0,3,0,0,0,1,4,0,0,0,0,0,1,0,0,0,0,0,1,0,0,0,4,0,0,1,8,0,2,0,0,0,0,0,0,0,0,0,0,0,2,5,0,0,0,0,0,0,3,6,2,0,38,0,0,0,0,2,0,0,8,21,0,0,1,2,1,0,0,0,0,7,2,7,0,0,0,1,0,0,0,0,0,0,2,0,0,0,3,0,32,0,1,0,20,14,0,0,0,0,0,0,4,0,0,0,0,3,0,0,0,0,6,0,0,0,1,0,0,1,0,0,0,0,0,3,0,1,0,0,0,0,0,0,3,2,0,1,0,0,0,6,0,0,4,6,1,0,0,0,0,0,19,0,5,0,4,1,0,0,0
x18,0,0,0,0,0,0,0,0,0,0,0,0,0,0,0,0,0,0,0,0,0,0,0,0,0,0,0,0,0,0,0,0,0,0,0,0,0,0,0,0,0,0,0,0,0,0,0,0,0,0,0,0,0,0,0,0,0,0,0,0,0,0,0,0,0,0,0,0,0,0,0,0,0,0,0,0,0,0,0,0,0,0,0,0,0,0,0,0,0,0,0,0,0,0,0,0,0,0,0,0,0,0,0,0,0,0,0,0,0,0,0,0,0,0,0,0,0,0,0,0,0,0,0,0,0,0,0,0,0,0,0,0,0,0,0,0,0,0,0,0,0,0,0,0,0,0,0,0,0,0,0,0,0,0,0,0,0,0,0,0,0,0,0,0,0,0,0,0,0,0,0,0,0,0,0,0,0,0,0,0,0,0,0,0,0,0,0,0,0,0,0,0,0,0,0,0,0,0,0,0,0,0,0,0,0,0,0,0,0,0,0,0,0,0,0,0,0,0,0,0,0,0,0,0,0,0,0,0,0,0,0,0,0,0,0,0,0,0,0,0,0,0,0,0,0,0,0,0,0,0,0,0,0,0,0,0,0,0,0,0,0,0,0,0,0,0,0,0,0,0,0,0,0,0,0,0,0,0,0,0,0,0,0,0,0,0,0,0,0,0,0,0,0,0,0,0,0,0,0,0,0,0,0,0,0,0,0,0,0,0,0,0,0,0,0,0,0,0,0,0,0,0,19,14,25,5,11,1,1,0,0,1,4,0,19,0,0,14,24,0,4,1,10,9,32,0,0,1,0,0,0,0,0,6,1,0,0,0,0,18,26,0,1,18,3,4,7,0,0,0,0,2,0,13,3,20,0,1,5,6,52,1,0,28,0,0,1,0,0,1,0,0,0,0,2,2,0,3,0,16,0,0,0,0,0,1,16,0,0,0,2,2,0,1,0,1,19,7,173,0,0,0,2,0,0,0,4,0,0,0,1,0,38,0,13,7,35,30,0,1,2,2,0,10,0,2,0,0,1,1,0,1,0,0,3,11,2,1,3,0,0,72,1,6,33,3,3,54,33,1,2,8,0,0,0,0,0,0,0,2,0,12,2,1,0,0,0,2,0,6,0,2,1,0,3,0,10,0,4,3,1,0,1,0,0,0,0,2,1,0,32,0,9,0,0,0,0,0,1,0,5,3,0,0,0,1,16,0,14,2,0,0,0,0,7,1,3,1,0,35,26,25,2,3,16,7,4,4,0,0,1,14,0,1,6,0,29,1,19,1,0,0,15,1,1,1,3,11,2,0,1,0,0,1,4,1,6,0,1,3,0,0,0,0,0,2,1,1,1,36,0,7,1,0,18,0,0,0,9,4,0,8,6,1,0,0,0,1,3,2,0,0,0,0,2,1,0,0,13,0,0,1,0,0,0,0,1,0,0,2,4,0,0,0,1,1,5,0,4,2,2,1,1,2,4,0,0,0,2,1,0,0,1,47,0,0,0,1,4,1,0,6,2,0,0,0,3,1,1,3,1,2,1,0,0,2,0,8,6,0,0,1,11,23,1,1,3,2,0,0,1,0,6,0,3,7,3,0,2,3,0,4,0,1,0,13,2,0,1,2,8,2,1,0,1,11,1,5,0,1,1,1,9,0,9,0,2,1,4,0,9,0,0,0,0,0,0,0,0,47,0,3,0,0,9,1,8,0,1,0,2,1,0,2,5,0,0,1,0,1,0,4,0,0,1,4,1,27,0,8,3,0,0,1,0,20,0,3,1,4,0,1,0,5,0,2,7,24,0,12,2,0,0,0,0,0,0,3,7,0,0,0,5,125,0,0,6,5,2,11,4,1,2,31,0,3,0,16,8,0,11,0,8,1,5,5,0,0,0,2,0,13,0,0,0,1,1,7,2,2,3,1,0,3,0,1,3,4,0,0,0,0,1,3,0,5,0,2,6,9,0,0,7,5,1,0,1,0,0,5,0,0,1,0,0,0,0,0,0
x19,0,0,0,0,0,0,0,0,0,0,0,0,0,0,0,0,0,0,0,0,0,0,0,0,0,0,0,0,0,0,0,0,0,0,0,0,0,0,0,0,0,0,0,0,0,0,0,0,0,0,0,0,0,0,0,0,0,0,0,0,0,0,0,0,0,0,0,0,0,0,0,0,0,0,0,0,0,0,0,0,0,0,0,0,0,0,0,0,0,0,0,0,0,0,0,0,0,0,0,0,0,0,0,0,0,0,0,0,0,0,0,0,0,0,0,0,0,0,0,0,0,0,0,0,0,0,0,0,0,0,0,0,0,0,0,0,0,0,0,0,0,0,0,0,0,0,0,0,0,0,0,0,0,0,0,0,0,0,0,0,0,0,0,0,0,0,0,0,0,0,0,0,0,0,0,0,0,0,0,0,0,0,0,0,0,0,0,0,0,0,0,0,0,0,0,0,0,0,0,0,0,0,0,0,0,0,0,0,0,0,0,0,0,0,0,0,0,0,0,0,0,0,0,0,0,0,0,0,0,0,0,0,0,0,0,0,0,0,0,0,0,0,0,0,0,0,0,0,0,0,0,0,0,0,0,0,0,0,0,0,0,0,0,0,0,0,0,0,0,0,0,0,0,0,0,0,0,0,0,0,0,0,0,0,0,0,0,0,0,0,0,0,0,0,0,0,0,0,0,0,0,0,0,0,0,0,0,0,0,0,0,0,0,0,0,0,0,0,0,0,0,0,16,0,25,5,2,5,0,1,1,1,1,0,23,15,1,29,2,4,5,0,12,27,10,9,0,3,2,23,1,3,0,9,1,0,0,0,0,60,96,1,0,62,7,8,25,0,3,0,0,0,4,53,40,54,3,2,0,27,95,0,0,0,0,6,1,4,0,2,0,0,0,0,26,1,0,1,0,25,5,0,0,0,0,2,0,0,0,0,1,0,0,0,0,0,8,8,15,1,7,14,4,0,2,4,1,0,0,2,1,0,13,3,8,0,108,163,1,19,22,22,0,35,0,36,0,0,10,3,12,0,0,0,5,9,0,57,0,0,0,53,0,0,3,2,93,64,4,8,5,0,0,45,0,0,1,0,0,3,3,20,37,3,22,5,0,0,9,17,5,35,7,2,7,46,19,1,54,0,4,0,0,0,15,9,11,1,28,10,6,2,52,0,3,0,0,1,0,2,0,29,0,0,12,0,0,2,34,135,0,3,1,0,4,17,0,1,0,1,4,28,3,2,26,42,0,0,0,11,2,503,1,0,37,4,17,10,3,57,0,2,1,0,25,3,8,50,2,0,45,6,1,6,0,3,0,0,0,0,0,1,0,3,0,6,2,7,0,49,0,2,4,3,18,0,3,32,0,1,0,5,3,1,15,3,0,2,14,54,0,0,18,0,10,0,0,2,0,2,0,1,0,14,0,0,76,0,0,6,1799,1,1,200,3,9,31,0,50,1,7,14,0,0,1,0,7,21,5,1,0,0,59,209,0,4,0,0,5,0,0,0,6,24,4,10,0,0,0,0,9,87,65,1,6,0,2,4,7,0,0,1,148,1,4,17,91,0,4,0,0,1,0,0,4,0,0,1,1,15,0,0,3,10,3,9,1,0,3,2,15,10,6,1,18,0,0,5,8,4,1,0,0,0,3,80,45,1,61,0,4,2,0,1,6,13,0,0,0,0,3,34,8,1,4,0,25,1,0,2,2,2,3,3,16,0,0,1,2,0,0,2,3,0,17,1,12,5,0,1,3,0,2,0,0,7,0,1,11,105,0,0,0,0,0,68,343,0,6,12,0,42,0,0,0,44,1,2,38,0,0,0,20,125,0,7,122,2,0,16,1,0,4,0,0,0,0,0,1,4,33,0,24,54,0,5,14,5,2,10,1,2,0,17,0,0,0,4,0,6,40,0,7,4,2,0,5,1,0,0,4,0,5,18,8,2,14,2,9,14,1,1,19,1,3,17,16,0,2,3,6,0,12,3,0,0,0,10,0
x2,1,0,29,15,2,2,1,0,53,0,327,15,63,0,192,50,13,1,0,10,0,5,2,5,1,9,2,0,16,3,0,0,181,1,12,0,2,1,2,0,59,0,50,1081,13,1,0,0,5,15,27,22,5,43,0,0,0,42,5,3,0,7,0,1,0,2,3,0,0,24,1,1,2,4,16,1,14,14,0,5,8,2,0,47,0,1,7,16,269,0,67,3,0,36,0,0,3,3,7,5,0,35,32,0,0,3,17,3,0,3,73,1,5,0,0,35,0,497,0,13,0,3,0,2,0,0,0,1,8,4,21,1,10,6,1,10,18,16,55,19,0,14,6,7,1,3,1,1,234,2,0,14,65,1,3,7,31,2,2,0,0,3,11,237,0,7,4,1,0,103,0,82,2,10,2,52,1,9,1,4,1,0,11,0,11,8,0,0,144,0,2,5,1,0,15,0,4,44,18,0,11,0,0,41,4,8,34,0,1,0,9,53,0,1,0,0,2,10,18,2,1,2,97,4,1,31,0,21,0,0,11,113,8,1,2,0,0,25,6,5,0,0,9,3,2,3,5,1,5,2,1,1,16,0,1,41,104,1,6,15,10,1,0,3,0,2,1,3,119,1,2,4,49,102,0,0,2,3,16,17,1,0,0,1,12,5,0,10,16,1,2,44,4,95,1,12,0,1,2,19,0,2,27,0,19,0,2,30,35,2,8,0,5,1,1,14,0,248,0,1,1,0,12,0,1,28,5,1,0,0,1,7,0,10,1,60,10,295,2,0,31,14,30,8,9,3,2,4,0,26,4,0,2,54,2,1,1,1,0,7,3,0,1,240,6,6,17,0,2,0,0,0,0,223,5,2,4,1,83,19,393,1,0,26,0,54,15,3,0,16,0,4,58,2,192,15,1,3,1,86,8,3,1,1,0,4,3,4,9,0,1,12,0,1,0,0,3,2,0,2,0,0,0,2,0,0,0,0,4,6,2,0,3,1,1,116,37,5,0,48,15,3,0,99,2,38,0,1,0,1,0,0,0,5,35,15,0,0,4,6,0,6,7,6,16,2,20,3,188,6,4,1,7,29,0,0,0,1,0,0,14,8,1,4,0,2,3,0,0,0,2,0,18,23,44,11,30,10,2,10,0,2,0,4,2,4,2,27,18,7,5,9,3,4,1,0,5,51,0,0,1,22,0,0,3,2,5,5,26,1,6,1,28,4,1,0,52,5,1,13,3,7,0,3,33,19,0,1,0,5,7,284,1,1,0,0,1,1,29,23,0,1,1,3,9,8,13,22,23,0,12,1,0,7,0,0,2,0,11,8,7,0,34,65,0,0,0,1,0,84,0,32,0,0,89,4,0,63,1,2,3,69,4,0,24,1,5,13,3,10,7,4,10,2,17,3,32,1,94,13,4,0,1,0,0,6,44,0,0,72,22,8,11,2,2,1,5,58,31,3,8,1,2,6,12,5,8,0,2,37,0,1,1,10,0,3,0,0,1,8,0,4,69,0,0,0,7,0,1,7,7,6,2,2,0,10,17,331,6,0,21,27,10,10,2,34,42,493,0,0,1,2,6,2,3,3,26,4,0,26,0,3,2,0,19,113,0,0,4,0,91,11,1,8,6,0,14,10,0,22,9,1,70,6,1,53,2,0,178,0,5,1,0,2,16,8,22,11,1,0,1,0,1,2,372,1,2,0,0,0,6,0,5,1,0,9,0,11,2,4,0,0,11,22,2,0,0,10,1,0,82,3,0,2,0,28,0,8,132,6,4,1,2,4,0,6,7,0,0,7,77,0,1,8,2,5,0,34,1,0,0,14,0,16,1,0,16,61,0,5,0,5,203,1,0,3,3,1,0,7,26,8,2,59,3,6,41,0,1,2,10,29,4,0,1,8,0,52,4,0,7,0,0,1,31,0,9,8,9,0,0,0,62,5,0,0,1,9,0,2,0,0,122,7,18,30,6,0,12,1,3,0,4,6,6,0,0,15,0
x20,343,2,28,6,181,0,20,190,49,22,787,35,104,13,8,879,545,7,238,35,2,82,63,2,128,674,216,0,2,204,1,3,77,11,178,0,40,14,40,134,42,17801,730,325,14,18,7,30,43,1,0,34,217,69,42,11,5,1694,8,23,13,108,11,29,26,15,6,11,14,8,92,55,7,39,88,63,23,151,22,134,1,1,13,230,1612,20,30,710,5914,1,178,1,1,128,0,28,81,17,342,22,2,68,85,0,95,17,111,73,1,32,21,4,583,0,7,7,57,184,2530,267,293,0,352,52,0,126,0,400,1562,33,168,3,1206,31,1,39,53,91,69,97,10,2390,1499,12,2,4,958,229,1593,8,19,364,150,763,803,69,8,17,4,201,0,5,16,211,955,36,19,11,11,1291,6,249,10,28,1,54,71,7,2,29,7410,348,44,86,176,48,3,12,55,22,3,65,24,3,657,0,2,150,146,8,246,12,23,349,8,102,34,5,21,6,6,83,71,274,119,4,161,31,287,3,127,1957,269,53,156,80,6,3816,0,18,3,1084,29,12,27,1,0,129,4,304,71,0,9,21,2,35,46,356,79,32,26,16,141,22,2,283,18,35,52,13,80,78,17,29,7,19,144,2,1555,26,8,394,23,117,178,20,53,61,1224,118,1,23,22,144,9,65,928,252,129,15,8,13,23,5,6,1663,362,60,168,396,2,19,197,2,196,454,47,3444,93,3,157,1,135,51,159,55,10,3035,0,21,0,0,0,0,0,0,0,0,0,0,0,0,0,0,0,0,0,0,0,0,0,0,0,0,0,0,0,0,0,0,0,0,0,0,0,0,0,0,0,0,0,0,0,0,0,0,0,0,0,0,0,0,0,0,0,0,0,0,0,0,0,0,0,0,0,0,0,0,0,0,0,0,0,0,0,0,0,0,0,0,0,0,0,0,0,0,0,0,0,0,0,0,0,0,0,0,0,0,0,0,0,0,0,0,0,0,0,0,0,0,0,0,0,0,0,0,0,0,0,0,0,0,0,0,0,0,0,0,0,0,0,0,0,0,0,0,0,0,0,0,0,0,0,0,0,0,0,0,0,0,0,0,0,0,0,0,0,0,0,0,0,0,0,0,0,0,0,0,0,0,0,0,0,0,0,0,0,0,0,0,0,0,0,0,0,0,0,0,0,0,0,0,0,0,0,0,0,0,0,0,0,0,0,0,0,0,0,0,0,0,0,0,0,0,0,0,0,0,0,0,0,0,0,0,0,0,0,0,0,0,0,0,0,0,0,0,0,0,0,0,0,0,0,0,0,0,0,0,0,0,0,0,0,0,0,0,0,0,0,0,0,0,0,0,0,0,0,0,0,0,0,0,0,0,0,0,0,0,0,0,0,0,0,0,0,0,0,0,0,0,0,0,0,0,0,0,0,0,0,0,0,0,0,0,0,0,0,0,0,0,0,0,0,0,0,0,0,0,0,0,0,0,0,0,0,0,0,0,0,0,0,0,0,0,0,0,0,0,0,0,0,0,0,0,0,0,0,0,0,0,0,0,0,0,0,0,0,0,0,0,0,0,0,0,0,0,0,0,0,0,0,0,0,0,0,0,0,0,0,0,0,0,0,0,0,0,0,0,0,0,0,0,0,0,0,0,0,0,0,0,0,0,0,0,0,0,0,0,0,0,0,0,0,0,0,0,0,0,0,0,0,0,0,0,0,0,0,0,0,0,0,0,0,0,0,0,0,0,0,0,0,0,0,0,0,0,0,0,0,0,0,0,0,0,0,0,0,0,0,0,0,0,0,0,0,0,0,0,0,0,0,0,0,0,0,0,0,0,0,0,0,0,0,0,0,0,0,0,0,0,0,0,0,0,0,0,0,0,0,0,0,0,0,0,0,0,0,0,0,0,0,0,0,0,0,0,0,0,0,0,0,0,0,0,0,0,0,0,0,0,0,0,0,0,0,0,0,0,0,0,0,0,0,0,0,0,0,0,0,0,0,0,0,0,0,0,0,0,0
x21,0,0,0,0,0,0,0,0,0,0,0,0,0,0,0,0,0,0,0,0,0,0,0,0,0,0,0,0,0,0,0,0,0,0,0,0,0,0,0,0,0,0,0,0,0,0,0,0,0,0,0,0,0,0,0,0,0,0,0,0,0,0,0,0,0,0,0,0,0,0,0,0,0,0,0,0,0,0,0,0,0,0,0,0,0,0,0,0,0,0,0,0,0,0,0,0,0,0,0,0,0,0,0,0,0,0,0,0,0,0,0,0,0,0,0,0,0,0,0,0,0,0,0,0,0,0,0,0,0,0,0,0,0,0,0,0,0,0,0,0,0,0,0,0,0,0,0,0,0,0,0,0,0,0,0,0,0,0,0,0,0,0,0,0,0,0,0,0,0,0,0,0,0,0,0,0,0,0,0,0,0,0,0,0,0,0,0,0,0,0,0,0,0,0,0,0,0,0,0,0,0,0,0,0,0,0,0,0,0,0,0,0,0,0,0,0,0,0,0,0,0,0,0,0,0,0,0,0,0,0,0,0,0,0,0,0,0,0,0,0,0,0,0,0,0,0,0,0,0,0,0,0,0,0,0,0,0,0,0,0,0,0,0,0,0,0,0,0,0,0,0,0,0,0,0,0,0,0,0,0,0,0,0,0,0,0,0,0,0,0,0,0,0,0,0,0,0,0,0,0,0,0,0,0,0,0,0,0,0,0,0,0,0,0,0,0,0,0,0,0,0,0,0,0,0,0,0,0,0,0,0,0,0,0,0,0,0,0,0,0,0,0,0,0,0,0,0,0,0,0,0,0,0,0,0,0,0,0,0,0,0,0,0,0,0,0,0,0,0,0,0,0,0,0,0,0,0,0,0,0,0,0,0,0,0,0,0,0,0,0,0,0,0,0,0,0,0,0,0,0,0,0,0,0,0,0,0,0,0,0,0,0,0,0,0,0,0,0,0,0,0,0,0,0,0,0,0,0,0,0,0,0,0,0,0,0,0,0,0,0,0,0,0,0,0,0,0,0,0,0,0,0,0,0,0,0,0,0,0,0,0,0,0,0,0,0,0,0,0,0,0,0,0,0,0,0,0,0,0,0,0,0,0,0,0,0,0,0,0,0,0,0,0,0,0,0,0,0,0,0,0,0,0,0,0,0,0,0,0,0,0,0,0,0,0,0,0,0,0,0,0,0,0,0,0,0,0,0,0,0,0,0,0,0,0,0,0,0,0,0,0,0,0,0,0,0,0,0,0,0,0,0,0,0,0,0,0,0,0,0,0,0,0,0,0,0,0,0,0,0,0,0,0,0,0,0,0,0,0,0,0,0,0,0,0,0,0,0,0,0,0,0,0,0,0,0,0,0,0,0,0,0,0,0,0,0,0,0,0,0,0,0,0,0,0,0,0,0,0,0,0,0,0,0,0,0,0,0,0,0,0,0,0,0,0,0,0,0,0,0,0,0,0,0,0,0,0,0,0,0,0,0,0,0,0,0,0,0,0,0,0,0,0,0,0,0,0,0,0,0,0,0,0,0,0,0,0,0,0,0,0,0,0,0,0,0,0,0,0,0,0,0,0,0,0,0,0,0,0,0,0,0,0,0,0,0,0,0,0,0,0,0,0,0,0,0,0,0,0,0,0,0,0,0,0,0,0,0,0,0,0,0,0,0,0,0,0,0,0,0,0,0,0,0,0,0,0,0,0,0,0,0,0,0,0,0,0,0,0,0,0,0,0,0,0,0,0,0,0,0,0,0,0,0,0,0,0,0,0,0,0,0,0,0,0,0,0,0,0,0,0,0,0,0,0,0,0,0,0,0,0,0,0,0,0,0,0,0,0,0,0,0,0,0,0,0,0,0,0,0,0,0,0,0,0,0,0,0,0,0,0,0,0,0,0,0,0,0,0,0,0,0,0,0,0,0,0,0,0,0,0,0,0,0,0,0,0,0,0,0,0,0,0,0,0,0,0,0,0,0,0,0,0,0,0,0,0,0,0
x22,0,0,3,0,0,2,1,12,0,0,2,1,1,0,3,0,1,0,0,1,0,0,1,0,3,3,0,0,0,0,1,6,0,2,2,0,1,3,1,0,26,0,1,4,0,0,0,0,0,0,3,4,1,1,0,0,0,2,1,1,0,1,0,0,0,0,1,0,1,5,0,0,1,4,0,0,0,1,3,2,0,0,0,6,4,0,0,2,2,0,5,3,0,21,0,0,1,0,13,1,0,0,0,0,0,0,0,0,0,0,2,0,1,0,0,5,0,10,0,0,1,0,6,0,0,5,0,0,0,0,7,0,8,0,5,1,5,5,20,0,0,1,0,0,0,0,4,0,14,0,0,0,1,2,2,2,0,3,0,0,0,0,16,1,3,0,5,0,1,0,0,1,1,1,0,0,0,0,0,0,6,2,4,0,2,0,0,0,41,0,1,0,1,0,6,0,0,2,0,0,1,0,0,2,0,0,0,0,0,0,0,0,0,38,11,0,1,4,0,0,0,7,0,1,0,1,0,0,0,0,1,23,0,2,0,0,0,4,0,8,0,0,0,0,0,1,3,2,1,0,0,0,0,0,0,0,0,0,0,0,0,0,0,0,0,0,0,0,0,0,0,0,0,0,0,0,0,0,0,0,0,0,0,0,0,0,0,0,0,0,0,0,0,0,0,0,0,0,0,0,0,0,0,0,0,0,0,0,0,0,0,0,0,0,0,0,0,0,0,0,0,0,0,0,0,0,0,0,0,0,0,0,0,0,0,0,0,0,0,0,0,0,0,0,0,0,0,0,0,0,0,0,0,0,0,0,0,0,0,0,0,0,0,0,0,0,0,0,0,0,0,0,0,0,0,0,0,0,0,0,0,0,0,0,0,0,0,0,0,0,0,0,0,0,0,0,0,0,0,0,0,0,0,0,0,0,0,0,0,0,0,0,0,0,0,0,0,0,0,0,0,0,0,0,0,0,0,0,0,0,0,0,0,0,0,0,0,0,0,0,0,0,0,0,0,0,0,0,0,0,0,0,0,0,0,0,0,0,0,0,0,0,0,0,0,0,0,0,0,0,0,0,0,0,0,0,0,0,0,0,0,0,0,0,0,0,0,0,0,0,0,0,0,0,0,0,0,0,0,0,0,0,0,0,0,0,0,0,0,0,0,0,0,0,0,0,0,0,0,0,0,0,0,0,0,0,0,0,0,0,0,0,0,0,0,0,0,0,0,0,0,0,0,0,0,0,0,0,0,0,0,0,0,0,0,0,0,0,0,0,0,0,0,0,0,0,0,0,0,0,0,0,0,0,0,0,0,0,0,0,0,0,0,0,0,0,0,0,0,0,0,0,0,0,0,0,0,0,0,0,0,0,0,0,0,0,0,0,0,0,0,0,0,0,0,0,0,0,0,0,0,0,0,0,0,0,0,0,0,0,0,0,0,0,0,0,0,0,0,0,1,0,0,0,0,0,0,0,0,0,0,0,0,0,0,0,0,0,0,0,0,0,0,0,0,0,0,0,0,0,0,0,0,0,0,0,0,0,0,0,0,0,0,0,0,0,0,0,0,0,0,0,0,0,0,0,0,0,0,0,0,0,0,0,0,0,0,0,0,0,0,0,0,0,0,0,0,0,0,0,0,0,0,0,0,0,0,0,0,0,0,0,0,0,0,0,0,0,0,0,0,0,0,0,0,0,0,0,0,0,0,0,0,0,0,0,0,0,0,0,0,0,0,0,0,0,0,0,0,0,0,0,0,0,0,0,0,0,0,0,0,0,0,0,0,0,0,0,0,0,0,0,0,0,0,0,0,0,0,0,0,0,0,0,0,0,0,0,0,0,0,0,0,0,0,0,0,0,0,0,0,0,0,0,0,0,0,0,0,0,0,0,0,0,0,0,0,0,0,0,0,0,0,0,0,0,0,0,0,0,0,0,0,0,0,0,0,0,0,0,0,0,0,0,0,0,0,0,0,0,0,0,0,0,0,0,0,0,0
x23,10,0,46,0,2,44,0,88,37,0,213,1,26,2,29,2,242,47,3,8,1,8,0,1,63,0,0,0,0,11,0,38,2,11,1,0,0,65,9,1,31,1,92,159,7,0,0,5,113,0,9,1,32,22,2,2,0,5,2,3,75,7,5,30,8,10,0,3,1,39,20,5,1,4,59,9,16,4,0,16,3,0,2,14,12,2,32,1,49,0,5,7,0,37,0,0,2,2,240,1,3,0,22,2,0,0,0,2,0,11,5,3,308,4,2,29,0,8,4,0,6,0,72,0,0,22,3,5,5,0,60,0,2150,0,4,3,119,45,3,8,0,9,406,195,0,0,7,108,2,0,0,0,6,8,5,16,8,13,1,1,0,4,68,32,26,5,44,0,26,154,0,1,8,6,0,2,0,1,1,6,138,5,58,20,22,0,0,0,44,0,4,25,0,0,17,2,0,2,107,0,31,1,6,4,0,14,7,6,0,0,2,6,3,95,21,0,24,3,8,0,0,7,141,99,2,1,1,3,2,0,7,98,19,3,13,7,1,4,1,2,1,1,10,0,3,9,6,3,5,6,1,28,32,45,2,5,14,2,73,9,46,7,13,0,2,28,8,21,2,2,0,42,1,5,118,3,6,8,2,0,10,7,3,34,0,3,3,33,2,248,0,0,0,2,1,36,2,1,0,17,6,2,3,4,23,8,24,1,0,2,0,0,42,0,1,30,18,17,0,12,0,0,0,0,0,0,0,0,0,0,0,0,0,0,0,0,0,0,0,0,0,0,0,0,0,0,0,0,0,0,0,0,0,0,0,0,0,0,0,0,0,0,0,0,0,0,0,0,0,0,0,0,0,0,0,0,0,0,0,0,0,0,0,0,0,0,0,0,0,0,0,0,0,0,0,0,0,0,0,0,0,0,0,0,0,0,0,0,0,0,0,0,0,0,0,0,0,0,0,0,0,0,0,0,0,0,0,0,0,0,0,0,0,0,0,0,0,0,0,0,0,0,0,0,0,0,0,0,0,0,0,0,0,0,0,0,0,0,0,0,0,0,0,0,0,0,0,0,0,0,0,0,0,0,0,0,0,0,0,0,0,0,0,0,0,0,0,0,0,0,0,0,0,0,0,0,0,0,0,0,0,0,0,0,0,0,0,0,0,0,0,0,0,0,0,0,0,0,0,0,0,0,0,0,0,0,0,0,0,0,0,0,0,0,0,0,0,0,0,0,0,0,0,0,0,0,0,0,0,0,0,0,0,0,0,0,0,0,0,0,0,0,0,0,0,0,0,0,0,0,0,0,0,0,0,0,0,0,0,0,0,0,0,0,0,0,0,0,0,0,0,0,0,0,0,0,0,0,0,0,0,0,0,0,0,0,0,0,0,0,0,0,0,0,0,0,0,0,0,0,0,0,0,0,0,0,0,0,0,0,0,0,0,0,0,0,0,0,0,0,0,0,0,0,0,0,0,0,0,0,0,0,0,0,0,0,0,0,0,0,0,0,0,0,0,0,0,0,0,0,0,0,0,0,0,0,0,0,0,0,0,0,0,0,0,0,0,0,0,0,0,0,0,0,0,0,0,0,0,0,0,0,0,0,0,0,0,0,0,0,0,0,0,0,0,0,0,2,0,0,0,0,0,0,0,0,0,0,0,0,0,0,0,0,0,0,0,0,0,0,0,0,0,0,0,0,0,0,0,0,0,0,0,0,0,0,0,0,0,0,0,0,0,0,0,0,0,0,0,0,0,0,0,0,0,0,0,0,0,0,0,0,0,0,0,0,0,0,0,0,0,0,0,0,0,0,0,0,0,0,0,0,0,0,0,0,0,0,0,0,0,0,0,0,0,0,0,0,0,0,4,0,0,0,0,0,0,0,0,0,0,0,0,0,0,0,0,0,0,0,0,0,0,0,0,0,0,0,0,0,0,0,0,2,0,0,0,0,0,0,0,0,0,0,0,0,0,0,0,0,0,0,0,0,0,0,0,0,0
x24,3,56,3,11,3,44,1,3,19,0,36,7,13,29,21,63,0,2,2,7,5,24,8,0,15,0,22,0,8,153,3,7,214,3,1,25,12,7,4,0,1,115,77,6,40,2,0,0,16,0,34,44,2,0,1,0,6,51,68,23,1,1,5,28,1,26,1,1,50,10,0,2,0,47,0,41,3,2,28,9,0,84,15,24,2,0,15,138,39,5,9,1,0,9,0,0,3,4,7,29,43,3,1,17,4,0,1,3,2,0,69,6,145,0,0,130,0,4,1,9,11,1,1,3,0,0,4,0,13,3,1,0,92,0,0,54,780,1,41,10,0,125,9,10,0,0,0,3,225,0,1,13,19,4,13,118,42,10,1,1,0,1,9,51,4,6,13,2,5,3,0,3,56,31,2,4,4,0,12,7,10,0,1,0,1,3,3,0,223,0,2,3,14,0,19,0,0,26,42,0,89,1,2,32,0,2,1,0,19,0,10,4,16,2,8,1,28,4,6,0,45,358,23,3,7,0,3,6,4,2,0,9,0,0,8,0,0,2,0,4,8,0,11,2,6,32,3,4,58,24,0,1,49,0,2,1,62,0,5,2,2,15,1,1,0,31,0,5,1,12,1,20,1,18,7,3,12,6,24,0,6,3,2,54,0,3,0,35,6,23,0,25,7,4,10,4,0,5,2,17,26,36,1,8,32,3,558,70,0,15,10,9,15,1,5,2,3,26,0,0,0,0,5,0,0,0,0,0,0,0,0,0,0,0,0,0,0,0,0,0,1,0,0,0,0,0,0,0,0,0,0,0,0,0,0,0,0,0,0,0,0,0,0,0,0,0,0,0,0,0,0,0,0,0,0,0,0,0,0,0,0,0,0,0,0,0,0,0,0,0,0,0,0,0,0,0,0,0,0,0,0,0,0,0,0,0,0,0,0,0,0,0,0,0,0,0,0,0,0,0,0,0,0,0,0,0,0,0,0,0,0,0,0,0,0,0,0,0,0,0,0,0,0,0,0,0,0,0,0,0,0,0,0,0,0,0,0,0,0,0,0,0,0,0,0,0,0,0,0,0,0,0,0,0,0,0,0,0,0,0,0,0,0,0,0,0,0,0,0,0,0,0,0,0,0,0,0,0,0,0,0,0,0,0,0,0,0,0,0,0,0,0,0,0,0,0,0,0,0,0,0,0,0,0,0,0,0,0,0,0,0,0,0,0,0,0,0,0,0,0,0,0,0,0,0,0,0,0,0,0,0,0,0,0,0,0,0,0,0,0,0,0,0,0,0,0,0,0,0,0,0,0,0,0,0,0,0,0,0,0,0,0,0,0,0,0,0,0,0,0,0,0,0,0,0,0,0,0,0,0,0,0,0,0,0,0,0,0,0,0,0,0,0,0,0,0,0,0,0,0,0,0,0,0,0,0,0,0,0,1,0,0,0,0,0,0,0,0,0,0,0,0,0,0,0,0,0,0,0,0,0,0,0,0,0,0,0,0,0,0,0,0,0,0,0,0,0,0,0,0,0,0,0,0,0,0,0,0,0,0,0,0,0,0,0,0,0,0,0,0,0,0,0,0,0,0,0,0,0,0,0,0,0,0,0,0,0,0,0,0,0,0,0,0,0,0,0,0,0,0,0,0,0,0,0,0,0,0,0,0,0,0,0,0,0,0,0,0,0,0,0,0,0,0,0,0,0,0,0,0,0,0,0,0,0,0,0,0,0,0,0,0,0,0,0,0,0,0,0,0,0,0,0,0,0,0,0,0,0,0,0,0,0,0,0,0,0,0,0,0,0,0,0,0,0,0,0,0,0,0,0,0,0,0,0,0,0,0,0,0,0,0,0,0,0,0,0,0,0,0,0,0,0,0,0,0,0,0,0,0,0,0,0,0,0,0,0,0,0,0,0,0,0,0,0,0,0,0,0,0,0,0,0,0,0,0,0,0,0,0,0,0,0,0,0,0,0,0,0,0,0,0,0,0,0,0,0,0,0
x25,9,2,26,4,8,8,4,23,8,2,68,4,13,9,35,27,5,9,3,8,1,27,1,12,3,1,2,0,1,23,10,6,9,5,12,0,17,26,49,4,30,10,14,257,9,2,0,0,29,3,18,15,6,4,1,4,1,16,1,19,6,29,24,13,6,6,4,4,5,11,3,2,3,3,24,8,4,7,6,8,1,1,6,19,35,7,17,19,98,1,16,3,6,36,1,1,11,0,10,8,0,13,24,1,1,0,1,3,0,16,12,3,28,4,1,14,1,12,1,12,28,0,17,0,0,7,1,2,35,5,2,1,18,4,2,12,12,13,5,44,0,5,88,42,0,1,14,78,30,0,2,36,18,6,45,96,12,8,9,17,0,33,12,52,21,9,20,2,16,29,0,41,3,8,3,3,0,0,1,6,8,8,16,1,11,4,0,1,31,1,6,8,0,1,21,1,0,14,10,7,6,14,24,15,1,11,21,1,1,0,9,7,22,35,4,0,33,2,5,0,1,16,10,5,82,7,4,10,0,0,3,20,2,12,3,0,1,17,2,30,2,0,1,1,2,3,17,23,11,0,0,24,87,3,0,85,27,0,5,3,30,14,15,4,0,23,3,25,7,7,0,6,14,19,3,13,28,12,20,5,0,2,8,7,0,7,7,3,17,6,3,15,5,10,0,44,0,17,4,33,2,9,2,3,18,5,13,24,5,1,2,0,15,43,5,13,21,23,1,1,7,1,33,6,41,18,3,5,2,1,2,23,2,1,11,17,9,15,45,7,44,3,39,17,20,4,4,2,10,20,7,0,0,176,3,1,7,15,0,11,74,0,11,156,12,21,16,0,12,1,1,9,0,24,30,8,1,1,8,26,22,1,1,46,2,2,1,5,2,19,0,4,1,21,16,3,3,11,0,16,13,0,2,0,3,11,2,1,0,6,15,26,6,5,0,2,31,3,61,2,4,31,2,0,5,3,0,0,0,1,3,2,28,0,17,12,20,8,1,9,669,8,2,48,0,50,20,12,34,5,0,0,1,2,2,46,2,7,2,0,4,83,1,13,28,7,10,56,39,8,3,3,7,12,1,0,3,44,1,1,3,7,40,30,0,1,1,1,1,41,3,7,6,1,5,20,20,5,44,7,1,2,2,2,0,3,0,12,5,1,12,2,6,0,4,0,0,49,30,1,9,22,5,1,5,1,3,2,45,6,5,2,0,10,10,2,4,5,0,24,47,3,7,4,9,16,0,2,1,1,14,26,0,1,43,4,6,3,21,7,1,3,10,2,2,6,5,315,3,1,34,3,10,1,3,0,2,1,3,39,3,0,5,6,1,6,8,2,1,142,9,110,1,1,24,1,1,5,1,4,2,9,7,2,4,24,1,39,91,7,0,3,21,4,6,4,1,0,3,2,9,5,16,6,2,3,17,0,2,39,12,3,1,9,1,5,5,2,7,152,22,7,2,1,5,7,10,5,61,7,2,4,10,17,0,2,1,2,16,13,16,9,19,1,5,7,61,2,4,18,3,16,2,10,7,1,1,55,37,0,1,9,49,5,2,14,11,120,5,1,5,6,1,1,10,2,17,1,2,5,0,60,18,6,3,18,1,1,8,0,10,22,11,1,3,3,4,13,1,3,1,1,17,3,10,2,7,6,9,0,8,1,0,1,2,17,1,0,5,13,8,1,3,3,24,0,8,1,0,5,2,1,15,19,2,0,0,8,3,1,1,1,2,5,1,2,6,74,2,4,58,1,2,2,8,9,0,3,19,47,1,0,4,3,4,8,4,11,1,11,1,4,2,11,15,21,0,3,12,1,2,1,27,25,6,7,5,2,7,6,12,3,22,12,1,5,2,21,3,0,5,5,9,17,8,6,7,5,2,3,23,3,1,9,19,1,2,9,2,6,2,2,1,18,3,1,39,7,0,0,1,1,41,14,0,4,0,2,1,5,0,2,21,5,7,8,1,1,3,0,1,2,12,9,9,18,2,14,0
x26,2318,945,5535,549,1589,3073,2453,1784,3610,461,4366,539,3316,696,3808,3917,4380,2544,533,2710,208,2092,438,317,4115,416,513,268,630,3336,922,2143,5005,1401,3125,190,2337,4788,2544,758,6184,3010,6308,5502,2913,871,182,397,6085,498,2482,4247,1503,1594,341,460,394,9336,859,5916,1733,3050,1551,1871,3430,1388,1394,2090,1406,3148,2061,608,1061,1024,3041,2881,951,3951,3908,6228,104,395,496,7813,3428,766,3985,2493,10676,131,6161,2257,431,4417,322,142,911,141,3654,1218,392,694,3330,435,556,285,693,458,277,3297,2228,1427,3670,710,495,13289,341,2737,606,2289,1789,145,8938,241,121,2282,210,240,4565,820,1758,99,4798,888,1368,2925,3345,8129,2434,7086,111,944,1955,1211,25,142,1468,1609,1050,235,169,1299,2609,612,1275,1764,1334,2162,168,362,64,931,2793,1673,2051,1560,2818,117,822,2852,243,1314,853,966,105,623,115,117,224,462,2325,511,1356,274,357,394,264,40,6870,186,206,949,111,81,4832,125,106,3298,1040,153,1468,395,525,1636,273,1793,1336,78,252,32,1341,727,1388,1989,1087,76,1594,615,981,57,301,3507,2199,1003,1446,861,335,2472,136,51,312,4615,649,278,514,120,33,3573,479,4430,178,105,619,191,507,590,608,3529,1048,177,124,1385,3209,814,127,1196,4101,190,518,1054,1125,2275,332,346,45,1058,1317,1222,1221,704,164,827,2128,6676,718,197,967,1461,4458,810,112,667,607,2450,52,1132,1021,857,2138,1622,195,2445,531,567,35,1348,225,911,250,3255,878,598,497,205,2610,1725,592,2335,1334,100,605,116,1666,644,653,1740,976,5235,188,237,273,158,2071,936,2657,1861,972,544,334,59,302,1772,395,232,2722,669,2282,3260,1733,582,4247,1124,735,2645,3373,139,1728,301,354,1134,212,131,119,3682,319,311,308,805,133,4818,1879,62,504,6132,742,1024,1574,123,898,91,80,603,113,4742,1446,1632,250,419,860,860,4082,249,213,2094,133,256,451,1172,157,1085,113,552,308,432,1389,204,476,1191,163,5835,594,144,551,178,161,539,303,440,216,344,263,695,284,780,102,104,1779,594,3607,420,79,109,504,109,434,324,169,152,123,177,502,152,2092,82,4801,2372,2816,2615,276,1207,2723,2411,292,5798,91,5438,271,276,948,292,122,51,133,307,328,3093,459,908,314,136,467,3946,430,298,4109,838,1656,3500,2750,274,978,878,283,504,186,67,383,879,71,339,521,2025,3732,574,208,233,105,472,273,1814,345,1302,1392,314,1653,2775,5170,920,2888,1100,231,269,192,293,100,635,136,717,2305,310,647,563,1770,247,937,143,73,2200,793,289,358,1133,283,220,270,570,859,322,5640,1541,135,288,233,477,1764,587,389,400,282,2221,3288,923,562,674,1024,1255,249,392,71,525,1223,2192,117,351,3871,384,1300,880,3580,1414,65,245,2582,312,374,850,1550,3730,557,172,2747,95,1293,367,114,141,344,178,1128,1640,152,162,955,800,170,455,311,434,319,1010,247,2346,326,380,2631,205,270,1387,286,1137,154,1505,900,613,235,403,429,1601,2336,1913,214,258,1902,294,645,869,127,289,879,798,158,808,225,627,304,679,2158,45,241,2861,3977,520,632,405,385,803,933,718,2425,419,2172,1838,370,324,474,430,501,205,642,1173,334,224,497,4339,128,381,454,212,1304,1358,294,1265,2359,117,277,2495,1296,400,466,1096,1097,3307,558,295,393,353,299,2432,2733,160,124,1034,5379,881,600,1863,2513,1371,215,160,461,771,434,110,843,326,1243,174,777,792,271,1437,949,637,572,4256,285,84,1084,154,1169,1478,571,355,527,358,903,1650,166,525,448,308,2499,1061,1411,325,383,514,1512,102,769,168,104,98,307,859,572,131,109,2332,2732,495,576,275,5008,210,3096,305,95,482,270,306,259,522,378,156,275,1767,834,247,75,350,507,275,394,214,1534,2815,276,1315,1976,231,232,262,84,1153,228,178,6631,2820,192,189,788,824,459,668,1832,311,240,711,358,1047,298,207,141,932,102,971,1492,275,395,169,817,1989,281,1101,1210,210,1569,1308,2304,443,2644,3021,211,187,694,482,429,99,1632,122,1052,804,427,1911,1316,991,456,430,2920,757,220,245,969,136,465,2371,523,437,721,263,341,1087,940,366,1214,1099,156,188,142,209,5256,4178,281,575,144,1022,190,825,240,318,5383,2001,1039,1236,209,267,162,106,477,204,2018,955,1139,771,252,867,86
x27,12,1,4,0,1,6,5,2,3,2,10,0,0,0,0,0,0,0,0,0,0,0,0,0,0,0,0,0,0,0,0,0,0,0,0,0,0,0,0,0,0,0,0,0,0,0,0,0,0,0,0,0,0,0,0,0,0,0,0,0,0,0,0,0,0,0,0,0,0,0,0,0,0,0,0,0,0,0,0,0,0,0,0,0,0,0,0,0,0,0,0,0,0,0,0,0,0,0,0,0,0,0,0,0,0,0,0,0,0,0,0,0,0,0,0,0,0,0,0,0,1,0,0,0,0,0,0,0,0,0,0,0,0,0,0,0,0,0,0,0,0,0,0,0,0,0,0,0,0,0,0,0,0,0,0,0,0,0,0,0,0,0,0,0,0,0,0,0,0,0,0,0,0,0,0,0,0,0,0,0,0,0,0,0,0,0,0,0,0,0,0,0,0,0,0,0,0,0,0,0,0,0,0,0,0,0,0,0,0,0,0,0,0,0,0,0,0,0,0,0,0,0,0,0,0,0,0,0,0,0,0,0,0,0,0,0,0,0,0,0,0,0,0,0,0,0,0,0,0,0,0,0,0,0,0,0,0,0,0,0,0,0,0,0,0,0,0,0,0,0,0,0,0,0,0,0,0,0,0,0,0,0,0,0,0,0,0,0,0,0,0,0,0,0,0,0,0,0,0,0,0,0,0,0,0,0,0,0,0,0,0,0,0,0,0,0,0,0,0,0,0,0,0,0,0,0,0,0,0,0,0,0,0,0,0,0,0,0,0,0,0,0,0,0,0,0,0,0,0,0,0,0,0,0,0,0,0,0,0,0,0,0,0,0,0,0,0,0,0,0,0,0,0,0,0,0,0,0,0,0,0,0,0,0,0,0,0,0,0,0,0,0,0,0,0,0,0,0,0,0,0,0,0,0,0,0,0,0,0,0,0,0,0,0,0,0,0,0,0,0,0,0,0,0,0,0,0,0,0,0,0,0,0,0,0,0,0,0,0,0,0,0,0,0,0,0,0,0,0,0,0,0,0,0,0,0,0,0,0,0,0,0,0,0,0,0,0,0,0,0,0,0,0,0,0,0,0,0,0,0,0,0,0,0,0,0,0,0,0,0,0,0,0,0,0,0,0,0,0,0,0,0,0,0,0,0,0,0,0,0,0,0,0,0,0,0,0,0,0,0,0,0,0,0,0,0,0,0,0,0,0,0,0,0,0,0,0,0,0,0,0,0,0,0,0,0,0,0,0,0,0,0,0,0,0,0,0,0,0,0,0,0,0,0,0,0,0,0,0,0,0,0,0,0,0,0,0,0,0,0,0,0,0,0,0,0,0,0,0,0,0,0,0,0,0,0,0,0,0,0,0,0,0,0,0,0,0,0,0,0,0,0,0,0,0,0,0,0,0,0,0,0,0,0,0,0,0,0,0,0,0,0,0,0,0,0,0,0,0,0,0,0,0,0,0,0,0,0,0,0,0,0,0,0,0,0,0,0,0,0,0,0,0,0,0,0,0,0,0,0,0,0,0,0,0,0,0,0,0,0,0,0,0,0,0,0,0,0,0,0,0,0,0,0,0,0,0,0,0,0,0,0,0,0,0,0,0,0,0,0,0,0,0,0,0,0,0,0,0,0,0,0,0,0,0,0,0,0,0,0,0,0,0,0,0,0,0,0,0,0,0,0,0,0,0,0,0,0,0,0,0,0,0,0,0,0,0,0,0,0,0,0,0,0,0,0,0,0,0,0,0,0,0,0,0,0,0,0,0,0,0,0,0,0,0,0,0,0,0,0,0,0,0,0,0,0,0,0,0,0,0,0,0,0,0,0,0,0,0,0,0,0,0,0,0,0,0,0,0,0,0,0,0,0,0,0,0,0,0,0,0,0,0,0,0,0,0,0,0,0,0,0,0,0,0,0,0,0,0,0,0,0,0,0,0,0,0,0,0,0,0,0,0,0,0,0,0,0,0,0,0,0,0,0,0,0,0,0,0
x28,0,0,0,0,0,0,0,0,0,0,0,0,0,0,0,0,0,0,0,0,0,0,0,0,0,0,0,0,0,0,0,0,0,0,0,0,0,0,0,0,0,0,0,0,0,0,0,0,0,0,0,0,0,0,0,0,0,0,0,0,0,0,0,0,0,0,0,0,0,0,0,0,0,0,0,0,0,0,0,0,0,0,0,0,0,0,0,0,0,0,0,0,0,0,0,0,0,0,0,0,0,0,0,0,0,0,0,0,0,0,0,0,0,0,0,0,0,0,0,0,0,0,0,0,0,0,0,0,0,0,0,0,0,0,0,0,0,0,0,0,0,0,0,0,0,0,0,0,0,0,0,0,0,0,0,0,0,0,0,0,0,0,0,0,0,0,0,0,0,0,0,0,0,0,0,0,0,0,0,0,0,0,0,0,0,0,0,0,0,0,0,0,0,0,0,0,0,0,0,0,0,0,0,0,0,0,0,0,0,0,0,0,0,0,0,0,0,0,0,0,0,0,0,0,0,0,0,0,0,0,0,0,0,0,0,0,0,0,0,0,0,0,0,0,0,0,0,0,0,0,0,0,0,0,0,0,0,0,0,0,0,0,0,0,0,0,0,0,0,0,0,0,0,0,0,0,0,0,0,0,0,0,0,0,0,0,0,0,0,0,0,0,0,0,0,0,0,0,0,0,0,0,0,0,0,0,0,0,0,0,0,0,0,0,0,0,0,0,0,0,0,0,0,0,0,0,0,0,0,0,0,0,0,0,0,0,0,0,0,0,0,0,0,0,0,0,0,0,0,0,0,0,0,0,0,0,0,0,0,0,0,0,0,0,0,0,0,0,0,0,0,0,0,0,0,0,0,0,0,0,0,0,0,0,0,0,0,0,0,0,0,0,0,0,0,0,0,0,0,0,0,0,0,0,0,0,0,0,0,0,0,0,0,0,0,0,0,0,0,0,0,0,0,0,0,0,0,0,0,0,0,0,0,0,0,0,0,0,0,0,0,0,0,0,0,0,0,0,0,0,0,0,0,0,0,0,0,0,0,0,0,0,0,0,0,0,0,0,0,0,0,0,0,0,0,0,0,0,0,0,0,0,0,0,0,0,0,0,0,0,0,0,0,0,0,0,0,0,0,0,0,0,0,0,0,0,0,0,0,0,0,0,0,0,0,0,0,0,0,0,0,0,0,0,0,0,0,0,0,0,0,0,0,0,0,0,0,0,0,0,0,0,0,0,0,0,0,0,0,0,0,0,0,0,0,0,0,0,0,0,0,0,0,0,0,0,0,0,0,0,0,0,0,0,0,0,0,0,0,0,0,0,0,0,0,0,0,0,0,0,0,0,0,0,0,0,0,0,0,0,0,0,0,0,0,0,0,0,0,0,0,0,0,0,0,0,0,0,0,0,0,0,0,0,0,0,0,0,0,0,0,0,0,0,0,0,0,0,0,0,0,0,0,0,0,0,0,0,0,0,0,0,0,0,0,0,0,0,0,0,0,0,0,0,0,0,0,0,0,0,0,0,0,0,0,0,0,0,0,0,0,0,0,0,0,0,0,0,0,0,0,0,0,0,0,0,0,0,0,0,0,0,0,0,0,0,0,0,0,0,0,0,0,0,0,0,0,0,0,0,0,0,0,0,0,0,0,0,0,0,0,0,0,0,0,0,0,0,0,0,0,0,0,0,0,0,0,0,0,0,0,0,0,0,0,0,0,0,0,0,0,0,0,0,0,0,0,0,0,0,0,0,0,0,0,0,0,0,0,0,0,0,0,0,0,0,0,0,0,0,0,0,0,0,0,0,0,0,0,0,0,0,0,0,0,0,0,0,0,0,0,0,0,0,0,0,0,0,0,0,0,0,0,0,0,0,0,0,0,0,0,0,0,0,0,0,0,0,0,0,0,0,0,0,0,0,0,0,0,0,0,0,0,0,0,0,0,0,0,0,0,0,0,0,0,0,0,0,0,0,0,0,0,0,0,0,0,0,0
x29,0,0,0,0,0,0,0,0,0,0,0,0,0,0,0,0,0,0,0,0,0,0,0,0,0,0,0,0,0,0,0,0,0,0,0,0,0,0,0,0,0,0,0,1,0,0,0,0,0,0,0,0,0,0,0,0,0,0,0,0,0,0,0,0,0,0,0,0,0,0,0,0,0,0,0,0,0,0,0,0,0,0,0,0,0,0,0,0,0,0,0,0,0,0,0,0,0,0,0,0,0,0,0,0,0,0,0,0,0,0,0,0,0,0,0,0,0,0,0,0,0,0,0,0,0,0,0,0,0,0,0,0,0,0,0,0,0,0,0,0,0,0,0,0,0,0,0,0,0,0,0,0,0,0,0,0,0,0,0,0,0,0,0,0,0,0,0,0,0,0,0,0,0,0,0,0,0,0,0,0,0,0,0,0,0,0,0,0,0,0,0,0,0,0,0,0,0,0,0,0,0,0,0,0,0,0,0,0,0,0,0,0,0,0,0,0,0,0,0,0,0,0,0,0,0,0,0,0,0,0,0,0,0,0,0,0,0,0,0,0,0,0,0,0,0,0,0,0,0,0,0,0,0,0,0,0,0,0,0,0,0,0,0,0,0,0,0,0,0,0,0,0,0,0,0,0,0,0,0,0,0,0,0,0,0,0,0,0,0,0,0,0,0,0,0,0,0,0,0,0,0,0,0,0,0,0,0,0,0,0,0,0,0,0,0,0,0,0,0,0,0,0,0,0,0,0,0,0,0,0,0,0,0,0,0,0,0,0,0,0,0,0,0,0,0,0,0,0,0,0,0,0,0,0,0,0,0,0,0,0,0,0,0,0,0,0,0,0,0,0,0,0,0,0,0,0,0,0,0,0,0,0,0,0,0,0,0,0,0,0,0,0,0,0,0,0,0,0,0,0,0,0,0,0,0,0,0,0,0,0,0,0,0,0,0,0,0,0,0,0,0,0,0,0,0,0,0,0,0,0,0,0,0,0,0,0,0,0,0,0,0,0,0,0,0,0,0,0,0,0,0,0,0,0,0,0,0,0,0,0,0,0,0,0,0,0,0,0,0,0,0,0,0,0,0,0,0,0,0,0,0,0,0,0,0,0,0,0,0,0,0,0,0,0,0,0,0,0,0,0,0,0,0,0,0,0,0,0,0,0,0,0,0,0,0,0,0,0,0,0,0,0,0,0,0,0,0,0,0,0,0,0,0,0,0,0,0,0,0,0,0,0,0,0,0,0,0,0,0,0,0,0,0,0,0,0,0,0,0,0,0,0,0,0,0,0,0,0,0,0,0,0,0,0,0,0,0,0,0,0,0,0,0,0,0,0,0,0,0,0,0,0,0,0,0,0,0,0,0,0,0,0,0,0,0,0,0,0,0,0,0,0,0,0,0,0,0,0,0,0,0,0,0,0,0,0,0,0,0,0,0,0,0,0,0,0,0,0,0,0,0,0,0,0,0,0,0,0,0,0,0,0,0,0,0,0,0,0,0,0,0,0,0,0,0,0,0,0,0,0,0,0,0,0,0,0,0,0,0,0,0,0,0,0,0,0,0,0,0,0,0,0,0,0,0,0,0,0,0,0,0,0,0,0,0,0,0,0,0,0,0,0,0,0,0,0,0,0,0,0,0,0,0,0,0,0,0,0,0,0,0,0,0,0,0,0,0,0,0,0,0,0,0,0,0,0,0,0,0,0,0,0,0,0,0,0,0,0,0,0,0,0,0,0,0,0,0,0,0,0,0,0,0,0,0,0,0,0,0,0,0,0,0,0,0,0,0,0,0,0,0,0,0,0,0,0,0,0,0,0,0,0,0,0,0,0,0,0,0,0,0,0,0,0,0,0,0,0,0,0,0,0,0,0,0,0,0,0,0,0,0,0,0,0,0,0,0,0,0,0,0,0,0,0,0,0,0,0,0,0,0,0,0,0,0,0,0,0,0,0,0,0,0,0,0,0,0,0,0,0,0,0,0,0,0,0,0,0,0
x3,60,94,4,18,10,115,6,141,0,0,12,11,16,7,690,22,14,92,0,1370,4,44,10,13,2,2,10,11,2,13,38,10,72,38,0,4,4,114,25,9,141,9,2,26,580,27,2,23,139,11,394,29,8,1,13,0,0,111,0,6,7,0,17,7,23,0,4,27,13,19,5,1,2,28,18,4,184,0,0,583,0,95,34,4,80,84,110,57,168,0,13,30,29,21,103,1,10,2,928,14,5,4,208,13,22,55,164,24,0,20,264,2,85,3,5,486,0,294,7,100,12,33,121,1,2,59,0,2,122,100,21,7,20,10,13,4,4,141,185,4,28,5,71,5,1,44,350,116,10,27,0,20,73,148,13,187,19,46,0,77,20,33,85,98,16,0,286,10,1,169,0,22,5,226,1,22,5,33,0,0,140,15,22,1,20,43,12,0,82,6,3,0,0,17,73,0,15,472,25,91,9,45,0,56,1,2,0,2,6,4,25,17,27,9,0,0,27,1,0,24,1,1,34,108,37,13,6,24,34,0,39,1972,26,126,51,7,1,349,6,585,3,0,93,13,70,6,13,85,26,61,12,259,887,3,0,20,591,2,6,18,17,7,7,16,0,27,215,86,1288,63,1,4,107,13,58,5,13,156,16,14,2,3,15,9,303,970,7,27,108,206,1,143,37,66,2,275,2,112,2,266,23,49,22,1,5,6,7,37,169,21,145,3,130,74,285,10,280,546,0,4,0,0,0,0,0,0,0,0,0,0,0,0,0,0,0,0,0,0,0,0,0,0,0,0,0,0,0,0,0,0,0,0,0,0,0,0,0,0,0,0,0,0,0,0,0,0,0,0,0,0,0,0,0,0,0,0,0,0,0,0,0,0,0,0,0,0,0,0,0,0,0,0,0,0,0,0,0,0,0,0,0,0,0,0,0,0,0,0,0,0,0,0,0,0,0,0,0,0,0,0,0,0,0,0,0,0,0,0,0,0,0,0,0,0,0,0,0,0,0,0,0,0,0,0,0,0,0,0,0,0,0,0,0,0,0,0,0,0,0,0,0,0,0,0,0,0,0,0,0,0,0,0,0,0,0,0,0,0,0,0,0,0,0,0,0,0,0,0,0,0,0,0,0,0,0,0,0,0,0,0,0,0,0,0,0,0,0,0,0,0,0,0,0,0,0,0,0,0,0,0,0,0,0,0,0,0,0,0,0,0,0,0,0,0,0,0,0,0,0,0,0,0,0,0,0,0,0,0,0,0,0,0,0,0,0,0,0,0,0,0,0,0,0,0,0,0,0,0,0,0,0,0,0,0,0,0,0,0,0,0,0,0,0,0,0,0,0,0,0,0,0,0,0,0,0,0,0,0,0,0,0,0,0,0,0,0,0,0,0,0,0,0,0,0,0,0,0,0,0,0,0,0,0,0,0,0,0,0,0,0,0,0,0,0,0,0,0,0,0,0,0,0,0,0,0,0,0,0,0,0,0,0,0,0,0,0,0,0,0,0,0,0,0,0,0,0,0,0,0,0,0,0,0,0,0,0,0,0,0,0,0,0,0,0,0,0,0,0,0,0,0,0,0,0,0,0,0,0,0,0,0,0,0,0,0,0,0,0,0,0,0,0,0,0,0,0,0,0,0,0,0,0,0,0,0,0,0,0,0,0,0,0,0,0,0,0,0,0,0,0,0,0,0,0,0,0,0,0,0,0,0,0,0,0,0,0,0,0,0,0,0,0,0,0,0,0,0,0,0,0,0,0,0,0,0,0,0,0,0,0,0,0,0,0,0,0,0,0,0,0,0,0,0,0,0,0,0,0,0,0,0,0,0,0,0,0,0,0,0,0,0,0,0,0,0,0,0,0,0,0,0,0,0,0,0,0,0,0,0,0,0,0,0,0,0,0,0,0,0,0,0,0,0,0,0,0,0,0,0,0,0,0,0,0,0,0,0,0,0,0,0,0,0,0,0,0,0,0,0,0,0,0,0,0,0,0,0,0,0
x4,0,0,6,0,5,3,6,5,2,0,1,1,12,0,89,0,1,7,1,2,0,4,6,0,0,3,1,0,0,3,0,0,7,1,7,0,1,0,8,0,3,0,2,41,7,1,0,8,21,5,0,10,0,0,2,0,0,2,0,1,0,4,1,17,20,1,7,21,5,1,0,0,4,0,4,2,0,3,2,29,0,0,1,23,18,0,16,32,3,0,1,0,0,11,0,0,1,0,2,1,1,0,2,0,0,0,0,0,1,8,3,1,10,1,0,2,0,3,1,13,1,0,7,0,0,1,1,0,0,0,3,0,11,0,1,1,5,4,8,8,0,0,4,1,0,0,1,13,1,0,0,11,1,0,2,0,0,2,0,0,0,11,29,0,19,2,1,2,1,5,0,3,27,1,0,3,0,0,1,0,0,7,18,2,0,1,0,0,10,0,0,1,0,1,47,0,0,6,1,1,13,2,0,2,4,44,1,0,0,0,0,0,2,0,12,0,1,2,6,0,0,2,22,4,32,3,0,16,1,2,3,3,4,0,0,0,0,4,1,16,0,0,1,8,1,2,0,16,1,2,0,1,19,0,0,25,9,0,1,7,0,4,1,0,0,0,5,2,29,89,0,0,10,7,6,1,1,7,13,1,0,1,3,3,0,0,0,0,2,8,1,17,1,29,0,0,0,22,0,24,0,3,1,4,4,1,3,4,4,0,1,0,3,1,1,4,6,48,0,0,1,0,0,0,1,0,0,0,0,0,0,0,0,0,0,0,0,0,0,0,0,0,0,0,0,0,0,0,0,0,0,0,0,0,0,0,0,0,0,0,0,0,0,0,0,0,0,0,0,0,0,0,0,0,0,0,0,0,0,0,0,0,0,0,0,0,0,0,0,0,0,0,0,0,0,0,0,0,0,0,0,0,0,0,0,0,0,0,0,0,0,0,0,0,0,0,0,0,0,0,0,0,0,0,0,0,0,0,0,0,0,0,0,0,0,0,0,0,0,0,0,0,0,0,0,0,0,0,0,0,0,0,0,0,0,0,0,0,0,0,0,0,0,0,0,0,0,0,0,0,0,0,0,0,0,0,0,0,0,0,0,0,0,0,0,0,0,0,0,0,0,0,0,0,0,0,0,0,0,0,0,0,0,0,0,0,0,0,0,0,0,0,0,0,0,0,0,0,0,0,0,0,0,0,0,0,0,0,0,0,0,0,0,0,0,0,0,0,0,0,0,0,0,0,0,0,0,0,0,0,0,0,0,0,0,0,0,0,0,0,0,0,0,0,0,0,0,0,0,0,0,0,0,0,0,0,0,0,0,0,0,0,0,0,0,0,0,0,0,0,0,0,0,0,0,0,0,0,0,0,0,0,0,0,0,0,0,0,0,0,0,0,0,0,0,0,0,0,0,0,0,0,0,0,0,0,0,0,0,0,0,0,0,0,0,0,0,0,0,0,0,0,0,0,0,0,0,0,0,0,0,0,0,0,0,0,0,0,0,0,0,0,0,0,0,0,0,0,0,0,0,0,0,0,0,0,0,0,0,0,0,0,1,0,0,0,0,0,0,0,0,0,0,0,0,0,0,0,0,0,0,0,0,0,0,0,0,0,0,0,0,0,0,0,1,0,0,0,0,0,0,0,0,0,0,0,0,0,0,0,0,0,0,0,0,0,0,0,0,0,0,0,0,0,0,0,0,0,0,0,0,0,0,0,0,0,0,0,0,0,0,0,0,0,0,0,0,0,0,0,0,0,0,0,0,0,0,0,0,0,0,0,0,0,0,0,0,0,0,0,0,0,0,0,0,0,0,0,0,0,0,0,0,0,0,0,0,0,0,0,0,0,0,0,0,0,0,0,0,0,0,0,0,0,0,0,0,0,0,0,0,0,0,0,0,0,0,0,0,0,0,0,0,0,0,0,0,0,0,0,0,0,0,0,0,0,0,0,0,0,0,0,0,0,0,0,0,0,0,0,0,0,0,0,0,0,0,0,0
x5,4,3,141,4,9,22,29,4,54,3,112,4,15,3,75,34,11,30,2,53,0,14,1,0,22,4,1,1,1,10,1,6,32,3,17,0,11,42,12,1,14,12,56,12,10,5,0,0,25,0,35,30,37,3,1,1,0,22,19,43,3,12,52,3,14,1,3,10,43,20,17,6,10,3,12,15,3,10,7,16,4,2,5,37,13,34,14,11,149,0,20,20,2,28,1,2,14,0,14,41,4,2,12,1,1,0,4,3,0,21,12,10,21,4,3,21,1,33,3,8,26,0,95,1,0,7,1,1,27,2,8,0,14,16,7,27,115,11,8,26,2,5,20,11,0,5,10,101,4,1,0,11,32,6,5,49,11,19,1,12,0,34,12,13,25,60,94,0,45,71,3,24,17,13,1,12,0,0,3,5,45,13,15,4,6,10,2,0,24,1,6,7,0,0,37,0,1,59,37,0,11,4,7,59,6,26,9,0,1,0,4,23,11,16,11,0,153,6,15,0,3,123,20,3,5,99,2,50,0,0,3,30,21,4,7,2,0,70,6,53,6,2,11,0,4,10,5,12,9,1,2,12,28,3,0,27,79,1,31,11,19,19,2,2,1,8,7,8,7,14,3,19,28,40,7,1,20,6,65,8,2,2,24,277,3,12,12,4,97,11,5,120,1,5,1,22,7,29,5,23,5,3,2,1,22,42,8,9,57,3,8,1,395,2,5,10,25,45,1,2,1,2,29,4,54,23,14,1,1,1,4,9,13,4,13,60,15,13,7,2,16,28,12,22,58,1,6,3,3,32,2,0,4,56,7,2,3,11,0,68,16,1,3,130,13,4,26,0,5,2,1,2,0,20,87,7,2,5,9,3,57,1,2,7,1,4,1,10,1,15,0,6,6,49,15,6,28,10,3,144,14,15,15,2,1,9,2,7,1,4,2,18,1,6,1,1,12,4,31,2,0,11,22,0,5,3,0,0,1,2,5,6,84,2,69,15,25,56,1,15,42,10,3,24,0,59,4,3,11,6,0,3,0,2,4,18,1,16,4,1,7,62,2,18,27,37,14,108,90,17,5,11,6,4,0,1,33,12,0,5,6,11,57,39,1,1,1,2,4,43,4,31,42,5,11,32,62,5,76,23,1,1,3,2,1,4,2,5,11,4,15,2,106,1,4,4,0,38,8,2,1,9,1,2,11,5,8,2,217,7,9,2,4,2,6,10,7,2,3,378,18,19,17,3,18,6,1,5,1,5,14,14,1,2,29,10,16,6,17,12,2,2,14,1,9,7,21,32,7,4,19,0,5,6,0,1,3,1,5,8,0,5,6,16,0,4,4,3,1,129,1,39,1,1,298,3,7,9,2,8,0,42,12,4,1,6,2,10,14,19,1,1,48,7,10,8,1,7,7,3,0,8,4,2,1,10,57,0,1,32,21,7,3,6,1,6,14,9,19,2,30,11,3,1,8,2,5,1,4,12,3,2,6,164,0,23,2,6,94,24,1,5,13,1,8,52,16,7,6,10,3,19,2,1,3,1,1,275,23,3,2,11,25,18,19,13,51,215,3,0,4,40,4,1,4,1,21,4,11,3,1,23,6,3,2,90,3,2,7,1,13,40,122,1,11,11,3,8,1,3,12,3,277,4,21,2,5,6,10,0,10,2,0,1,1,7,42,1,1,10,31,8,7,1,45,7,42,6,2,5,10,7,5,3,6,2,9,30,5,8,0,4,9,5,1,1,15,27,7,9,14,4,2,19,0,6,1,2,42,21,2,0,3,14,5,10,7,9,3,14,2,9,6,1,3,9,1,4,25,5,3,1,10,22,5,5,16,1,15,7,38,2,106,16,3,1,18,13,3,1,25,1,10,3,1,37,160,5,3,13,10,35,8,6,12,0,8,13,11,11,5,1,6,7,6,6,10,7,0,1,0,1,19,24,1,2,1,11,0,26,1,2,84,13,36,11,3,2,1,1,4,6,16,4,14,17,1,4,1
x6,7,432,21,1,4,4,0,2,35,0,18,0,2,27,27,16,323,0,11,6,0,2,2,0,80,8,9,2,0,5,5,0,6,0,17,28,0,565,0,2,12,9,6,133,0,16,0,0,9,0,3,26,5,7,0,0,2,80,120,219,6,11,8,2,3,1,65,482,3,9,3,0,18,0,1,25,0,482,1,7,1,0,2,6,3,0,129,2,138,0,3,0,0,218,0,1,23,0,2,1,0,2,1682,1,0,0,9,0,31,9,3,0,10,9,8,96,0,39,0,0,8,0,408,0,2,19,0,0,13,0,3,0,182,1,397,8,412,73,1,17,0,0,95,96,0,0,10,3,6,0,0,36,105,45,0,2,9,18,5,0,0,10,2,0,24,4,22,0,1,25,0,44,134,10,1,16,3,2,1,0,6,7,2,0,6,8,2,0,83,0,2,4,3,0,7,0,0,0,2,0,6,1,11,154,1,2,32,0,0,0,22,2,0,0,32,0,13,174,0,1,10,12,2,417,129,11,4,80,1,0,1,17,6,22,0,2,0,27,0,13,0,2,8,0,0,2,0,1,3,0,0,52,3,1,4,26,45,0,6,78,63,3,0,4,0,61,3,23,1,1,0,0,3,45,0,9,2,17,242,0,0,2,4,86,3,118,7,4,326,0,13,0,0,8,0,2,1,0,4,6,11,0,3,0,0,0,48,23,16,0,0,1,115,90,27,7,15,29,0,10,25,0,194,2,7,14,41,0,1,0,3,5,3,0,8,1,48,12,9,5,0,2,4,5,98,21,8,2,4,10,0,0,0,5,0,0,4,0,0,218,2,0,0,20,0,21,500,12,10,0,0,0,0,47,58,1,3,6,107,0,3,4,0,5,3,0,0,67,0,2,0,0,0,81,2,31,2,8,1,1,1,0,1,2,1,29,0,0,0,25,2,0,0,8,0,0,4,0,17,0,0,13,0,0,18,0,4,2,3,2,0,3,185,2,1013,1134,39,67,1,5,3,8,1,245,0,0,15,1,7,9,4,26,11,23,15,0,0,2,68,0,5,43,1,10,95,0,0,77,5,1,91,1,2,0,1,0,4,1,0,1,3,38,112,168,1,1,0,0,8,1,0,19,3,5,3,183,2,20,95,0,0,1,5,0,0,8,0,21,93,5,8,0,19,40,0,0,3,28,7,0,0,0,24,0,1,2,1,11,195,0,0,5,0,3,0,1,0,23,9,0,377,5,1,13,2,2,5,1,0,2,2,2,0,14,36,3,1,35,14,0,1,5,4,1,2,38,1,2,0,2,1,9,5,19,0,0,7,0,0,8,2,16,3,0,0,29,0,2,0,22,0,76,98,5,40,106,0,63,14,7,9,23,3,0,0,16,1,10,0,19,2,0,4,0,43,47,102,3,156,2,4,4,0,18,0,0,45,0,22,18,35,9,15,25,0,17,14,22,2,0,14,19,3,26,23,20,0,6,3,17,0,0,1,95,0,7,3,7,7,5,0,46,7,0,0,36,151,4,4,15,2,32,0,0,4,1,7,11,112,0,0,1,275,18,0,51,1,4,5,3,1,4,0,0,34,1,0,2,3,7,0,8,0,51,0,308,0,0,4,0,3,7,22,0,1,6,0,2,0,3,0,1,4,0,34,0,77,6,17,0,0,8,0,0,3,0,5,12,0,8,26,1,1,2,573,6,24,0,0,6,0,0,0,3,0,0,0,1,161,1,0,5,299,1,4,0,1,12,31,3,7,1,1,0,4,0,7,0,53,0,0,1,5,0,1,0,44,0,0,5,21,0,2,1,0,0,0,3,105,0,2,35,6,1,0,1,2,0,2,22,13,5,11,27,0,3,20,0,1,0,2,0,0,0,0,21,279,1616,13,0,1,6,0,5,2,1,5,24,2,2,6,0,0,36,0,0,1,0,0,0,0,6,0,60,11,472,0,1,0,2,3,5,66,30,0,5,5,0,3,0,5,0,8,1,15,69,0,41,1
x7,0,0,0,0,0,0,0,0,0,0,0,0,0,0,0,0,0,0,0,0,0,0,0,0,0,0,0,0,0,0,0,0,0,0,0,0,0,0,0,0,0,0,0,0,0,0,0,0,0,0,0,0,0,0,0,0,0,0,0,0,0,0,0,0,0,0,0,0,0,0,0,0,0,0,0,0,0,0,0,0,0,0,0,0,0,0,0,0,0,0,0,0,0,0,0,0,0,0,0,0,0,0,0,0,0,0,0,0,0,0,0,0,0,0,0,0,0,0,0,0,0,0,0,0,0,0,0,0,0,0,0,0,0,0,0,0,0,0,0,0,0,0,0,0,0,0,0,0,0,0,0,0,0,0,0,0,0,0,0,0,0,0,0,0,0,0,0,0,0,0,0,0,0,0,0,0,0,0,0,0,0,0,0,0,0,0,0,0,0,0,0,0,0,0,0,0,0,0,0,0,0,0,0,0,0,0,0,0,0,0,0,0,0,0,0,0,0,0,0,0,0,0,0,0,0,0,0,0,0,0,0,0,0,0,0,0,0,0,0,0,0,0,0,0,0,0,0,0,0,0,0,0,0,0,0,0,0,0,0,0,0,0,0,0,0,0,0,0,0,0,0,0,0,0,0,0,0,0,0,0,0,0,0,0,0,0,0,0,0,0,0,0,0,0,0,0,0,0,0,0,0,0,0,0,0,0,0,0,0,0,0,0,0,0,0,0,0,0,0,0,0,0,0,0,0,0,0,0,0,0,0,0,0,0,0,0,0,0,0,0,0,0,0,0,0,0,0,0,0,0,0,0,0,0,0,0,0,0,0,0,0,0,0,0,0,0,0,0,0,0,0,0,0,0,0,0,0,0,0,0,0,0,0,0,0,0,0,0,0,0,0,0,0,0,0,0,0,0,0,0,0,0,0,0,0,0,0,0,0,0,0,0,0,0,0,0,0,0,0,0,0,0,0,0,0,0,0,0,0,0,0,0,0,0,0,0,0,0,0,0,0,0,0,0,0,0,0,0,0,0,0,0,0,0,0,0,0,0,0,0,0,0,0,0,0,0,0,0,0,0,0,0,0,0,0,0,0,0,0,0,0,0,0,0,0,0,0,0,0,0,0,0,0,0,0,0,0,0,0,0,0,0,0,0,0,0,0,0,0,0,0,0,0,0,0,0,0,0,0,0,0,0,0,0,0,0,0,0,0,0,0,0,0,0,0,0,0,0,0,0,0,0,0,0,0,0,0,0,0,0,0,0,0,0,0,0,0,0,0,0,0,0,0,0,0,0,0,0,0,0,0,0,0,0,0,0,0,0,0,0,0,0,0,0,0,0,0,0,0,0,0,0,0,0,0,0,0,0,0,0,0,0,0,0,0,0,0,0,0,0,0,0,0,0,0,0,0,0,0,0,0,0,0,0,0,0,0,0,0,0,0,0,0,0,0,0,0,0,0,0,0,0,0,0,0,0,0,0,0,0,0,0,0,0,0,0,0,0,0,0,0,0,0,0,0,0,0,0,0,0,0,0,0,0,0,0,0,0,0,0,0,0,0,0,0,0,0,0,0,0,0,0,0,0,0,0,0,0,0,0,0,0,0,0,0,0,0,0,0,0,0,0,0,0,0,0,0,0,0,0,0,0,0,0,0,0,0,0,0,0,0,0,0,0,0,0,0,0,0,0,0,0,0,0,0,0,0,0,0,0,0,0,0,0,0,0,0,0,0,0,0,0,0,0,0,0,0,0,0,0,0,0,0,0,0,0,0,0,0,0,0,0,0,0,0,0,0,0,0,0,0,0,0,0,0,0,0,0,0,0,0,0,0,0,0,0,0,0,0,0,0,0,0,0,0,0,0,0,0,0,0,0,0,0,0,0,0,0,0,0,0,0,0,0,0,0,0,0,0,0,0,0,0,0,0,0,0,0,0,0,0,0,0,0,0,0,0,0,0,0,0,0,0,0,0,0,0,0,0,0,0,0,0,0,0,0,0,0,0
x8,0,0,0,0,0,0,0,0,0,0,0,0,0,0,0,0,0,0,0,0,0,0,0,0,0,0,0,0,0,0,0,0,0,0,0,0,0,0,0,0,0,0,0,0,0,0,0,0,0,0,0,0,0,0,0,0,0,0,0,0,0,0,0,0,0,0,0,0,0,0,0,0,0,0,0,0,0,0,0,0,0,0,0,0,0,0,0,0,0,0,0,0,0,0,0,0,0,0,0,0,0,0,0,0,0,0,0,0,0,0,0,0,0,0,0,0,0,0,0,0,0,0,0,0,0,0,0,0,0,0,0,0,0,0,0,0,0,0,0,0,0,0,0,0,0,0,0,0,0,0,0,0,0,0,0,0,0,0,0,0,0,0,0,0,0,0,0,0,0,0,0,0,0,0,0,0,0,0,0,0,0,0,0,0,0,0,0,0,0,0,0,0,0,0,0,0,0,0,0,0,0,0,0,0,0,0,0,0,0,0,0,0,0,0,0,0,0,0,0,0,0,0,0,0,0,0,0,0,0,0,0,0,0,0,0,0,0,0,0,0,0,0,0,0,0,0,0,0,0,0,0,0,0,0,0,0,0,0,0,0,0,0,0,0,0,0,0,0,0,0,0,0,0,0,0,0,0,0,0,0,0,0,0,0,0,0,0,0,0,0,0,0,0,0,0,0,0,0,0,0,0,0,0,0,0,0,0,0,0,0,0,0,0,0,0,0,0,0,0,0,0,0,0,0,0,0,0,0,0,0,0,0,0,0,0,0,0,0,0,0,0,0,0,0,0,0,0,0,0,0,0,0,0,0,0,0,0,0,0,0,0,0,0,0,0,0,0,0,0,0,0,0,0,0,0,0,0,0,0,0,0,0,0,0,0,0,0,0,0,0,0,0,0,0,0,0,0,0,0,0,0,0,0,0,0,0,0,0,0,0,0,0,0,0,0,0,0,0,0,0,0,0,0,0,0,0,0,0,0,0,0,0,0,0,0,0,0,0,0,0,0,0,0,0,0,0,0,0,0,0,0,0,0,0,0,0,0,0,0,0,0,0,0,0,0,0,0,0,0,0,0,0,0,0,0,0,0,0,0,0,0,0,0,0,0,0,0,0,0,0,0,0,0,0,0,0,0,0,0,0,0,0,0,0,0,0,0,0,0,0,0,0,0,0,0,0,0,0,0,0,0,0,0,0,0,0,0,0,0,0,0,0,0,0,0,0,0,0,0,0,0,0,0,0,0,0,0,0,0,0,0,0,0,0,0,0,0,0,0,0,0,0,0,0,0,0,0,0,0,0,0,0,0,0,0,0,0,0,0,0,0,0,0,0,0,0,0,0,0,0,0,0,0,0,0,0,0,0,0,0,0,0,0,0,0,0,0,0,0,0,0,0,0,0,0,0,0,0,0,0,0,0,0,0,0,0,0,0,0,0,0,0,0,0,0,0,0,0,0,0,0,0,0,0,0,0,0,0,0,0,0,0,0,0,0,0,0,0,0,0,0,0,0,0,0,0,0,0,0,0,0,0,0,0,0,0,0,0,0,0,0,0,0,0,0,0,0,0,0,0,0,0,0,0,0,0,0,0,0,0,0,0,0,0,0,0,0,0,0,0,0,0,0,0,0,0,0,0,0,0,0,0,0,0,0,0,0,0,0,0,0,0,0,0,0,0,0,0,0,0,0,0,0,0,0,0,0,0,0,0,0,0,0,0,0,0,0,0,0,0,0,0,0,0,0,0,0,0,0,0,0,0,0,0,0,0,0,0,0,0,0,0,0,0,0,0,0,0,0,0,0,0,0,0,0,0,0,0,0,0,0,0,0,0,0,0,0,0,0,0,0,0,0,0,0,0,0,0,0,0,0,0,0,0,0,0,0,0,0,0,0,0,0,0,0,0,0,0,0,0,0,0,0,0,0,0,0,0,0,0,0,0,0,0,0,0,0,0,0,0,0,0,0,0,0,0,0,0,0,0,0,0,0,0,0,0,0,0,0
x9,0,0,0,0,0,0,0,0,0,0,0,0,0,0,0,0,0,0,0,0,0,0,0,0,0,0,0,0,0,0,0,0,0,0,0,0,0,0,0,0,0,0,0,0,0,0,0,0,0,0,0,0,0,0,0,0,0,0,0,0,0,0,0,0,0,0,0,0,0,0,0,0,0,0,0,0,0,0,0,0,0,0,0,0,0,0,0,0,0,0,0,0,0,0,0,0,0,0,0,0,0,0,0,0,0,0,0,0,0,0,0,0,0,0,0,0,0,0,0,0,0,0,0,0,0,0,0,0,0,0,0,0,0,0,0,0,0,0,0,0,0,0,0,0,0,0,0,0,0,0,0,0,0,0,0,0,0,0,0,0,0,0,0,0,0,0,0,0,0,0,0,0,0,0,0,0,0,0,0,0,0,0,0,0,0,0,0,0,0,0,0,0,0,0,0,0,0,0,0,0,0,0,0,0,0,0,0,0,0,0,0,0,0,0,0,0,0,0,0,0,0,0,0,0,0,0,0,0,0,0,0,0,0,0,0,0,0,0,0,0,0,0,0,0,0,0,0,0,0,0,0,0,0,0,0,0,0,0,0,0,0,0,0,0,0,0,0,0,0,0,0,0,0,0,0,0,0,0,0,0,0,0,0,0,0,0,0,0,0,0,0,0,0,0,0,0,0,0,0,0,0,0,0,0,0,0,0,0,0,0,0,0,0,0,0,0,0,0,0,0,0,0,0,0,0,0,0,0,0,0,0,0,0,0,0,0,0,0,0,0,0,0,0,0,0,0,0,0,0,0,0,0,0,0,0,0,0,0,0,0,0,0,0,0,0,0,0,0,0,0,0,0,0,0,0,0,0,0,1,0,0,0,0,0,0,0,3,0,0,0,0,0,0,0,0,0,0,0,0,2,0,0,0,0,0,0,0,0,0,0,0,0,0,0,0,0,0,0,0,0,0,0,0,0,0,0,0,0,0,0,0,0,0,0,0,1,0,0,0,0,0,3,0,0,0,0,0,0,0,0,0,0,0,0,0,0,0,1,0,0,0,0,0,0,0,0,0,0,0,0,0,0,0,0,0,0,0,0,0,0,0,0,0,0,0,0,0,0,0,0,0,0,0,0,0,1,0,0,0,0,0,0,0,0,0,0,0,0,0,0,0,0,0,0,0,0,0,0,0,0,0,0,0,0,0,0,0,0,0,0,0,0,0,0,0,0,0,0,0,0,0,0,0,1,0,0,0,0,0,0,0,0,0,0,0,0,0,0,0,1,0,0,0,0,0,0,0,0,0,0,0,0,0,0,0,0,0,0,0,0,0,0,0,0,0,0,0,0,0,1,0,4,0,0,0,0,0,5,0,0,0,0,0,0,0,0,0,0,4,0,0,0,0,0,0,0,0,0,0,0,0,0,0,0,0,0,0,0,0,0,0,0,0,0,0,0,0,0,0,0,0,0,0,0,0,0,0,0,0,0,0,0,0,0,0,0,0,0,0,0,0,0,0,0,0,0,0,0,0,0,0,0,0,0,0,0,0,0,0,0,0,0,0,0,0,0,0,0,0,0,0,0,0,0,0,0,0,0,0,0,0,0,0,0,0,0,0,0,0,0,0,0,0,0,0,0,0,0,0,0,0,0,0,0,0,0,0,0,0,0,0,0,0,0,0,0,0,0,0,0,0,0,0,0,0,0,0,0,0,0,0,0,3,0,0,0,0,0,0,0,0,0,0,0,0,0,0,0,0,0,1,0,0,0,0,5,0,0,1,0,0,0,0,0,0,0,0,0,0,0,0,0,0,0,0,2,0,0,0,0,0,0,1,0,0,0,0,0,0,0,0,0,0,0,0,0,0,0,0,0,0,0,0,0,0,0,0,0,0,0,0,0,0,0,0,0,0,0,0,0,0,0,0,0,0,0,0,0,0,0,0,0,0,3,0,0,0,0,0,0,0,0,0,2,0,0,0,0,0,0,0,0,0,0,0,0,0,0,0
