,init_0,init_1,init_2,init_3,init_4,init_5,init_6,init_7,init_8,init_9,init_10,init_11,init_12,init_13,init_to_steady1_1_0,init_to_steady1_1_1,init_to_steady1_1_2,init_to_steady1_1_3,init_to_steady1_1_4,init_to_steady1_1_5,init_to_steady1_1_6,init_to_steady1_1_7,init_to_steady1_1_8,init_to_steady1_1_9,init_to_steady1_1_10,init_to_steady1_1_11,init_to_steady1_1_12,init_to_steady1_1_13,init_to_steady1_1_14,init_to_steady1_1_15,init_to_steady1_1_16,init_to_steady1_1_17,init_to_steady1_1_18,init_to_steady1_1_19,init_to_steady1_1_20,init_to_steady1_1_21,init_to_steady1_1_22,init_to_steady1_1_23,init_to_steady1_1_24,init_to_steady1_1_25,init_to_steady1_1_26,init_to_steady1_1_27,init_to_steady1_1_28,init_to_steady1_1_29,init_to_steady1_1_30,init_to_steady1_1_31,init_to_steady1_1_32,init_to_steady1_1_33,init_to_steady1_1_34,init_to_steady1_1_35,init_to_steady1_1_36,init_to_steady1_1_37,init_to_steady1_1_38,init_to_steady1_1_39,init_to_steady1_1_40,init_to_steady1_1_41,init_to_steady1_1_42,init_to_steady1_1_43,init_to_steady1_1_44,init_to_steady1_1_45,init_to_steady1_1_46,init_to_steady1_1_47,init_to_steady1_1_48,init_to_steady1_1_49,init_to_steady1_1_50,init_to_steady1_1_51,init_to_steady1_1_52,init_to_steady1_1_53,init_to_steady1_1_54,init_to_steady1_1_55,init_to_steady1_1_56,init_to_steady1_1_57,init_to_steady1_1_58,init_to_steady1_1_59,init_to_steady1_1_60,init_to_steady1_1_61,init_to_steady1_1_62,init_to_steady1_1_63,init_to_steady1_1_64,init_to_steady1_1_65,init_to_steady1_2_0,init_to_steady1_2_1,init_to_steady1_2_2,init_to_steady1_2_3,init_to_steady1_2_4,init_to_steady1_2_5,init_to_steady1_2_6,init_to_steady1_2_7,init_to_steady1_2_8,init_to_steady1_2_9,init_to_steady1_2_10,init_to_steady1_2_11,init_to_steady1_2_12,init_to_steady1_2_13,init_to_steady1_2_14,init_to_steady1_2_15,init_to_steady1_2_16,init_to_steady1_2_17,init_to_steady1_2_18,init_to_steady1_2_19,init_to_steady1_2_20,init_to_steady1_2_21,init_to_steady1_2_22,init_to_steady1_2_23,init_to_steady1_2_24,init_to_steady1_2_25,init_to_steady1_2_26,init_to_steady1_2_27,init_to_steady1_2_28,init_to_steady1_2_29,init_to_steady1_2_30,init_to_steady1_2_31,init_to_steady1_2_32,init_to_steady1_2_33,init_to_steady1_2_34,init_to_steady1_2_35,init_to_steady1_2_36,init_to_steady1_2_37,init_to_steady1_2_38,init_to_steady1_2_39,init_to_steady1_2_40,init_to_steady1_2_41,init_to_steady1_2_42,init_to_steady1_2_43,init_to_steady1_2_44,init_to_steady1_2_45,init_to_steady1_2_46,init_to_steady1_2_47,init_to_steady1_2_48,init_to_steady1_2_49,init_to_steady1_2_50,init_to_steady1_2_51,init_to_steady1_2_52,init_to_steady1_2_53,init_to_steady1_2_54,init_to_steady1_2_55,init_to_steady1_2_56,init_to_steady1_2_57,init_to_steady1_2_58,init_to_steady1_2_59,init_to_steady1_2_60,init_to_steady1_2_61,init_to_steady1_2_62,init_to_steady1_2_63,init_to_steady1_2_64,init_to_steady1_2_65,init_to_steady1_2_66,init_to_steady1_2_67,init_to_steady1_2_68,init_to_steady1_2_69,init_to_steady1_2_70,init_to_steady1_2_71,init_to_steady1_2_72,init_to_steady1_2_73,init_to_steady1_2_74,init_to_steady1_2_75,init_to_steady1_2_76,init_to_steady1_2_77,init_to_steady1_2_78,init_to_steady1_2_79,init_to_steady1_2_80,init_to_steady1_2_81,init_to_steady1_2_82,init_to_steady1_2_83,init_to_steady1_2_84,init_to_steady1_2_85,init_to_steady1_2_86,init_to_steady1_2_87,init_to_steady1_2_88,init_to_steady1_2_89,init_to_steady1_2_90,init_to_steady1_2_91,init_to_steady1_2_92,init_to_steady1_2_93,init_to_steady1_2_94,init_to_steady1_2_95,init_to_steady1_2_96,init_to_steady1_2_97,init_to_steady1_2_98,init_to_steady1_2_99,init_to_steady1_2_100,init_to_steady1_2_101,init_to_steady1_2_102,init_to_steady1_2_103,init_to_steady1_2_104,init_to_steady1_2_105,init_to_steady1_2_106,init_to_steady1_2_107,init_to_steady1_2_108,init_to_steady1_2_109,init_to_steady1_2_110,init_to_steady1_2_111,init_to_steady1_2_112,init_to_steady1_3_0,init_to_steady1_3_1,init_to_steady1_3_2,init_to_steady1_3_3,init_to_steady1_3_4,init_to_steady1_3_5,init_to_steady1_3_6,init_to_steady1_3_7,init_to_steady1_3_8,init_to_steady1_3_9,init_to_steady1_3_10,init_to_steady1_3_11,init_to_steady1_3_12,init_to_steady1_3_13,init_to_steady1_3_14,init_to_steady1_3_15,init_to_steady1_3_16,init_to_steady1_3_17,init_to_steady1_3_18,init_to_steady1_3_19,init_to_steady1_3_20,init_to_steady1_3_21,init_to_steady1_3_22,init_to_steady1_3_23,init_to_steady1_3_24,init_to_steady1_3_25,init_to_steady1_3_26,init_to_steady1_3_27,init_to_steady1_3_28,init_to_steady1_3_29,init_to_steady1_3_30,init_to_steady1_3_31,init_to_steady1_3_32,init_to_steady1_3_33,init_to_steady1_3_34,init_to_steady1_3_35,init_to_steady1_3_36,init_to_steady1_3_37,init_to_steady1_3_38,init_to_steady1_3_39,init_to_steady1_3_40,init_to_steady1_3_41,init_to_steady1_3_42,init_to_steady1_3_43,init_to_steady1_3_44,init_to_steady1_3_45,init_to_steady1_3_46,init_to_steady1_3_47,init_to_steady1_3_48,init_to_steady1_3_49,init_to_steady1_3_50,init_to_steady1_3_51,init_to_steady1_3_52,init_to_steady1_3_53,init_to_steady1_3_54,init_to_steady1_3_55,init_to_steady1_3_56,init_to_steady1_3_57,init_to_steady1_3_58,init_to_steady1_3_59,init_to_steady1_3_60,init_to_steady1_3_61,init_to_steady1_3_62,init_to_steady1_3_63,init_to_steady1_3_64,init_to_steady1_3_65,init_to_steady1_3_66,init_to_steady1_3_67,init_to_steady1_3_68,init_to_steady1_3_69,init_to_steady1_3_70,init_to_steady1_3_71,init_to_steady1_3_72,init_to_steady1_3_73,init_to_steady1_3_74,init_to_steady1_3_75,init_to_steady1_3_76,init_to_steady1_3_77,init_to_steady1_3_78,init_to_steady1_3_79,init_to_steady1_3_80,init_to_steady1_3_81,init_to_steady1_3_82,init_to_steady1_3_83,init_to_steady1_3_84,init_to_steady1_3_85,init_to_steady1_3_86,init_to_steady1_3_87,init_to_steady1_3_88,init_to_steady1_3_89,init_to_steady1_3_90,init_to_steady1_3_91,init_to_steady1_3_92,init_to_steady1_3_93,init_to_steady1_3_94,init_to_steady1_3_95,init_to_steady1_3_96,init_to_steady1_3_97,init_to_steady1_3_98,init_to_steady1_3_99,init_to_steady1_3_100,init_to_steady1_3_101,init_to_steady1_3_102,init_to_steady1_3_103,init_to_steady1_3_104,init_to_steady1_3_105,init_to_steady1_3_106,init_to_steady1_3_107,init_to_steady1_3_108,init_to_steady1_3_109,init_to_steady1_3_110,init_to_steady1_3_111,init_to_steady1_3_112,init_to_steady1_3_113,init_to_steady1_3_114,init_to_steady1_3_115,init_to_steady1_3_116,init_to_steady1_3_117,init_to_steady1_3_118,init_to_steady1_3_119,init_to_steady1_3_120,init_to_steady1_3_121,init_to_steady1_3_122,init_to_steady1_3_123,init_to_steady1_3_124,init_to_steady1_3_125,init_to_steady1_3_126,init_to_steady1_3_127,init_to_steady1_3_128,init_to_steady1_3_129,init_to_steady1_3_130,init_to_steady1_3_131,init_to_steady1_3_132,init_to_steady1_3_133,init_to_steady1_3_134,init_to_steady1_3_135,init_to_steady1_3_136,init_to_steady1_3_137,init_to_steady1_3_138,init_to_steady1_3_139,init_to_steady1_3_140,init_to_steady1_3_141,init_to_steady1_3_142,init_to_steady1_3_143,init_to_steady1_3_144,init_to_steady1_3_145,init_to_steady1_3_146,init_to_steady1_3_147,init_to_steady1_3_148,init_to_steady1_3_149,init_to_steady1_3_150,init_to_steady1_3_151,init_to_steady1_3_152,init_to_steady1_3_153,init_to_steady1_3_154,init_to_steady1_3_155,init_to_steady1_3_156,init_to_steady1_3_157,init_to_steady1_3_158,init_to_steady1_3_159,init_to_steady1_3_160,init_to_steady1_3_161,init_to_steady1_3_162,init_to_steady1_3_163,init_to_steady1_3_164,init_to_steady1_3_165,init_to_steady1_3_166,init_to_steady1_3_167,init_to_steady1_3_168,init_to_steady1_3_169,init_to_steady1_3_170,init_to_steady1_3_171,init_to_steady1_3_172,init_to_steady1_3_173,init_to_steady1_3_174,init_to_steady1_3_175,init_to_steady1_3_176,init_to_steady1_3_177,steady1_0,steady1_1,steady1_2,steady1_3,steady1_4,steady1_5,steady1_6,steady1_7,steady1_8,steady1_9,steady1_10,steady1_11,steady1_12,steady1_13,steady1_14,steady1_15,steady1_16,steady1_17,steady1_18,steady1_19,steady1_20,steady1_21,steady1_22,steady1_23,steady1_24,steady1_25,steady1_26,steady1_27,steady1_28,steady1_29,steady1_30,steady1_31,steady1_32,steady1_33,steady1_34,steady1_35,steady1_36,steady1_37,steady1_38,steady1_39,steady1_40,steady1_41,steady1_42,steady1_43,steady1_44,steady1_45,steady1_46,steady1_47,steady1_48,steady1_49,steady1_50,steady1_51,steady1_52,steady1_53,steady1_54,steady1_55,steady1_56,steady1_57,steady1_58,steady1_59,steady1_60,steady1_61,steady1_62,steady1_63,steady1_64,steady1_65,steady1_66,steady1_67,steady1_68,steady1_69,steady1_70,steady1_71,steady1_72,steady1_73,steady1_74,steady1_75,steady1_76,steady1_77,steady1_78,steady1_79,steady1_80,steady1_81,steady1_82,steady1_83,steady1_84,steady1_85,steady1_86,steady1_87,steady1_88,steady1_89,steady1_90,steady1_91,steady1_92,steady1_93,steady1_94,steady1_95,steady1_96,steady1_97,steady1_98,steady1_99,steady1_100,steady1_101,steady1_102,steady1_103,steady1_104,steady1_105,steady1_106,steady1_107,steady1_108,steady1_109,steady1_110,steady1_111,steady1_112,steady1_113,steady1_114,steady1_115,steady1_116,steady1_117,steady1_118,steady1_119,steady1_120,steady1_121,steady1_122,steady1_123,steady1_124,steady1_125,steady1_126,steady1_127,steady1_128,steady1_129,steady1_130,steady1_131,steady1_132,steady1_133,steady1_134,steady1_135,steady1_136,steady1_137,steady1_138,steady1_139,steady1_140,steady1_141,steady1_142,steady1_143,steady1_144,steady1_145,steady1_146,steady1_147,steady1_148,steady1_149,steady1_150,steady1_151,steady1_152,steady1_153,steady1_154,steady1_155,steady1_156,steady1_157,steady1_158,steady1_159,steady1_160,steady1_161,steady1_162,steady1_163,steady1_164,steady1_165,steady1_166,steady1_167,steady1_168,steady1_169,steady1_170,steady1_171,steady1_172,steady1_173,steady1_174,steady1_175,steady1_176,steady1_177,steady1_178,steady1_179,steady1_180,steady1_181,steady1_182,steady1_183,steady1_184,steady1_185,steady1_186,steady1_187,steady1_188,steady1_189,steady1_190,steady1_191,steady1_192,steady1_193,steady1_194,steady1_195,steady1_196,steady1_197,steady1_198,steady1_199,steady1_200,steady1_201,steady1_202,steady1_203,steady1_204,steady1_205,steady1_206,steady1_207,steady1_208,steady1_209,steady1_210,steady1_211,steady1_212,steady1_213,steady1_214,steady1_215,steady1_216,steady1_217,steady1_218,steady1_219,steady1_220,steady1_221,steady1_222,steady1_223,steady1_224,steady1_225,steady1_226,steady1_227,steady1_228,steady1_229,steady1_230,steady1_231,steady1_232,steady1_233,steady1_234,steady1_235,steady1_236,steady1_237,steady1_238,steady1_239,steady1_240,steady1_241,steady1_242,steady1_243,steady1_244,steady1_245,steady1_246,steady1_247,steady1_248,steady1_249,steady1_250,steady1_251,steady1_252,steady1_253,steady1_254,steady1_255,steady1_256,steady1_257,steady1_258,steady1_259,steady1_260,steady1_261,steady1_262,steady1_263,steady1_264,steady1_265,steady1_266,steady1_267,steady1_268,steady1_269,steady1_270,steady1_271,steady1_272,steady1_273,steady1_274,steady1_275,steady1_276,steady1_277,steady1_278,steady1_279,steady1_280,steady1_281,steady1_282,steady1_283,steady1_284,steady1_285,steady1_286,steady1_287,steady1_288,steady1_289,steady1_290,steady1_291,steady1_292,steady1_293,steady1_294,steady1_295,steady1_296,steady1_297,steady1_298,steady1_299,steady1_300,steady1_301,steady1_302,steady1_303,steady1_304,steady1_305,steady1_306,steady1_307,steady1_308,steady1_309,steady1_310,steady1_311,steady1_312,steady1_313,steady1_314,steady1_315,steady1_316,steady1_317,steady1_318,steady1_319,steady1_320,steady1_321,steady1_322,steady1_323,steady1_324,steady1_325,steady1_326,steady1_327,steady1_328,steady1_329,steady1_330,steady1_331,steady1_332,steady1_333,steady1_334,steady1_335,steady1_336,steady1_337,steady1_338,steady1_339,steady1_340,steady1_341,steady1_342,steady1_343,steady1_344,steady1_345,steady1_346,steady1_347,steady1_348,steady1_349,steady1_350,steady1_351,steady1_352,steady1_353,steady1_354,steady1_355,steady1_356,steady1_357,steady1_358,steady1_359,steady1_360,steady1_361,steady1_362,steady1_363,steady1_364,steady1_365,steady1_366,steady1_367,steady1_368,steady1_369,steady1_370,steady1_371,steady1_372,steady1_373,steady1_374,steady1_375,steady1_376,steady1_377,steady1_378,steady1_379,steady1_380,steady1_381,steady1_382,steady1_383,steady1_384,steady1_385,steady1_386,steady1_387,steady1_388,steady1_389,steady1_390,steady1_391,steady1_392,steady1_393,steady1_394,steady1_395,steady1_396,steady1_397,steady1_398,steady1_399,steady1_400,steady1_401,steady1_402,steady1_403,steady1_404,steady1_405,steady1_406,steady1_407,steady1_408,steady1_409,steady1_410,steady1_411,steady1_412,steady1_413,steady1_414,steady1_415,steady1_416,steady1_417,steady1_418,steady1_419,steady1_420,steady1_421,steady1_422,steady1_423,steady1_424,steady1_425
G1,0,0,0,0,0,0,0,0,0,0,0,0,0,0,0,0,0,0,0,0,0,0,0,0,0,0,0,0,0,0,0,0,0,0,0,0,0,0,0,0,0,0,0,0,0,0,0,0,0,0,0,0,0,0,0,0,0,0,0,0,0,0,0,0,0,0,0,0,0,0,0,0,0,0,0,0,0,0,0,0,0,0,0,0,0,0,0,0,0,0,0,0,0,0,0,0,0,0,0,0,0,0,0,0,0,0,0,0,0,0,0,0,0,0,0,0,0,0,0,0,0,0,0,0,0,0,0,0,0,0,0,0,0,0,0,0,0,0,0,0,0,0,0,0,0,0,0,0,0,0,0,0,0,0,0,0,0,0,0,0,0,0,0,0,0,0,0,0,0,0,0,0,0,0,0,0,0,0,0,0,0,0,0,0,0,0,0,0,0,0,0,0,0,0,0,0,0,0,0,0,0,0,0,0,0,0,0,0,0,0,0,0,0,0,0,0,0,0,0,0,0,0,0,0,0,0,0,0,0,0,0,0,0,0,0,0,0,0,0,0,0,0,0,0,0,0,0,0,0,0,0,0,0,0,0,0,0,0,0,0,0,0,0,0,0,0,0,0,0,0,0,0,0,0,0,0,0,0,0,0,0,0,0,0,0,0,0,0,0,0,0,0,0,0,0,0,0,0,0,0,0,0,0,0,0,0,0,0,0,0,0,0,0,0,0,0,0,0,0,0,0,0,0,0,0,0,0,0,0,0,0,0,0,0,0,0,0,0,0,0,0,0,0,0,0,0,0,0,0,0,0,0,0,0,0,0,0,0,0,0,0,0,0,0,0,0,0,0,0,0,0,0,0,0,0,0,0,0,0,0,0,0,0,0,0,0,0,0,0,0,0,0,0,0,0,0,0,0,0,0,0,0,0,0,0,0,0,0,0,0,0,0,0,0,0,0,0,0,0,0,0,0,0,0,0,0,0,0,0,0,0,0,0,0,0,0,0,0,0,0,0,0,0,0,0,0,0,0,0,0,0,0,0,0,0,0,0,0,0,0,0,0,0,0,0,0,0,0,0,0,0,0,0,0,0,0,0,0,0,0,0,0,0,0,0,0,0,0,0,0,0,0,0,0,0,0,0,0,0,0,0,0,0,0,0,0,0,0,0,0,0,0,0,0,0,0,0,0,0,0,0,0,0,0,0,0,0,0,0,0,0,0,0,0,0,0,0,0,0,0,0,0,0,0,0,0,0,0,0,0,0,0,0,0,0,0,0,0,0,0,0,0,0,0,0,0,0,0,0,0,0,0,0,0,0,0,0,0,0,0,0,0,0,0,0,0,0,0,0,0,0,0,0,0,0,0,0,0,0,0,0,0,0,0,0,0,0,0,0,0,0,0,0,0,0,0,0,0,0,0,0,0,0,0,0,0,0,0,0,0,0,0,0,0,0,0,0,0,0,0,0,0,0,0,0,0,0,0,0,0,0,0,0,0,0,0,0,0,0,0,0,0,0,0,0,0,0,0,0,0,0,0,0,0,0,0,0,0,0,0,0,0,0,0,0,0,0,0,0,0,0,0,0,0,0,0,0,0,0,0,0,0,0,0,0,0,0,0,0,0,0,0,0,0,0,0,0,0,0,0,0,0,0,0,0,0,0,0,0,0,0,0,0,0,0,0,0,0,0,0,0,0,0,0,0,0,0,0,0,0,0,0,0,0,0,0,0,0,0,0,0,0,0,0,0,0,0,0,0,0,0,0,0,0,0,0,0,0,0,0,0,0,0,0,0,0,0,0,0,0,0,0,0,0,0,0,0
G2,0,0,0,0,0,0,0,0,0,0,0,0,0,0,0,0,0,0,0,0,0,0,0,0,0,0,0,0,0,0,0,0,0,0,0,0,0,0,0,0,0,0,0,0,0,0,0,0,0,0,0,0,0,0,0,0,0,0,0,0,0,0,0,0,0,0,0,0,0,0,0,0,0,0,0,0,0,0,0,0,0,0,0,0,0,0,0,0,0,0,0,0,0,0,0,0,0,0,0,0,0,0,0,0,0,0,0,0,0,0,0,0,0,0,0,0,0,0,0,0,0,0,0,0,0,0,0,0,0,0,0,0,0,0,0,0,0,0,0,0,0,0,0,0,0,0,0,0,0,0,0,0,0,0,0,0,0,0,0,0,0,0,0,0,0,0,0,0,0,0,0,0,0,0,0,0,0,0,0,0,0,0,0,0,0,0,0,0,0,0,0,0,0,0,0,0,0,0,0,0,0,0,0,0,0,0,0,0,0,0,0,0,0,0,0,0,0,0,0,0,0,0,0,0,0,0,0,0,0,0,0,0,0,0,0,0,0,0,0,0,0,0,0,0,0,0,0,0,0,0,0,0,0,0,0,0,0,0,0,0,0,0,0,0,0,0,0,0,0,0,0,0,0,0,0,0,0,0,0,0,0,0,0,0,0,0,0,0,0,0,0,0,0,0,0,0,0,0,0,0,0,0,0,0,0,0,0,0,0,0,0,0,0,0,0,0,0,0,0,0,0,0,0,0,0,0,0,0,0,0,0,0,0,0,0,0,0,0,0,0,0,0,0,0,0,0,0,0,0,0,0,0,0,0,0,0,0,0,0,0,0,0,0,0,0,0,0,0,0,0,0,0,0,0,0,0,0,0,0,0,0,0,0,0,0,0,0,0,0,0,0,0,0,0,0,0,0,0,0,0,0,0,0,0,0,0,0,0,0,0,0,0,0,0,0,0,0,0,0,0,0,0,0,0,0,0,0,0,0,0,0,0,0,0,0,0,0,0,0,0,0,0,0,0,0,0,0,0,0,0,0,0,0,0,0,0,0,0,0,0,0,0,0,0,0,0,0,0,0,0,0,0,0,0,0,0,0,0,0,0,0,0,0,0,0,0,0,0,0,0,0,0,0,0,0,0,0,0,0,0,0,0,0,0,0,0,0,0,0,0,0,0,0,0,0,0,0,0,0,0,0,0,0,0,0,0,0,0,0,0,0,0,0,0,0,0,0,0,0,0,0,0,0,0,0,0,0,0,0,0,0,0,0,0,0,0,0,0,0,0,0,0,0,0,0,0,0,0,0,0,0,0,0,0,0,0,0,0,0,0,0,0,0,0,0,0,0,0,0,0,0,0,0,0,0,0,0,0,0,0,0,0,0,0,0,0,0,0,0,0,0,0,0,0,0,0,0,0,0,0,0,0,0,0,0,0,0,0,0,0,0,0,0,0,0,0,0,0,0,0,0,0,0,0,0,0,0,0,0,0,0,0,0,0,0,0,0,0,0,0,0,0,0,0,0,0,0,0,0,0,0,0,0,0,0,0,0,0,0,0,0,0,0,0,0,0,0,0,0,0,0,0,0,0,0,0,0,0,0,0,0,0,0,0,0,0,0,0,0,0,0,0,0,0,0,0,0,0,0,0,0,0,0,0,0,0,0,0,0,0,0,0,0,0,0,0,0,0,0,0,0,0,0,0,0,0,0,0,0,0,0,0,0,0,0,0,0,0,0,0,0,0,0,0,0,0,0,0,0,0,0,0,0,0,0,0,0,0,0,0,0,0,0,0,0,0,0,0,0,0,0,0,0,0,0,0,0
G3,0,0,0,0,0,0,0,0,0,0,0,0,0,0,0,0,0,0,0,0,0,0,0,0,0,0,0,0,0,0,0,0,0,0,0,0,0,0,0,0,0,0,0,0,0,0,0,0,0,0,0,0,0,0,0,0,0,0,0,0,0,0,0,0,0,0,0,0,0,0,0,0,0,0,0,0,0,0,0,0,0,0,0,0,0,0,0,0,0,0,0,0,0,0,0,0,0,0,0,0,0,0,0,0,0,0,0,0,0,0,0,0,0,0,0,0,0,0,0,0,0,0,0,0,0,0,0,0,0,0,0,0,0,0,0,0,0,0,0,0,0,0,0,0,0,0,0,0,0,0,0,0,0,0,0,0,0,0,0,0,0,0,0,0,0,0,0,0,0,0,0,0,0,0,0,0,0,0,0,0,0,0,0,0,0,0,0,0,0,0,0,0,0,0,0,0,0,0,0,0,0,0,0,0,0,0,0,0,0,0,0,0,0,0,0,0,0,0,0,0,0,0,0,0,0,0,0,0,0,0,0,0,0,0,0,0,0,0,0,0,0,0,0,0,0,0,0,0,0,0,0,0,0,0,0,0,0,0,0,0,0,0,0,0,0,0,0,0,0,0,0,0,0,0,0,0,0,0,0,0,0,0,0,0,0,0,0,0,0,0,0,0,0,0,0,0,0,0,0,0,0,0,0,0,0,0,0,0,0,0,0,0,0,0,0,0,0,0,0,0,0,0,0,0,0,0,0,0,0,0,0,0,0,0,0,0,0,0,0,0,0,0,0,0,0,0,0,0,0,0,0,0,0,0,0,0,0,0,0,0,0,0,0,0,0,0,0,0,0,0,0,0,0,0,0,0,0,0,0,0,0,0,0,0,0,0,0,0,0,0,0,0,0,0,0,0,0,0,0,0,0,0,0,0,0,0,0,0,0,0,0,0,0,0,0,0,0,0,0,0,0,0,0,0,0,0,0,0,0,0,0,0,0,0,0,0,0,0,0,0,0,0,0,0,0,0,0,0,0,0,0,0,0,0,0,0,0,0,0,0,0,0,0,0,0,0,0,0,0,0,0,0,0,0,0,0,0,0,0,0,0,0,0,0,0,0,0,0,0,0,0,0,0,0,0,0,0,0,0,0,0,0,0,0,0,0,0,0,0,0,0,0,0,0,0,0,0,0,0,0,0,0,0,0,0,0,0,0,0,0,0,0,0,0,0,0,0,0,0,0,0,0,0,0,0,0,0,0,0,0,0,0,0,0,0,0,0,0,0,0,0,0,0,0,0,0,0,0,0,0,0,0,0,0,0,0,0,0,0,0,0,0,0,0,0,0,0,0,0,0,0,0,0,0,0,0,0,0,0,0,0,0,0,0,0,0,0,0,0,0,0,0,0,0,0,0,0,0,0,0,0,0,0,0,0,0,0,0,0,0,0,0,0,0,0,0,0,0,0,0,0,0,0,0,0,0,0,0,0,0,0,0,0,0,0,0,0,0,0,0,0,0,0,0,0,0,0,0,0,0,0,0,0,0,0,0,0,0,0,0,0,0,0,0,0,0,0,0,0,0,0,0,0,0,0,0,0,0,0,0,0,0,0,0,0,0,0,0,0,0,0,0,0,0,0,0,0,0,0,0,0,0,0,0,0,0,0,0,0,0,0,0,0,0,0,0,0,0,0,0,0,0,0,0,0,0,0,0,0,0,0,0,0,0,0,0,0,0,0,0,0,0,0,0,0,0,0,0,0,0,0,0,0,0,0,0,0,0,0,0,0,0,0,0,0,0,0,0,0,0,0,0,0,0,0,0,0
G4,0,0,0,0,0,0,0,0,0,0,0,0,0,0,0,0,0,0,0,0,0,0,0,0,0,0,0,0,0,0,0,0,0,0,0,0,0,0,0,0,0,0,0,0,0,0,0,0,0,0,0,0,0,0,0,0,0,0,0,0,0,0,0,0,0,0,0,0,0,0,0,0,0,0,0,0,0,0,0,0,0,0,0,0,0,0,0,0,0,0,0,0,0,0,0,0,0,0,0,0,0,0,0,0,0,0,0,0,0,0,0,0,0,0,0,0,0,0,0,0,0,0,0,0,0,0,0,0,0,0,0,0,0,0,0,0,0,0,0,0,0,0,0,0,0,0,0,0,0,0,0,0,0,0,0,0,0,0,0,0,0,0,0,0,0,0,0,0,0,0,0,0,0,0,0,0,0,0,0,0,0,0,0,0,0,0,0,0,0,0,0,0,0,0,0,0,0,0,0,0,0,0,0,0,0,0,0,0,0,0,0,0,0,0,0,0,0,0,0,0,0,0,0,0,0,0,0,0,0,0,0,0,0,0,0,0,0,0,0,0,0,0,0,0,0,0,0,0,0,0,0,0,0,0,0,0,0,0,0,0,0,0,0,0,0,0,0,0,0,0,0,0,0,0,0,0,0,0,0,0,0,0,0,0,0,0,0,0,0,0,0,0,0,0,0,0,0,0,0,0,0,0,0,0,0,0,0,0,0,0,0,0,0,0,0,0,0,0,0,0,0,0,0,0,0,0,0,0,0,0,0,0,0,0,0,0,0,0,0,0,0,0,0,0,0,0,0,0,0,0,0,0,0,0,0,0,0,0,0,0,0,0,0,0,0,0,0,0,0,0,0,0,0,0,0,0,0,0,0,0,0,0,0,0,0,0,0,0,0,0,0,0,0,0,0,0,0,0,0,0,0,0,0,0,0,0,0,0,0,0,0,0,0,0,0,0,0,0,0,0,0,0,0,0,0,0,0,0,0,0,0,0,0,0,0,0,0,0,0,0,0,0,0,0,0,0,0,0,0,0,0,0,0,0,0,0,0,0,0,0,0,0,0,0,0,0,0,0,0,0,0,0,0,0,0,0,0,0,0,0,0,0,0,0,0,0,0,0,0,0,0,0,0,0,0,0,0,0,0,0,0,0,0,0,0,0,0,0,0,0,0,0,0,0,0,0,0,0,0,0,0,0,0,0,0,0,0,0,0,0,0,0,0,0,0,0,0,0,0,0,0,0,0,0,0,0,0,0,0,0,0,0,0,0,0,0,0,0,0,0,0,0,0,0,0,0,0,0,0,0,0,0,0,0,0,0,0,0,0,0,0,0,0,0,0,0,0,0,0,0,0,0,0,0,0,0,0,0,0,0,0,0,0,0,0,0,0,0,0,0,0,0,0,0,0,0,0,0,0,0,0,0,0,0,0,0,0,0,0,0,0,0,0,0,0,0,0,0,0,0,0,0,0,0,0,0,0,0,0,0,0,0,0,0,0,0,0,0,0,0,0,0,0,0,0,0,0,0,0,0,0,0,0,0,0,0,0,0,0,0,0,0,0,0,0,0,0,0,0,0,0,0,0,0,0,0,0,0,0,0,0,0,0,0,0,0,0,0,0,0,0,0,0,0,0,0,0,0,0,0,0,0,0,0,0,0,0,0,0,0,0,0,0,0,0,0,0,0,0,0,0,0,0,0,0,0,0,0,0,0,0,0,0,0,0,0,0,0,0,0,0,0,0,0,0,0,0,0,0,0,0,0,0,0,0,0,0,0,0,0,0,0,0,0,0,0,0,0,0,0,0,0,0,0,0,0,0
G5,0,0,0,0,0,0,0,0,0,0,0,0,0,0,0,0,0,0,0,0,0,0,0,0,0,0,0,0,0,0,0,0,0,0,0,0,0,0,0,0,0,0,0,0,0,0,0,0,0,0,0,0,0,0,0,0,0,0,0,0,0,0,0,0,0,0,0,0,0,0,0,0,0,0,0,0,0,0,0,0,0,0,0,0,0,0,0,0,0,0,0,0,0,0,0,0,0,0,0,0,0,0,0,0,0,0,0,0,0,0,0,0,0,0,0,0,0,0,0,0,0,0,0,0,0,0,0,0,0,0,0,0,0,0,0,0,0,0,0,0,0,0,0,0,0,0,0,0,0,0,0,0,0,0,0,0,0,0,0,0,0,0,0,0,0,0,0,0,0,0,0,0,0,0,0,0,0,0,0,0,0,0,0,0,0,0,0,0,0,0,0,0,0,0,0,0,0,0,0,0,0,0,0,0,0,0,0,0,0,0,0,0,0,0,0,0,0,0,0,0,0,0,0,0,0,0,0,0,0,0,0,0,0,0,0,0,0,0,0,0,0,0,0,0,0,0,0,0,0,0,0,0,0,0,0,0,0,0,0,0,0,0,0,0,0,0,0,0,0,0,0,0,0,0,0,0,0,0,0,0,0,0,0,0,0,0,0,0,0,0,0,0,0,0,0,0,0,0,0,0,0,0,0,0,0,0,0,0,0,0,0,0,0,0,0,0,0,0,0,0,0,0,0,0,0,0,0,0,0,0,0,0,0,0,0,0,0,0,0,0,0,0,0,0,0,0,0,0,0,0,0,0,0,0,0,0,0,0,0,0,0,0,0,0,0,0,0,0,0,0,0,0,0,0,0,0,0,0,0,0,0,0,0,0,0,0,0,0,0,0,0,0,0,0,0,0,0,0,0,0,0,0,0,0,0,0,0,0,0,0,0,0,0,0,0,0,0,0,0,0,0,0,0,0,0,0,0,0,0,0,0,0,0,0,0,0,0,0,0,0,0,0,0,0,0,0,0,0,0,0,0,0,0,0,0,0,0,0,0,0,0,0,0,0,0,0,0,0,0,0,0,0,0,0,0,0,0,0,0,0,0,0,0,0,0,0,0,0,0,0,0,0,0,0,0,0,0,0,0,0,0,0,0,0,0,0,0,0,0,0,0,0,0,0,0,0,0,0,0,0,0,0,0,0,0,0,0,0,0,0,0,0,0,0,0,0,0,0,0,0,0,0,0,0,0,0,0,0,0,0,0,0,0,0,0,0,0,0,0,0,0,0,0,0,0,0,0,0,0,0,0,0,0,0,0,0,0,0,0,0,0,0,0,0,0,0,0,0,0,0,0,0,0,0,0,0,0,0,0,0,0,0,0,0,0,0,0,0,0,0,0,0,0,0,0,0,0,0,0,0,0,0,0,0,0,0,0,0,0,0,0,0,0,0,0,0,0,0,0,0,0,0,0,0,0,0,0,0,0,0,0,0,0,0,0,0,0,0,0,0,0,0,0,0,0,0,0,0,0,0,0,0,0,0,0,0,0,0,0,0,0,0,0,0,0,0,0,0,0,0,0,0,0,0,0,0,0,0,0,0,0,0,0,0,0,0,0,0,0,0,0,0,0,0,0,0,0,0,0,0,0,0,0,0,0,0,0,0,0,0,0,0,0,0,0,0,0,0,0,0,0,0,0,0,0,0,0,0,0,0,0,0,0,0,0,0,0,0,0,0,0,0,0,0,0,0,0,0,0,0,0,0,0,0,0,0,0,0,0,0,0,0,0,0,0,0,0,0,0,0,0,0,0,0,0,0,0
G6,0,0,0,0,0,0,0,0,0,0,0,0,0,0,0,0,0,0,0,0,0,0,0,0,0,0,0,0,0,0,0,0,0,0,0,0,0,0,0,0,0,0,0,0,0,0,0,0,0,0,0,0,0,0,0,0,0,0,0,0,0,0,0,0,0,0,0,0,0,0,0,0,0,0,0,0,0,0,0,0,0,0,0,0,0,0,0,0,0,0,0,0,0,0,0,0,0,0,0,0,0,0,0,0,0,0,0,0,0,0,0,0,0,0,0,0,0,0,0,0,0,0,0,0,0,0,0,0,0,0,0,0,0,0,0,0,0,0,0,0,0,0,0,0,0,0,0,0,0,0,0,0,0,0,0,0,0,0,0,0,0,0,0,0,0,0,0,0,0,0,0,0,0,0,0,0,0,0,0,0,0,0,0,0,0,0,0,0,0,0,0,0,0,0,0,0,0,0,0,0,0,0,0,0,0,0,0,0,0,0,0,0,0,0,0,0,0,0,0,0,0,0,0,0,0,0,0,0,0,0,0,0,0,0,0,0,0,0,0,0,0,0,0,0,0,0,0,0,0,0,0,0,0,0,0,0,0,0,0,0,0,0,0,0,0,0,0,0,0,0,0,0,0,0,0,0,0,0,0,0,0,0,0,0,0,0,0,0,0,0,0,0,0,0,0,0,0,0,0,0,0,0,0,0,0,0,0,0,0,0,0,0,0,0,0,0,0,0,0,0,0,0,0,0,0,0,0,0,0,0,0,0,0,0,0,0,0,0,0,0,0,0,0,0,0,0,0,0,0,0,0,0,0,0,0,0,0,0,0,0,0,0,0,0,0,0,0,0,0,0,0,0,0,0,0,0,0,0,0,0,0,0,0,0,0,0,0,0,0,0,0,0,0,0,0,0,0,0,0,0,0,0,0,0,0,0,0,0,0,0,0,0,0,0,0,0,0,0,0,0,0,0,0,0,0,0,0,0,0,0,0,0,0,0,0,0,0,0,0,0,0,0,0,0,0,0,0,0,0,0,0,0,0,0,0,0,0,0,0,0,0,0,0,0,0,0,0,0,0,0,0,0,0,0,0,0,0,0,0,0,0,0,0,0,0,0,0,0,0,0,0,0,0,0,0,0,0,0,0,0,0,0,0,0,0,0,0,0,0,0,0,0,0,0,0,0,0,0,0,0,0,0,0,0,0,0,0,0,0,0,0,0,0,0,0,0,0,0,0,0,0,0,0,0,0,0,0,0,0,0,0,0,0,0,0,0,0,0,0,0,0,0,0,0,0,0,0,0,0,0,0,0,0,0,0,0,0,0,0,0,0,0,0,0,0,0,0,0,0,0,0,0,0,0,0,0,0,0,0,0,0,0,0,0,0,0,0,0,0,0,0,0,0,0,0,0,0,0,0,0,0,0,0,0,0,0,0,0,0,0,0,0,0,0,0,0,0,0,0,0,0,0,0,0,0,0,0,0,0,0,0,0,0,0,0,0,0,0,0,0,0,0,0,0,0,0,0,0,0,0,0,0,0,0,0,0,0,0,0,0,0,0,0,0,0,0,0,0,0,0,0,0,0,0,0,0,0,0,0,0,0,0,0,0,0,0,0,0,0,0,0,0,0,0,0,0,0,0,0,0,0,0,0,0,0,0,0,0,0,0,0,0,0,0,0,0,0,0,0,0,0,0,0,0,0,0,0,0,0,0,0,0,0,0,0,0,0,0,0,0,0,0,0,0,0,0,0,0,0,0,0,0,0,0,0,0,0,0,0,0,0,0,0,0,0,0,0,0,0,0,0,0,0,0,0,0,0
G7,1,0,1,0,1,0,0,1,0,0,0,0,11,0,1,6,4,0,0,0,2,3,0,4,0,0,0,0,0,1,4,1,0,0,0,5,0,1,0,0,0,0,0,2,0,1,0,0,4,1,0,2,15,2,0,0,0,1,0,0,2,0,0,0,0,0,0,0,2,1,0,0,0,0,3,0,2,1,13,0,0,0,0,0,0,0,0,0,0,0,0,0,0,0,0,0,0,0,0,0,0,0,0,0,0,0,0,0,0,0,0,0,0,0,0,0,0,0,0,0,0,0,0,0,0,0,0,0,0,0,0,0,0,0,0,0,0,0,0,0,0,0,0,0,0,0,0,0,0,0,0,0,0,0,0,0,0,0,0,0,0,0,0,0,0,0,0,0,0,0,0,0,0,0,0,0,0,0,0,0,0,0,0,0,0,0,0,0,0,0,0,0,0,0,0,0,0,0,0,0,0,0,0,0,0,0,0,0,0,0,0,0,0,0,0,0,0,0,0,0,0,0,0,0,0,0,0,0,0,0,0,0,0,0,0,0,0,0,0,0,0,0,0,0,0,0,0,0,0,0,0,0,0,0,0,0,0,0,0,0,0,0,0,0,0,0,0,0,0,0,0,0,0,0,0,0,0,0,0,0,0,0,0,0,0,0,0,0,0,0,0,0,0,0,0,0,0,0,0,0,0,0,0,0,0,0,0,0,0,0,0,0,0,0,0,0,0,0,0,0,0,0,0,0,0,0,0,0,0,0,0,0,0,0,0,0,0,0,0,0,0,0,0,0,0,0,0,0,0,0,0,0,0,0,0,0,0,0,0,0,0,0,0,0,0,0,0,0,0,0,0,0,0,0,0,0,0,0,0,0,0,0,0,0,0,0,0,0,0,0,0,0,0,0,0,0,0,0,0,0,0,0,0,0,0,0,0,0,0,0,0,0,0,0,0,0,0,0,0,0,0,0,0,0,0,0,0,0,0,0,0,0,0,0,0,0,0,0,0,0,0,0,0,0,0,0,0,0,0,0,0,0,0,0,0,0,0,0,0,0,0,0,0,0,0,0,0,0,0,0,0,0,0,0,0,0,0,0,0,0,0,0,0,0,0,0,0,0,0,0,0,0,0,0,0,0,0,0,0,0,0,0,0,0,0,0,0,0,0,0,0,0,0,0,0,0,0,0,0,0,0,0,0,0,0,0,0,0,0,0,0,0,0,0,0,0,0,0,0,0,0,0,0,0,0,0,0,0,0,0,0,0,0,0,0,0,0,0,0,0,0,0,0,0,0,0,0,0,0,0,0,0,0,0,0,0,0,0,0,0,0,0,0,0,0,0,0,0,0,0,0,0,0,0,0,0,0,0,0,0,0,0,0,0,0,0,0,0,0,0,0,0,0,0,0,0,0,0,0,0,0,0,0,0,0,0,0,0,0,0,0,0,0,0,0,0,0,0,0,0,0,0,0,0,0,0,0,0,0,0,0,0,0,0,0,0,0,0,0,0,0,0,0,0,0,0,0,0,0,0,0,0,0,0,0,0,0,0,0,0,0,0,0,0,0,0,0,0,0,0,0,0,0,0,0,0,0,0,0,0,0,0,0,0,0,0,0,0,0,0,0,0,0,0,0,0,0,0,0,0,0,0,0,0,0,0,0,0,0,0,0,0,0,0,0,0,0,0,0,0,0,0,0,0,0,0,0,0,0,0,0,0,0,0,0,0,0,0,0,0,0,0,0,0,0,0,0,0,0,0,0,0,0,0,0,0,0,0,0,0,0,0,0,0,0,0,0,0,0,0,0,0,0,0,0,0,0
G8,5,0,1,5,1,0,0,1,0,3,0,1,22,4,0,6,2,16,34,1,11,6,1,2,1,0,0,1,1,3,5,1,0,0,0,1,0,1,0,0,0,2,0,263,0,1,5,0,2,4,0,1,3,2,5,0,0,10,0,3,1,0,0,0,0,20,0,6,0,20,0,0,2,0,35,14,5,1,12,0,98,1,0,4,0,8,0,1,0,0,0,0,0,2,4,1,0,0,0,0,1,7,0,0,2,18,6,6,0,1,4,0,0,0,5,0,76,5,0,0,3,0,13,0,0,0,5,1,0,8,3,0,8,60,1,0,0,5,0,6,16,5,10,1,4,3,4,0,0,18,0,1,1,3,1,0,5,4,0,7,0,0,3,4,3,8,0,2,25,11,0,6,0,0,0,0,0,1,1,1,2,5,5,7,3,18,0,0,15,0,0,0,1,0,0,0,0,0,0,0,0,0,0,0,0,0,0,0,0,0,0,0,0,0,0,0,0,0,0,0,0,0,0,0,0,0,0,0,0,0,0,0,0,0,0,0,0,0,0,0,0,0,0,0,0,0,0,0,0,0,0,0,0,0,0,0,0,0,0,0,0,0,0,0,0,0,0,0,0,0,0,0,0,0,0,0,0,0,0,0,0,0,0,0,0,0,0,0,0,0,0,0,0,0,0,0,0,0,0,0,0,0,0,0,0,0,0,0,0,0,0,0,0,0,0,0,0,0,0,0,0,0,0,0,0,0,0,0,0,0,0,0,0,0,0,0,0,0,0,0,0,0,0,0,0,0,0,0,0,0,0,0,0,0,0,0,0,0,0,0,0,0,0,0,0,0,0,0,0,0,0,0,0,0,0,0,0,0,0,0,0,0,0,0,0,0,0,0,0,0,0,0,0,0,0,0,0,0,0,0,0,0,0,0,0,0,0,0,0,0,0,0,0,0,0,0,0,0,0,0,0,0,0,0,0,0,0,0,0,0,0,0,0,0,0,0,0,0,0,0,0,0,0,0,0,0,0,0,0,0,0,0,0,0,0,0,0,0,0,0,0,0,0,0,0,0,0,0,0,0,0,0,0,0,0,0,0,0,0,0,0,0,0,0,0,0,0,0,0,0,0,0,0,0,0,0,0,0,0,0,0,0,0,0,0,0,0,0,0,0,0,0,0,0,0,0,0,0,0,0,0,0,0,0,0,0,0,0,0,0,0,0,0,0,0,0,0,0,0,0,0,0,0,0,0,0,0,0,0,0,0,0,0,0,0,0,0,0,0,0,0,0,0,0,0,0,0,0,0,0,0,0,0,0,0,0,0,0,0,0,0,0,0,0,0,0,0,0,0,0,0,0,0,0,0,0,0,0,0,0,0,0,0,0,0,0,0,0,0,0,0,0,0,0,0,0,0,0,0,0,0,0,0,0,0,0,0,0,0,0,0,0,0,0,0,0,0,0,0,0,0,0,0,0,0,0,0,0,0,0,0,0,0,0,0,0,0,0,0,0,0,0,0,0,0,0,0,0,0,0,0,0,0,0,0,0,0,0,0,0,0,0,0,0,0,0,0,0,0,0,0,0,0,0,0,0,0,0,0,0,0,0,0,0,0,0,0,0,0,0,0,0,0,0,0,0,0,0,0,0,0,0,0,0,0,0,0,0,0,0,0,0,0,0,0,0,0,0,0,0,0,0,0,0,0,0,0,0,0,0,0,0,0,0,0,0,0,0,0,0,0,0,0,0,0,0,0,0,0,0,0,0,0,0,0,0,0,0,0,0,0,0,0,0,0,0,0,0,0,0,0,0,0,0,0,0,0
G9,16,0,2,0,0,0,0,2,0,1,0,0,2,0,0,0,2,0,2,0,3,3,0,8,3,0,0,21,0,0,4,2,0,1,0,2,0,0,0,0,1,2,0,2,0,2,8,1,7,3,0,0,1,0,0,0,1,1,1,1,5,1,0,0,0,1,0,1,3,1,0,11,3,1,3,2,6,14,1,1,0,42,0,0,0,2,0,1,2,0,0,0,0,0,1,44,1,0,1,1,7,2,0,0,5,3,0,3,0,1,3,0,1,4,1,8,6,1,0,0,3,2,2,4,0,0,5,8,0,2,2,0,4,2,0,0,0,3,0,8,2,2,3,0,7,0,1,0,0,11,2,1,1,2,0,0,2,0,0,30,2,1,1,1,0,59,1,2,7,0,0,0,7,5,1,7,0,0,5,0,2,4,1,3,2,5,3,0,7,0,0,0,0,1,0,0,0,1,1,0,0,2,0,5,0,0,0,5,0,0,4,1,3,0,0,1,0,0,0,0,7,0,1,0,5,0,3,3,0,1,1,0,0,21,2,0,1,0,0,4,1,0,25,6,1,0,0,2,3,0,7,29,0,4,7,4,0,1,3,1,19,2,0,1,0,2,1,0,2,0,0,20,4,2,1,0,2,3,0,0,0,3,0,0,0,6,1,0,0,4,0,1,0,1,0,3,5,4,0,0,0,0,1,0,36,1,1,3,1,1,0,0,2,4,3,0,1,1,0,0,11,1,0,2,0,12,10,5,5,1,5,0,0,4,1,2,3,3,3,0,0,1,0,1,0,0,0,2,4,4,0,0,4,1,0,9,0,1,3,1,8,9,1,2,1,1,0,0,0,0,0,0,0,0,0,0,0,0,0,0,0,0,0,0,0,0,0,0,0,0,0,0,0,0,0,0,0,0,0,0,0,0,0,0,0,0,0,0,0,0,0,0,0,0,0,0,0,0,0,0,0,0,0,0,0,0,0,0,0,0,0,0,0,0,0,0,0,0,0,0,0,0,0,0,0,0,0,0,0,0,0,0,0,0,0,0,0,0,0,0,0,0,0,0,0,0,0,0,0,0,0,0,0,0,0,0,0,0,0,0,0,0,0,0,0,0,0,0,0,0,0,0,0,0,0,0,0,0,0,0,0,0,0,0,0,0,0,0,0,0,0,0,0,0,0,0,0,0,0,0,0,0,0,0,0,0,0,0,0,0,0,0,0,0,0,0,0,0,0,0,0,0,0,0,0,0,0,0,0,0,0,0,0,0,0,0,0,0,0,0,0,0,0,0,0,0,0,0,0,0,0,0,0,0,0,0,0,0,0,0,0,0,0,0,0,0,0,0,0,0,0,0,0,0,0,0,0,0,0,0,0,0,0,0,0,0,0,0,0,0,0,0,0,0,0,0,0,0,0,0,0,0,0,0,0,0,0,0,0,0,0,0,0,0,0,0,0,0,0,0,0,0,0,0,0,0,0,0,0,0,0,0,0,0,0,0,0,0,0,0,0,0,0,0,0,0,0,0,0,0,0,0,0,0,0,0,0,0,0,0,0,0,0,0,0,0,0,0,0,0,0,0,0,0,0,0,0,0,0,0,0,0,0,0,0,0,0,0,0,0,0,0,0,0,0,0,0,0,0,0,0,0,0,0,0,0,0,0,0,0,0,0,0,0,0,0,0,0,0,0,0,0,0,0,0,0,0,0,0,0,0,0,0,0,0,0,0,0,0,0,0,0,0,0,0,0,0,0,0,0,0,0,0,0,0,0,0,0,0,0,0,0,0,0,0,0,0,0,0,0,0,0,0,0,0,0,0
TF1,0,0,0,0,0,0,0,0,0,0,0,0,0,0,0,0,0,0,0,0,0,0,0,0,0,0,0,0,0,0,0,0,0,0,0,0,0,0,0,0,0,0,0,0,0,0,0,0,0,0,0,0,0,0,0,0,0,0,0,0,0,0,0,0,0,0,0,0,0,0,0,0,0,0,0,0,0,0,0,0,0,0,0,0,0,0,0,0,0,0,0,0,0,0,0,0,0,0,0,0,0,0,0,0,0,0,0,0,0,0,0,0,0,0,0,0,0,0,0,0,0,0,0,0,0,0,0,0,0,0,0,0,0,0,0,0,0,0,0,0,0,0,0,0,0,0,0,0,0,0,0,0,0,0,0,0,0,0,0,0,0,0,0,0,0,0,0,0,0,0,0,0,0,0,0,0,0,0,0,0,0,0,0,0,0,0,0,0,0,0,0,0,0,0,0,0,0,0,0,0,0,0,0,0,0,0,0,0,0,0,0,0,0,0,0,0,0,0,0,0,0,0,0,0,0,0,0,0,0,0,0,0,0,0,0,0,0,0,0,0,0,0,0,0,0,0,0,0,0,0,0,0,0,0,0,0,0,0,0,0,0,0,0,0,0,0,0,0,0,0,0,0,0,0,0,0,0,0,0,0,0,0,0,0,0,0,0,0,0,0,0,0,0,0,0,0,0,0,0,0,0,0,0,0,0,0,0,0,0,0,0,0,0,0,0,0,0,0,0,0,0,0,0,0,0,0,0,0,0,0,0,0,0,0,0,0,0,0,0,0,0,0,0,0,0,0,0,0,0,0,0,0,0,0,0,0,0,0,0,0,0,0,0,0,0,0,0,0,0,0,0,0,0,0,0,0,0,0,0,0,0,0,0,0,0,0,0,0,0,0,0,0,0,0,0,0,0,0,0,0,0,0,0,0,0,0,0,0,0,0,0,0,0,0,0,0,0,0,0,0,0,0,0,0,0,0,0,0,0,0,0,0,0,0,0,0,0,0,0,0,0,0,0,0,0,0,0,0,0,0,0,0,0,0,0,0,0,0,0,0,0,0,0,0,0,0,0,0,0,0,0,0,0,0,0,0,0,0,0,0,0,0,0,0,0,0,0,0,0,0,0,0,0,0,0,0,0,0,0,0,0,0,0,0,0,0,0,0,0,0,0,0,0,0,0,0,0,0,0,0,0,0,0,0,0,0,0,0,0,0,0,0,0,0,0,0,0,0,0,0,0,0,0,0,0,0,0,0,0,0,0,0,0,0,0,0,0,0,0,0,0,0,0,0,0,0,0,0,0,0,0,0,0,0,0,0,0,0,0,0,0,0,0,0,0,0,0,0,0,0,0,0,0,0,0,0,0,0,0,0,0,0,0,0,0,0,0,0,0,0,0,0,0,0,0,0,0,0,0,0,0,0,0,0,0,0,0,0,0,0,0,0,0,0,0,0,0,0,0,0,0,0,0,0,0,0,0,0,0,0,0,0,0,0,0,0,0,0,0,0,0,0,0,0,0,0,0,0,0,0,0,0,0,0,0,0,0,0,0,0,0,0,0,0,0,0,0,0,0,0,0,0,0,0,0,0,0,0,0,0,0,0,0,0,0,0,0,0,0,0,0,0,0,0,0,0,0,0,0,0,0,0,0,0,0,0,0,0,0,0,0,0,0,0,0,0,0,0,0,0,0,0,0,0,0,0,0,0,0,0,0,0,0,0,0,0,0,0,0,0,0,0,0,0,0,0,0,0,0,0,0,0,0,0,0,0,0,0,0,0,0,0,0,0,0,0,0,0,0,0,0,0,0,0,0,0,0
TF2,0,0,0,0,0,0,0,0,0,0,0,0,0,0,0,0,0,0,0,0,0,0,0,0,0,0,0,0,0,0,0,0,0,0,0,0,0,0,0,0,0,0,0,0,0,0,0,0,0,0,0,0,0,0,0,0,0,0,0,0,0,0,0,0,0,0,0,0,0,0,0,0,0,0,0,0,0,0,0,0,0,0,0,0,0,0,0,0,0,0,0,0,0,0,0,0,0,0,0,0,0,0,0,0,0,0,0,0,0,0,0,0,0,0,0,0,0,0,0,0,0,0,0,0,0,0,0,0,0,0,0,0,0,0,0,0,0,0,0,0,0,0,0,0,0,0,0,0,0,0,0,0,0,0,0,0,0,0,0,0,0,0,0,0,0,0,0,0,0,0,0,0,0,0,0,0,0,0,0,0,0,0,0,0,0,0,0,0,0,0,0,0,0,0,0,0,0,0,0,0,0,0,0,0,0,0,0,0,0,0,0,0,0,0,0,0,0,0,0,0,0,0,0,0,0,0,0,0,0,0,0,0,0,0,0,0,0,0,0,0,0,0,0,0,0,0,0,0,0,0,0,0,0,0,0,0,0,0,0,0,0,0,0,0,0,0,0,0,0,0,0,0,0,0,0,0,0,0,0,0,0,0,0,0,0,0,0,0,0,0,0,0,0,0,0,0,0,0,0,0,0,0,0,0,0,0,0,0,0,0,0,0,0,0,0,0,0,0,0,0,0,0,0,0,0,0,0,0,0,0,0,0,0,0,0,0,0,0,0,0,0,0,0,0,0,0,0,0,0,0,0,0,0,0,0,0,0,0,0,0,0,0,0,0,0,0,0,0,0,0,0,0,0,0,0,0,0,0,0,0,0,0,0,0,0,0,0,0,0,0,0,0,0,0,0,0,0,0,0,0,0,0,0,0,0,0,0,0,0,0,0,0,0,0,0,0,0,0,0,0,0,0,0,0,0,0,0,0,0,0,0,0,0,0,0,0,0,0,0,0,0,0,0,0,0,0,0,0,0,0,0,0,0,0,0,0,0,0,0,0,0,0,0,0,0,0,0,0,0,0,0,0,0,0,0,0,0,0,0,0,0,0,0,0,0,0,0,0,0,0,0,0,0,0,0,0,0,0,0,0,0,0,0,0,0,0,0,0,0,0,0,0,0,0,0,0,0,0,0,0,0,0,0,0,0,0,0,0,0,0,0,0,0,0,0,0,0,0,0,0,0,0,0,0,0,0,0,0,0,0,0,0,0,0,0,0,0,0,0,0,0,0,0,0,0,0,0,0,0,0,0,0,0,0,0,0,0,0,0,0,0,0,0,0,0,0,0,0,0,0,0,0,0,0,0,0,0,0,0,0,0,0,0,0,0,0,0,0,0,0,0,0,0,0,0,0,0,0,0,0,0,0,0,0,0,0,0,0,0,0,0,0,0,0,0,0,0,0,0,0,0,0,0,0,0,0,0,0,0,0,0,0,0,0,0,0,0,0,0,0,0,0,0,0,0,0,0,0,0,0,0,0,0,0,0,0,0,0,0,0,0,0,0,0,0,0,0,0,0,0,0,0,0,0,0,0,0,0,0,0,0,0,0,0,0,0,0,0,0,0,0,0,0,0,0,0,0,0,0,0,0,0,0,0,0,0,0,0,0,0,0,0,0,0,0,0,0,0,0,0,0,0,0,0,0,0,0,0,0,0,0,0,0,0,0,0,0,0,0,0,0,0,0,0,0,0,0,0,0,0,0,0,0,0,0,0,0,0,0,0,0,0,0,0,0,0,0,0,0,0,0,0,0,0,0,0,0
TF3,0,0,0,0,0,0,0,0,0,0,0,0,0,0,0,0,0,0,0,0,0,0,0,0,0,0,0,0,0,0,0,0,0,0,0,0,0,0,0,0,0,0,0,0,0,0,0,0,0,0,0,0,0,0,0,0,0,0,0,0,0,0,0,0,0,0,0,0,0,0,0,0,0,0,0,0,0,0,0,0,0,0,0,0,0,0,0,0,0,0,0,0,0,0,0,0,0,0,0,0,0,0,0,0,0,0,0,0,0,0,0,0,0,0,0,0,0,0,0,0,0,0,0,0,0,0,0,0,0,0,0,0,0,0,0,0,0,0,0,0,0,0,0,0,0,0,0,0,0,0,0,0,0,0,0,0,0,0,0,0,0,0,0,0,0,0,0,0,0,0,0,0,0,0,0,0,0,0,0,0,0,0,0,0,0,0,0,0,0,0,0,0,0,0,0,0,0,0,0,0,0,0,0,0,0,0,0,0,0,0,0,0,0,0,0,0,0,0,0,0,0,0,0,0,0,0,0,0,0,0,0,0,0,0,0,0,0,0,0,0,0,0,0,0,0,0,0,0,0,0,0,0,0,0,0,0,0,0,0,0,0,0,0,0,0,0,0,0,0,0,0,0,0,0,0,0,0,0,0,0,0,0,0,0,0,0,0,0,0,0,0,0,0,0,0,0,0,0,0,0,0,0,0,0,0,0,0,0,0,0,0,0,0,0,0,0,0,0,0,0,0,0,0,0,0,0,0,0,0,0,0,0,0,0,0,0,0,0,0,0,0,0,0,0,0,0,0,0,0,0,0,0,0,0,0,0,0,0,0,0,0,0,0,0,0,0,0,0,0,0,0,0,0,0,0,0,0,0,0,0,0,0,0,0,0,0,0,0,0,0,0,0,0,0,0,0,0,0,0,0,0,0,0,0,0,0,0,0,0,0,0,0,0,0,0,0,0,0,0,0,0,0,0,0,0,0,0,0,0,0,0,0,0,0,0,0,0,0,0,0,0,0,0,0,0,0,0,0,0,0,0,0,0,0,0,0,0,0,0,0,0,0,0,0,0,0,0,0,0,0,0,0,0,0,0,0,0,0,0,0,0,0,0,0,0,0,0,0,0,0,0,0,0,0,0,0,0,0,0,0,0,0,0,0,0,0,0,0,0,0,0,0,0,0,0,0,0,0,0,0,0,0,0,0,0,0,0,0,0,0,0,0,0,0,0,0,0,0,0,0,0,0,0,0,0,0,0,0,0,0,0,0,0,0,0,0,0,0,0,0,0,0,0,0,0,0,0,0,0,0,0,0,0,0,0,0,0,0,0,0,0,0,0,0,0,0,0,0,0,0,0,0,0,0,0,0,0,0,0,0,0,0,0,0,0,0,0,0,0,0,0,0,0,0,0,0,0,0,0,0,0,0,0,0,0,0,0,0,0,0,0,0,0,0,0,0,0,0,0,0,0,0,0,0,0,0,0,0,0,0,0,0,0,0,0,0,0,0,0,0,0,0,0,0,0,0,0,0,0,0,0,0,0,0,0,0,0,0,0,0,0,0,0,0,0,0,0,0,0,0,0,1,0,0,0,0,0,0,0,0,0,0,0,0,0,0,0,0,0,0,0,0,0,0,0,0,0,0,0,0,0,0,0,0,0,0,0,0,0,0,0,0,0,0,0,0,0,0,0,0,0,0,0,0,0,0,0,0,0,0,0,0,0,0,0,0,0,0,0,0,0,0,0,0,0,0,0,0,0,0,0,0,0,0,0,0,0,0,0,0,0,0,0,0,0,0,0,0,0,0,0,0,0,0,0,0,0
TF4,0,0,0,0,0,0,0,0,0,0,0,0,0,0,0,0,0,0,0,0,0,0,0,0,0,0,0,0,0,0,0,0,0,0,0,0,0,0,0,0,0,0,0,0,0,0,0,0,0,0,0,0,0,0,0,0,0,0,0,0,0,0,0,0,0,0,0,0,0,0,0,0,0,0,0,0,0,0,0,0,0,0,0,0,0,0,0,0,0,0,0,0,0,0,0,0,0,0,0,0,0,0,0,0,0,0,0,0,0,0,0,0,0,0,0,0,0,0,0,0,0,0,0,0,0,0,0,0,0,0,0,0,0,0,0,0,0,0,0,0,0,0,0,0,0,0,0,0,0,0,0,0,0,0,0,0,0,0,0,0,0,0,0,0,0,0,0,0,0,0,0,0,0,0,0,0,0,0,0,0,0,0,0,0,0,0,0,0,0,0,0,0,0,0,0,0,0,0,0,0,0,0,0,0,0,0,0,0,0,0,0,0,0,0,0,0,0,0,0,0,0,0,0,0,0,0,0,0,0,0,0,0,0,0,0,0,0,0,0,0,0,0,0,0,0,0,0,0,0,0,0,0,0,0,0,0,0,0,0,0,0,0,0,0,0,0,0,0,0,0,0,0,0,0,0,0,0,0,0,0,0,0,0,0,0,0,0,0,0,0,0,0,0,0,0,0,0,0,0,0,0,0,0,0,0,0,0,0,0,0,0,0,0,0,0,0,0,0,0,0,0,0,0,0,0,0,0,0,0,0,0,0,0,0,0,0,0,0,0,0,0,0,0,0,0,0,0,0,0,0,0,0,0,0,0,0,0,0,0,0,0,0,0,0,0,0,0,0,0,0,0,0,0,0,0,0,0,0,0,0,0,0,0,0,0,0,0,0,0,0,0,0,0,0,0,0,0,0,0,0,0,0,0,0,0,0,0,0,0,0,0,0,0,0,0,0,0,0,0,0,0,0,0,0,0,0,0,0,0,0,0,0,0,0,0,0,0,0,0,0,0,0,0,0,0,0,0,0,0,0,0,0,0,0,0,0,0,0,0,0,0,0,0,0,0,0,0,0,0,0,0,0,0,0,0,0,0,0,0,0,0,0,0,0,0,0,0,0,0,0,0,0,0,0,0,0,0,0,0,0,0,0,0,0,0,0,0,0,0,0,0,0,0,0,0,0,0,0,0,0,0,0,0,0,0,0,0,0,0,0,0,0,0,0,0,0,0,0,0,0,0,0,0,0,0,0,0,0,0,0,0,0,0,0,0,0,0,0,0,0,0,0,0,0,0,0,0,0,0,0,0,0,0,0,0,0,0,0,0,0,0,0,0,0,0,0,0,0,0,0,0,0,0,0,0,0,0,0,0,0,0,0,0,0,0,0,0,0,0,0,0,0,0,0,0,0,0,0,0,0,0,0,0,0,0,0,0,0,0,0,0,0,0,0,0,0,0,0,0,0,0,0,0,0,0,0,0,0,0,0,0,0,0,0,0,0,0,0,0,0,0,0,0,0,0,0,0,0,0,0,0,0,0,0,0,0,0,0,0,0,0,0,0,0,0,0,0,0,0,0,0,0,0,0,0,0,0,0,0,0,0,0,0,0,0,0,0,0,0,0,0,0,0,0,0,0,0,0,0,0,0,0,0,0,0,0,0,0,0,0,0,0,0,0,0,0,0,0,0,0,0,0,0,0,0,0,0,0,0,0,0,0,0,0,0,0,0,0,0,0,0,0,0,0,0,0,0,0,0,0,0,0,0,0,0,0,0,0,0,0,0,0,0,0,0,0,0,0,0,0,0,0,0,0,0,0,0
TF5,0,0,0,0,0,0,0,0,0,0,0,0,0,0,0,0,0,0,0,0,0,0,0,0,0,0,0,0,0,0,1,0,0,0,0,0,0,0,0,0,0,0,0,0,0,0,0,0,0,0,0,0,0,0,0,0,0,0,0,0,0,0,0,0,0,0,0,0,0,0,0,0,0,0,0,0,0,0,0,0,0,0,0,0,0,0,0,0,0,0,0,0,0,0,0,0,0,0,0,0,0,0,0,0,0,0,0,0,0,0,0,0,0,0,0,0,0,0,0,0,0,0,0,0,0,0,0,0,0,0,0,0,0,0,0,0,0,0,0,0,0,0,0,0,0,0,0,0,0,0,0,0,0,0,0,0,0,0,0,0,0,0,0,0,0,0,0,0,0,0,0,0,0,0,0,0,0,0,0,0,0,0,0,0,0,0,0,0,0,0,0,0,0,0,0,0,0,0,0,0,0,0,0,0,0,0,0,0,0,0,0,0,0,0,0,0,0,0,0,0,0,0,0,0,0,0,0,0,0,0,0,0,0,0,0,0,0,0,0,0,0,0,0,0,0,0,0,0,0,0,0,0,0,0,0,0,0,0,0,0,0,0,0,0,0,0,0,0,0,0,0,0,0,0,0,0,0,0,0,0,0,0,0,0,0,0,0,0,0,0,0,0,0,0,0,0,0,0,0,0,0,0,0,0,0,0,0,0,0,0,0,0,0,0,0,0,0,0,0,0,0,0,0,0,0,0,0,0,0,0,0,0,0,0,0,0,0,0,0,0,0,0,0,0,0,0,0,0,0,0,0,0,1,0,0,0,0,0,0,0,0,0,0,0,0,0,0,0,0,0,0,0,0,0,0,0,0,0,0,0,0,0,0,0,0,0,0,0,0,0,0,0,0,0,0,0,0,0,0,0,0,0,0,0,0,0,0,0,0,0,0,0,0,0,0,0,0,0,0,0,0,0,0,0,0,0,0,0,0,0,0,0,0,0,0,0,0,0,0,0,0,0,0,0,0,0,0,0,0,0,0,0,0,0,0,0,0,0,0,0,0,0,0,0,0,0,0,0,0,0,0,0,0,0,0,0,0,0,0,0,0,0,0,0,0,0,0,0,0,0,0,0,0,0,0,0,0,0,0,0,0,0,0,0,0,0,0,0,0,0,0,0,0,0,0,0,0,0,0,0,0,0,0,0,0,0,0,0,0,0,0,0,0,0,0,0,0,0,0,0,0,0,0,0,0,0,0,0,0,0,0,0,0,0,0,0,0,0,0,0,0,0,0,0,0,0,0,0,0,0,0,0,0,0,0,0,0,0,0,0,0,0,0,0,0,0,0,0,0,0,0,0,0,0,0,0,0,0,0,0,0,0,0,0,0,0,0,0,0,0,0,0,0,0,0,0,0,0,0,0,0,0,0,0,0,0,0,0,0,0,0,0,0,0,0,0,0,0,0,0,0,0,0,0,0,0,0,0,0,0,0,0,0,0,0,0,0,0,0,0,0,0,0,0,0,0,0,0,0,0,0,0,0,0,0,0,0,0,0,0,0,0,0,0,0,0,0,0,0,0,0,0,0,0,0,0,0,0,0,0,0,0,0,0,0,0,0,0,0,0,0,0,0,0,0,0,0,0,0,0,0,0,0,0,0,0,0,0,0,0,0,0,0,0,0,0,0,0,0,0,0,0,0,0,0,0,0,0,0,0,0,0,0,0,0,0,0,0,0,0,0,0,0,0,0,0,0,0,0,0,0,0,0,0,0,0,0,0,0,0,0,0,0,0,0,0,0,0,0,0,0,0,0,0,0,1,0
TF6,0,0,0,0,1,0,0,0,0,0,0,0,0,0,0,0,0,0,0,0,0,0,0,0,0,0,0,0,0,0,0,0,0,0,0,0,0,0,0,0,0,0,0,0,0,0,0,0,0,0,0,0,0,0,0,0,0,0,0,0,0,0,0,0,0,0,0,0,0,0,0,0,0,0,0,0,0,0,0,0,0,0,0,0,0,0,0,0,0,0,0,0,0,0,0,0,0,0,0,0,0,0,0,0,0,0,0,0,0,0,0,0,0,0,0,0,0,0,0,0,0,0,0,0,0,0,0,0,0,0,0,0,0,0,0,0,0,0,0,0,0,0,0,0,0,0,0,0,0,0,0,0,0,0,0,0,0,0,0,0,0,0,0,0,0,0,0,0,0,0,0,0,0,0,0,0,0,0,0,0,0,0,0,0,0,0,0,0,0,0,0,0,0,0,0,0,0,0,0,0,0,0,0,0,0,0,0,0,0,0,0,0,0,0,0,0,0,0,0,0,0,0,0,0,0,0,0,0,0,0,0,0,0,0,0,0,0,0,0,0,0,0,0,0,0,0,0,0,0,0,0,0,0,0,0,0,0,0,0,0,0,0,0,0,0,0,0,0,0,0,0,0,0,0,0,0,0,0,0,0,0,0,0,0,0,0,0,0,0,0,0,0,0,0,0,0,0,0,0,0,0,0,0,0,0,0,0,0,0,0,0,0,0,0,0,0,0,0,0,0,0,0,0,0,0,0,0,0,0,0,0,0,0,0,0,0,0,0,0,0,0,0,0,0,0,0,0,0,0,0,0,0,0,0,0,0,0,0,0,0,0,0,0,0,0,0,0,0,0,0,0,0,0,0,0,0,0,0,0,0,0,0,0,0,0,0,0,0,0,0,0,0,0,0,0,0,0,0,0,0,0,0,0,0,0,0,0,0,0,0,0,0,0,0,0,0,0,0,0,0,0,0,0,0,0,0,0,0,0,0,0,0,0,0,0,0,0,0,0,0,0,0,0,0,0,0,0,0,0,0,0,0,0,0,1,0,0,0,0,0,0,0,0,0,0,0,0,0,0,0,0,0,0,0,0,0,0,0,0,0,0,0,0,0,0,0,0,0,0,0,0,0,0,0,0,0,0,0,0,0,0,0,0,0,0,0,0,0,0,11,0,0,0,0,0,0,0,0,0,0,0,0,0,0,0,0,0,0,0,0,0,0,0,0,0,0,0,0,0,0,0,0,0,0,0,0,0,0,0,0,0,0,0,0,0,0,0,0,0,0,0,0,0,0,0,0,0,0,0,0,0,0,0,0,0,0,0,0,0,0,0,0,0,0,0,0,0,0,0,0,0,0,0,0,0,0,0,0,0,0,0,0,0,0,0,0,0,0,0,0,0,0,0,0,0,0,0,0,0,0,0,0,0,0,0,0,0,0,0,0,0,0,0,0,0,0,0,0,0,0,0,0,0,0,0,0,0,0,0,0,0,0,0,0,0,0,0,0,0,0,0,0,0,0,0,0,0,0,0,0,0,0,0,0,0,0,0,0,0,0,0,0,0,0,0,0,0,0,0,0,0,0,0,0,0,0,0,0,0,0,0,0,0,0,0,0,0,0,0,0,0,0,0,0,0,0,0,0,0,0,0,0,0,0,0,0,0,0,0,0,0,0,0,0,0,0,0,0,0,0,0,0,0,0,0,0,0,0,0,0,0,0,0,0,0,0,0,0,0,0,0,0,0,0,0,0,0,0,0,0,0,0,0,0,0,0,0,0,0,0,0,0,0,0,0,0,0,0,0,0,0,0,0,0,0,0,0
TF7,3309,36,684,629,2150,16,31,723,3,3849,8,1321,1364,463,470,987,1563,436,3653,376,1415,2469,1197,3361,621,101,624,2229,1804,1009,2187,1998,388,780,10,1383,1212,796,1086,313,859,1420,77,1792,343,1194,2495,253,3609,1755,108,3879,2746,305,1041,123,2291,2529,989,1290,1448,2529,145,3665,114,2552,115,4127,2817,3872,80,2911,3145,1322,3645,2498,2237,1905,2086,7467,1056,3438,493,2592,189,1204,1586,992,4085,511,384,114,2970,289,1697,3856,1746,2405,226,3963,1967,1588,1568,270,3816,3156,741,1838,530,1906,1945,620,709,3901,1457,1968,982,5429,83,1669,1314,2460,4314,1796,279,21,1548,8384,57,1362,2856,731,2248,3361,818,384,1654,2585,113,1589,3366,1441,3194,1054,1920,822,711,93,615,2312,1431,2149,1944,3578,484,89,3125,3176,1350,2572,1028,2120,2764,7673,2657,3952,5169,2985,2563,1259,31,1141,707,3253,1449,2400,13,922,3272,81,3684,2857,941,2202,1375,8892,2008,968,1289,86,2547,23,321,1033,1024,1929,276,719,1501,3759,1182,1974,421,5312,98,2088,340,1517,3477,1789,517,1818,422,1424,156,1734,1244,1678,243,2083,2271,124,867,1653,1589,216,2868,2820,1403,1182,2715,695,2330,1873,2411,1308,2292,2030,275,1236,2024,44,1910,3209,10056,553,1311,1701,1083,1250,1468,2303,1257,1038,1529,2824,1018,1221,2733,2491,1161,5132,836,1042,86,2134,1097,589,827,244,440,6074,3232,3603,1935,118,3257,1877,154,223,112,2969,2353,3020,1024,1355,1797,985,1762,2780,463,5100,1798,702,685,3378,3727,2821,2671,56,2454,125,2735,2387,2533,2340,2606,2675,878,1261,1243,223,1658,2697,2752,2787,3732,2536,910,1697,5298,1133,1613,1994,135,1917,2608,1542,3626,1022,670,1302,2062,1371,509,5717,1581,1063,3625,124,1608,1685,3191,1792,215,873,144,1445,3189,2132,2696,1078,5579,2958,992,4203,853,689,1463,2213,2696,2476,404,5149,2793,1282,1471,851,334,131,5154,2884,1580,1083,2582,839,1801,2292,2263,1845,1192,1822,1767,2944,793,3154,3090,2923,1853,2677,282,813,1764,1427,2273,1714,1401,1863,1549,2439,1268,112,3020,6202,776,2364,1722,3833,610,3394,775,5658,378,3247,934,2039,725,3411,1899,1792,695,868,1356,3240,1516,3435,256,448,350,1416,2047,2205,2422,1698,1551,2741,4110,3060,1316,2266,807,1988,898,5789,1164,168,956,2128,4061,3117,2965,2615,623,1652,1228,407,124,1107,1876,1483,1064,7391,741,3845,2353,63,1034,2455,3050,5287,1994,1504,974,153,225,3805,3333,6559,3721,1330,3525,270,1531,631,1439,271,710,6108,3146,1040,4850,5011,2674,1750,1874,2676,1755,641,7237,2217,2064,1988,75,139,1670,490,3186,496,2151,2615,2223,3150,149,1928,1316,3085,3331,764,72,2335,272,208,2544,551,138,1380,445,390,692,1750,2509,1424,1208,1863,51,672,926,6675,2286,215,4535,2954,2036,5602,2295,1962,2975,1748,1947,1029,103,2830,1249,888,933,2213,2196,3212,1938,2196,1678,1103,3162,1728,214,1603,1749,4391,3585,4885,2452,388,2441,2596,2763,4354,1352,2823,2588,1760,3849,3531,3019,1889,276,1250,155,1323,268,3047,3099,1794,1165,2706,204,1556,2948,1624,255,681,1250,2549,440,3214,1364,4106,1070,758,1669,3798,125,4902,1001,6273,1463,2462,2168,92,326,3330,960,1482,1580,2181,3473,1201,240,3934,69,2800,475,2022,276,149,942,2889,3877,200,2621,152,152,1708,3297,2226,1799,3060,1543,1685,2381,3377,632,1802,3042,5469,1914,1719,153,2534,700,2596,3268,152,213,2731,523,1614,2234,4313,1084,2887,3027,3050,845,3057,319,577,3869,815,3035,1529,4289,3032,8360,168,744,869,3452,1974,243,1030,130,3475,498,1550,1090,1497,459,937,543,1195,126,3682,323,1450,1441,3985,2733,3153,3051,348,187,292,210,1573,1727,837,3282,2696,1153,90,455,6841,700,1765,553,2291,3868,2742,650,2332,3574,1546,1789,2660,2419,2593,197,455,307,251,50,625,2001,1819,630,2059,1568,379,682,2907,1205,3005,1071,2979,1581,1580,1883,686,5290,1576,1961,2906,659,2113,717,3106,706,231,1335,1805,2743,694,475,352,2116,4118,2361,343,2059,2235,696,891,2862,2334,3486,2049,516,1054,2495,1459,349,266,2451,4149,2275,5646,1338
