,init_to_switch1_3_0,init_to_switch1_4_0,init_to_switch1_4_1,init_to_switch1_4_2,init_to_switch1_4_3,init_to_switch1_5_0,init_to_switch1_5_1,init_to_switch1_5_2,init_to_switch1_5_3,init_to_switch1_5_4,init_to_switch1_5_5,init_to_switch1_5_6,init_to_switch1_5_7,init_to_switch1_5_8,init_to_switch1_5_9,init_to_switch1_5_10,init_to_switch1_6_0,init_to_switch1_6_1,init_to_switch1_6_2,init_to_switch1_6_3,init_to_switch1_6_4,init_to_switch1_6_5,init_to_switch1_6_6,init_to_switch1_6_7,init_to_switch1_6_8,init_to_switch1_6_9,init_to_switch1_6_10,init_to_switch1_6_11,init_to_switch1_6_12,init_to_switch1_6_13,init_to_switch1_6_14,init_to_switch1_6_15,init_to_switch1_6_16,init_to_switch1_6_17,switch1_0,switch1_1,switch1_2,switch1_3,switch1_4,switch1_5,switch1_6,switch1_7,switch1_8,switch1_9,switch1_10,switch1_11,switch1_12,switch1_13,switch1_14,switch1_15,switch1_16,switch1_17,switch1_18,switch1_19,switch1_20,switch1_21,switch1_22,switch1_23,switch1_24,switch1_25,switch1_26,switch1_27,switch1_28,switch1_to_steady1_1_0,switch1_to_steady1_1_1,switch1_to_steady1_1_2,switch1_to_steady1_1_3,switch1_to_steady1_1_4,switch1_to_steady1_1_5,switch1_to_steady1_1_6,switch1_to_steady1_1_7,switch1_to_steady1_1_8,switch1_to_steady1_1_9,switch1_to_steady1_1_10,switch1_to_steady1_1_11,switch1_to_steady1_1_12,switch1_to_steady1_1_13,switch1_to_steady1_1_14,switch1_to_steady1_1_15,switch1_to_steady1_1_16,switch1_to_steady1_1_17,switch1_to_steady1_1_18,switch1_to_steady1_1_19,switch1_to_steady1_1_20,switch1_to_steady1_1_21,switch1_to_steady1_1_22,switch1_to_steady2_1_0,switch1_to_steady2_1_1,switch1_to_steady2_1_2,switch1_to_steady2_1_3,switch1_to_steady2_1_4,switch1_to_steady2_1_5,switch1_to_steady2_1_6,switch1_to_steady2_1_7,switch1_to_steady2_1_8,switch1_to_steady2_1_9,switch1_to_steady2_1_10,switch1_to_steady2_1_11,switch1_to_steady2_1_12,switch1_to_steady2_1_13,switch1_to_steady2_1_14,switch1_to_steady2_1_15,switch1_to_steady2_1_16,switch1_to_steady2_1_17,switch1_to_steady2_1_18,switch1_to_steady2_1_19,switch1_to_steady2_1_20,switch1_to_steady2_1_21,switch1_to_steady2_1_22,switch1_to_steady2_1_23,switch1_to_steady2_1_24,switch1_to_steady2_1_25,switch1_to_steady2_1_26,switch1_to_steady1_2_0,switch1_to_steady1_2_1,switch1_to_steady1_2_2,switch1_to_steady1_2_3,switch1_to_steady1_2_4,switch1_to_steady1_2_5,switch1_to_steady1_2_6,switch1_to_steady1_2_7,switch1_to_steady1_2_8,switch1_to_steady1_2_9,switch1_to_steady1_2_10,switch1_to_steady1_2_11,switch1_to_steady1_2_12,switch1_to_steady1_2_13,switch1_to_steady1_2_14,switch1_to_steady1_2_15,switch1_to_steady1_2_16,switch1_to_steady1_2_17,switch1_to_steady1_2_18,switch1_to_steady1_2_19,switch1_to_steady1_2_20,switch1_to_steady1_2_21,switch1_to_steady1_2_22,switch1_to_steady1_2_23,switch1_to_steady1_2_24,switch1_to_steady1_2_25,switch1_to_steady1_2_26,switch1_to_steady1_2_27,switch1_to_steady1_2_28,switch1_to_steady1_2_29,switch1_to_steady1_2_30,switch1_to_steady1_2_31,switch1_to_steady1_2_32,switch1_to_steady1_2_33,switch1_to_steady1_3_0,switch1_to_steady1_3_1,switch1_to_steady1_3_2,switch1_to_steady1_3_3,switch1_to_steady1_3_4,switch1_to_steady1_3_5,switch1_to_steady1_3_6,switch1_to_steady1_3_7,switch1_to_steady1_3_8,switch1_to_steady1_3_9,switch1_to_steady1_3_10,switch1_to_steady1_3_11,switch1_to_steady1_3_12,switch1_to_steady1_3_13,switch1_to_steady1_3_14,switch1_to_steady1_3_15,switch1_to_steady1_3_16,switch1_to_steady1_3_17,switch1_to_steady1_3_18,switch1_to_steady1_3_19,switch1_to_steady1_3_20,switch1_to_steady1_3_21,switch1_to_steady1_3_22,switch1_to_steady1_3_23,switch1_to_steady1_3_24,switch1_to_steady1_3_25,switch1_to_steady1_3_26,switch1_to_steady1_3_27,switch1_to_steady1_3_28,switch1_to_steady1_3_29,switch1_to_steady1_3_30,switch1_to_steady1_3_31,switch1_to_steady1_3_32,switch1_to_steady1_3_33,switch1_to_steady1_3_34,switch1_to_steady1_3_35,steady1_0,steady1_1,steady1_2,steady1_3,steady1_4,steady1_5,steady1_6,steady1_7,steady1_8,steady1_9,steady1_10,steady1_11,steady1_12,steady1_13,steady1_14,steady1_15,steady1_16,steady1_17,steady1_18,steady1_19,steady1_20,steady1_21,steady1_22,steady1_23,steady1_24,steady1_25,steady1_26,steady1_27,steady1_28,steady1_29,steady1_30,steady1_31,steady1_32,steady1_33,steady1_34,steady1_35,steady1_36,steady1_37,steady1_38,steady1_39,steady1_40,steady1_41,steady1_42,steady1_43,steady1_44,steady1_45,steady1_46,steady1_47,steady1_48,steady1_49,steady1_50,steady1_51,steady1_52,steady1_53,steady1_54,steady1_55,steady1_56,steady1_57,steady1_58,steady1_59,steady1_60,steady1_61,steady1_62,steady1_63,steady1_64,steady1_65,steady1_66,steady1_67,steady1_68,steady1_69,steady1_70,steady1_71,steady1_72,steady1_73,steady1_74,steady1_75,steady1_76,steady1_77,steady1_78,steady1_79,steady1_80,steady1_81,steady1_82,steady1_83,steady1_84,steady1_85,steady1_86,steady1_87,steady1_88,steady1_89,steady1_90,steady1_91,steady1_92,steady1_93,steady1_94,steady1_95,steady1_96,steady1_97,steady1_98,steady1_99,steady1_100,steady1_101,steady1_102,steady1_103,steady1_104,steady1_105,steady1_106,steady1_107,steady1_108,steady1_109,steady1_110,steady1_111,steady1_112,steady1_113,steady1_114,steady1_115,steady1_116,steady1_117,steady1_118,steady1_119,steady1_120,steady1_121,steady1_122,steady1_123,steady1_124,steady1_125,steady1_126,steady1_127,steady1_128,steady1_129,steady1_130,steady1_131,steady1_132,steady1_133,steady1_134,steady1_135,steady1_136,steady1_137,steady1_138,steady1_139,steady1_140,steady1_141,steady1_142,steady1_143,steady1_144,steady1_145,steady1_146,steady1_147,steady1_148,steady1_149,steady1_150,steady1_151,steady1_152,steady1_153,steady1_154,steady1_155,steady1_156,steady1_157,steady1_158,steady1_159,steady1_160,steady1_161,steady1_162,steady1_163,steady1_164,steady1_165,steady1_166,steady1_167,steady1_168,steady1_169,steady1_170,steady1_171,steady1_172,steady1_173,steady1_174,steady1_175,steady1_176,steady1_177,steady1_178,steady1_179,steady1_180,steady1_181,steady1_182,steady1_183,steady1_184,steady1_185,steady1_186,steady1_187,steady1_188,steady1_189,steady1_190,steady1_191,steady1_192,steady1_193,steady1_194,steady1_195,steady1_196,steady1_197,steady1_198,steady1_199,steady1_200,steady1_201,steady1_202,steady1_203,steady1_204,steady1_205,steady1_206,steady1_207,steady1_208,steady1_209,steady1_210,steady1_211,steady1_212,steady1_213,steady1_214,steady1_215,steady1_216,steady1_217,steady1_218,steady1_219,steady1_220,steady1_221,steady1_222,steady1_223,steady1_224,steady1_225,steady1_226,steady1_227,steady1_228,steady1_229,steady1_230,steady1_231,steady1_232,steady1_233,steady1_234,steady1_235,steady1_236,steady1_237,steady1_238,steady1_239,steady1_240,steady1_241,steady1_242,steady1_243,steady1_244,steady1_245,steady1_246,steady1_247,steady1_248,steady1_249,steady1_250,steady1_251,steady1_252,steady1_253,steady1_254,steady1_255,steady1_256,steady1_257,steady1_258,steady1_259,steady1_260,steady1_261,steady1_262,steady1_263,steady1_264,steady1_265,steady1_266,steady1_267,steady1_268,steady1_269,steady1_270,steady1_271,steady1_272,steady1_273,steady1_274,steady1_275,steady1_276,steady1_277,steady1_278,steady1_279,steady1_280,steady1_281,steady1_282,steady1_283,steady1_284,steady1_285,steady1_286,steady1_287,steady1_288,steady1_289,steady1_290,steady1_291,steady1_292,steady1_293,steady1_294,steady1_295,steady1_296,steady1_297,steady1_298,steady1_299,steady1_300,steady1_301,steady1_302,switch1_to_steady2_2_0,switch1_to_steady2_2_1,switch1_to_steady2_2_2,switch1_to_steady2_2_3,switch1_to_steady2_2_4,switch1_to_steady2_2_5,switch1_to_steady2_2_6,switch1_to_steady2_2_7,switch1_to_steady2_2_8,switch1_to_steady2_2_9,switch1_to_steady2_2_10,switch1_to_steady2_2_11,switch1_to_steady2_2_12,switch1_to_steady2_2_13,switch1_to_steady2_2_14,switch1_to_steady2_2_15,switch1_to_steady2_2_16,switch1_to_steady2_2_17,switch1_to_steady2_2_18,switch1_to_steady2_2_19,switch1_to_steady2_2_20,switch1_to_steady2_2_21,switch1_to_steady2_2_22,switch1_to_steady2_2_23,switch1_to_steady2_2_24,switch1_to_steady2_2_25,switch1_to_steady2_2_26,switch1_to_steady2_2_27,switch1_to_steady2_2_28,switch1_to_steady2_2_29,switch1_to_steady2_2_30,switch1_to_steady2_2_31,switch1_to_steady2_2_32,switch1_to_steady2_2_33,switch1_to_steady2_2_34,switch1_to_steady2_2_35,switch1_to_steady2_2_36,switch1_to_steady2_2_37,switch1_to_steady2_2_38,switch1_to_steady2_2_39,switch1_to_steady2_2_40,switch1_to_steady2_3_0,switch1_to_steady2_3_1,switch1_to_steady2_3_2,switch1_to_steady2_3_3,switch1_to_steady2_3_4,switch1_to_steady2_3_5,switch1_to_steady2_3_6,switch1_to_steady2_3_7,switch1_to_steady2_3_8,switch1_to_steady2_3_9,switch1_to_steady2_3_10,switch1_to_steady2_3_11,switch1_to_steady2_3_12,switch1_to_steady2_3_13,switch1_to_steady2_3_14,switch1_to_steady2_3_15,switch1_to_steady2_3_16,switch1_to_steady2_3_17,switch1_to_steady2_3_18,switch1_to_steady2_3_19,switch1_to_steady2_3_20,switch1_to_steady2_3_21,switch1_to_steady2_3_22,switch1_to_steady2_3_23,switch1_to_steady2_3_24,switch1_to_steady2_3_25,switch1_to_steady2_3_26,switch1_to_steady2_3_27,switch1_to_steady2_3_28,switch1_to_steady2_3_29,switch1_to_steady2_3_30,switch1_to_steady2_3_31,switch1_to_steady2_3_32,switch1_to_steady2_3_33,switch1_to_steady2_3_34,switch1_to_steady2_3_35,switch1_to_steady2_3_36,switch1_to_steady2_3_37,switch1_to_steady2_3_38,steady2_0,steady2_1,steady2_2,steady2_3,steady2_4,steady2_5,steady2_6,steady2_7,steady2_8,steady2_9,steady2_10,steady2_11,steady2_12,steady2_13,steady2_14,steady2_15,steady2_16,steady2_17,steady2_18,steady2_19,steady2_20,steady2_21,steady2_22,steady2_23,steady2_24,steady2_25,steady2_26,steady2_27,steady2_28,steady2_29,steady2_30,steady2_31,steady2_32,steady2_33,steady2_34,steady2_35,steady2_36,steady2_37,steady2_38,steady2_39,steady2_40,steady2_41,steady2_42,steady2_43,steady2_44,steady2_45,steady2_46,steady2_47,steady2_48,steady2_49,steady2_50,steady2_51,steady2_52,steady2_53,steady2_54,steady2_55,steady2_56,steady2_57,steady2_58,steady2_59,steady2_60,steady2_61,steady2_62,steady2_63,steady2_64,steady2_65,steady2_66,steady2_67,steady2_68,steady2_69,steady2_70,steady2_71,steady2_72,steady2_73,steady2_74,steady2_75,steady2_76,steady2_77,steady2_78,steady2_79,steady2_80,steady2_81,steady2_82,steady2_83,steady2_84,steady2_85,steady2_86,steady2_87,steady2_88,steady2_89,steady2_90,steady2_91,steady2_92,steady2_93,steady2_94,steady2_95,steady2_96,steady2_97,steady2_98,steady2_99,steady2_100,steady2_101,steady2_102,steady2_103,steady2_104,steady2_105,steady2_106,steady2_107,steady2_108,steady2_109,steady2_110,steady2_111,steady2_112,steady2_113,steady2_114,steady2_115,steady2_116,steady2_117,steady2_118,steady2_119,steady2_120,steady2_121,steady2_122,steady2_123,steady2_124,steady2_125,steady2_126,steady2_127,steady2_128,steady2_129,steady2_130,steady2_131,steady2_132,steady2_133,steady2_134,steady2_135,steady2_136,steady2_137,steady2_138,steady2_139,steady2_140,steady2_141,steady2_142,steady2_143,steady2_144,steady2_145,steady2_146,steady2_147,steady2_148,steady2_149,steady2_150,steady2_151,steady2_152,steady2_153,steady2_154,steady2_155,steady2_156,steady2_157,steady2_158,steady2_159,steady2_160,steady2_161,steady2_162,steady2_163,steady2_164,steady2_165,steady2_166,steady2_167,steady2_168,steady2_169,steady2_170,steady2_171,steady2_172,steady2_173,steady2_174,steady2_175,steady2_176,steady2_177,steady2_178,steady2_179,steady2_180,steady2_181,steady2_182,steady2_183,steady2_184,steady2_185,steady2_186,steady2_187,steady2_188,steady2_189,steady2_190,steady2_191,steady2_192,steady2_193,steady2_194,steady2_195,steady2_196,steady2_197,steady2_198,steady2_199,steady2_200,steady2_201,steady2_202,steady2_203,steady2_204,steady2_205,steady2_206,steady2_207,steady2_208,steady2_209,steady2_210,steady2_211,steady2_212,steady2_213,steady2_214,steady2_215,steady2_216,steady2_217,steady2_218,steady2_219,steady2_220,steady2_221,steady2_222,steady2_223,steady2_224,steady2_225,steady2_226,steady2_227,steady2_228,steady2_229,steady2_230,steady2_231,steady2_232,steady2_233,steady2_234,steady2_235,steady2_236,steady2_237,steady2_238,steady2_239,steady2_240,steady2_241,steady2_242,steady2_243,steady2_244,steady2_245,steady2_246,steady2_247,steady2_248,steady2_249,steady2_250,steady2_251,steady2_252,steady2_253,steady2_254,steady2_255,steady2_256,steady2_257,steady2_258,steady2_259,steady2_260,steady2_261,steady2_262,steady2_263,steady2_264,steady2_265,steady2_266,steady2_267,steady2_268,steady2_269,steady2_270,steady2_271,steady2_272,steady2_273,steady2_274,steady2_275,steady2_276,steady2_277,steady2_278,steady2_279,steady2_280,steady2_281,steady2_282
G1,0,0,0,0,0,0,0,0,0,0,0,0,0,0,0,0,0,0,0,0,0,0,0,0,0,0,0,0,0,0,0,0,0,0,0,0,0,0,0,0,0,0,0,0,0,0,0,0,0,0,0,0,0,0,0,0,0,0,0,0,0,0,0,0,0,0,0,0,0,0,0,0,0,0,0,0,0,0,0,0,0,0,0,0,0,0,0,0,0,0,0,0,0,0,0,0,0,0,0,0,0,0,0,0,0,0,0,0,0,0,0,0,0,0,0,0,0,0,0,0,0,0,0,0,0,0,0,0,0,0,0,0,0,0,0,0,0,0,0,0,0,0,0,0,0,0,0,0,0,0,0,0,0,0,0,0,0,0,0,0,0,0,0,0,0,0,0,0,0,0,0,0,0,0,0,0,0,0,0,0,0,0,0,0,0,0,0,0,0,0,0,0,0,0,0,0,0,0,0,0,0,0,0,0,0,0,0,0,0,0,0,0,0,0,0,0,0,0,0,0,0,0,0,0,0,0,0,0,0,0,0,0,0,0,0,0,0,0,0,0,0,0,0,0,0,0,0,0,0,0,0,0,0,0,0,0,0,0,0,0,0,0,0,0,0,0,0,0,0,0,0,0,0,0,0,0,0,0,0,0,0,0,0,0,0,0,0,0,0,0,0,0,0,0,0,0,0,0,0,0,0,0,0,0,0,0,0,0,0,0,0,0,0,0,0,0,0,0,0,0,0,0,0,0,0,0,0,0,0,0,0,0,0,0,0,0,0,0,0,0,0,0,0,0,0,0,0,0,0,0,0,0,0,0,0,0,0,0,0,0,0,0,0,0,0,0,0,0,0,0,0,0,0,0,0,0,0,0,0,0,0,0,0,0,0,0,0,0,0,0,0,0,0,0,0,0,0,0,0,0,0,0,0,0,0,0,0,0,0,0,0,0,0,0,0,0,0,0,0,0,0,0,0,0,0,0,0,0,0,0,0,0,0,0,0,0,0,0,0,0,0,0,0,0,0,0,0,0,0,0,0,0,0,0,0,0,0,0,0,0,0,0,0,0,0,0,0,0,0,0,0,0,0,0,0,0,0,0,0,0,0,0,0,0,0,0,0,0,0,0,0,0,0,0,0,0,0,0,0,0,0,0,0,0,0,0,0,0,0,0,0,0,0,0,0,0,0,0,0,0,0,0,0,0,0,0,0,0,0,0,0,0,0,0,0,0,0,0,0,0,0,0,0,0,0,0,0,0,0,0,0,0,0,0,0,0,0,0,0,0,0,0,0,0,0,0,0,0,0,0,0,0,0,0,0,0,0,0,0,0,0,0,0,0,0,0,0,0,0,0,0,0,0,0,0,0,0,0,0,0,0,0,0,0,0,0,0,0,0,0,0,0,0,0,0,0,0,0,0,0,0,0,0,0,0,0,0,0,0,0,0,0,0,0,0,0,0,0,0,0,0,0,0,0,0,0,0,0,0,0,0,0,0,0,0,0,0,0,0,0,0,0,0,0,0,0,0,0,0,0,0,0,0,0,0,0,0,0,0,0,0,0,0,0,0,0,0,0,0,0,0,0,0,0,0,0,0,0,0,0,0,0,0,0,0,0,0,0,0,0,0,0,0,0,0,0,0,0,0,0,0,0,0,0,0,0,0,0,0,0,0,0,0,0,0,0,0,0,0,0,0,0,0,0,0,0,0,0,0,0,0,0,0,0,0,0,0,0,0,0,0,0,0,0,0,0,0,0,0,0,0,0,0,0,0,0,0,0,0,0,0,0,0,0,0,0,0,0,0,0,0,0,0,0,0,0,0,0,0,0,0,0,0,0,0,0,0,0,0,0,0,0,0,0,0,0,0,0,0,0,0,0,0,0,0,0,0,0,0,0,0,0,0,0,0,0,0,0,0,0,0,0,0,0,0,0,0,0,0
G2,0,0,0,0,0,0,0,0,0,0,0,0,0,0,0,0,0,0,0,0,0,0,0,0,0,0,0,0,0,0,0,0,0,0,0,0,0,0,0,0,0,0,0,0,0,0,0,0,0,0,0,0,0,0,0,0,0,0,0,0,0,0,0,0,0,0,0,0,0,0,0,0,0,0,0,0,0,0,0,0,0,0,0,0,0,0,0,0,0,0,0,0,0,0,0,0,0,0,0,0,0,0,0,0,0,0,0,0,0,0,0,0,0,0,0,0,0,0,0,0,0,0,0,0,0,0,0,0,0,0,0,0,0,0,0,0,0,0,0,0,0,0,0,0,0,0,0,0,0,0,0,0,0,0,0,0,0,0,0,0,0,0,0,0,0,0,0,0,0,0,0,0,0,0,0,0,0,0,0,0,0,0,0,0,0,0,0,0,0,0,0,0,0,0,0,0,0,0,0,0,0,0,0,0,0,0,0,0,0,0,0,0,0,0,0,0,0,0,0,0,0,0,0,0,0,0,0,0,0,0,0,0,0,0,0,0,0,0,0,0,0,0,0,0,0,0,0,0,0,0,0,0,0,0,0,0,0,0,0,0,0,0,0,0,0,0,0,0,0,0,0,0,0,0,0,0,0,0,0,0,0,0,0,0,0,0,0,0,0,0,0,0,0,0,0,0,0,0,0,0,0,0,0,0,0,0,0,0,0,0,0,0,0,0,0,0,0,0,0,0,0,0,0,0,0,0,0,0,0,0,0,0,0,0,0,0,0,0,0,0,0,0,0,0,0,0,0,0,0,0,0,0,0,0,0,0,0,0,0,0,0,0,0,0,0,0,0,0,0,0,0,0,0,0,0,0,0,0,0,0,0,0,0,0,0,0,0,0,0,0,0,0,0,0,0,0,0,0,0,0,0,0,0,0,0,0,0,0,0,0,0,0,0,0,0,0,0,0,0,0,0,0,0,0,0,0,0,0,0,0,0,0,0,0,0,0,0,0,0,0,0,0,0,0,0,0,0,0,0,0,0,0,0,0,0,0,0,0,0,0,0,0,0,0,0,0,0,0,0,0,0,0,0,0,0,0,0,0,0,0,0,0,0,0,0,0,0,0,0,0,0,0,0,0,0,0,0,0,0,0,0,0,0,0,0,0,0,0,0,0,0,0,0,0,0,0,0,0,0,0,0,0,0,0,0,0,0,0,0,0,0,0,0,0,0,0,0,0,0,0,0,0,0,0,0,0,0,0,0,0,0,0,0,0,0,0,0,0,0,0,0,0,0,0,0,0,0,0,0,0,0,0,0,0,0,0,0,0,0,0,0,0,0,0,0,0,0,0,0,0,0,0,0,0,0,0,0,0,0,0,0,0,0,0,0,0,0,0,0,0,0,0,0,0,0,0,0,0,0,0,0,0,0,0,0,0,0,0,0,0,0,0,0,0,0,0,0,0,0,0,0,0,0,0,0,0,0,0,0,0,0,0,0,0,0,0,0,0,0,0,0,0,0,0,0,0,0,0,0,0,0,0,0,0,0,0,0,0,0,0,0,0,0,0,0,0,0,0,0,0,0,0,0,0,0,0,0,0,0,0,0,0,0,0,0,0,0,0,0,0,0,0,0,0,0,0,0,0,0,0,0,0,0,0,0,0,0,0,0,0,0,0,0,0,0,0,0,0,0,0,0,0,0,0,0,0,0,0,0,0,0,0,0,0,0,0,0,0,0,0,0,0,0,0,0,0,0,0,0,0,0,0,0,0,0,0,0,0,0,0,0,0,0,0,0,0,0,0,0,0,0,0,0,0,0,0,0,0,0,0,0,0,0,0,0,0,0,0,0,0,0,0,0,0,0,0,0,0,0,0,0,0,0,0,0,0,0,0,0,0,0,0,0,0,0,0,0,0,0,0,0,0,0,0,0,0,0,0,0
G3,0,0,0,0,0,0,0,0,0,0,0,0,0,0,0,0,0,0,0,0,0,0,0,0,0,0,0,0,0,0,0,0,0,0,0,0,0,0,0,0,0,0,0,0,0,0,0,0,0,0,0,0,0,0,0,0,0,0,0,0,0,0,0,0,0,0,0,0,0,0,0,0,0,0,0,0,0,0,0,0,0,0,0,0,0,0,0,0,0,0,0,0,0,0,0,0,0,0,0,0,0,0,0,0,0,0,0,0,0,0,0,0,0,0,0,0,0,0,0,0,0,0,0,0,0,0,0,0,0,0,0,0,0,0,0,0,0,0,0,0,0,0,0,0,0,0,0,0,0,0,0,0,0,0,0,0,0,0,0,0,0,0,0,0,0,0,0,0,0,0,0,0,0,0,0,0,0,0,0,0,0,0,0,0,0,0,0,0,0,0,0,0,0,0,0,0,0,0,0,0,0,0,0,0,0,0,0,0,0,0,0,0,0,0,0,0,0,0,0,0,0,0,0,0,0,0,0,0,0,0,0,0,0,0,0,0,0,0,0,0,0,0,0,0,0,0,0,0,0,0,0,0,0,0,0,0,0,0,0,0,0,0,0,0,0,0,0,0,0,0,0,0,0,0,0,0,0,0,0,0,0,0,0,0,0,0,0,0,0,0,0,0,0,0,0,0,0,0,0,0,0,0,0,0,0,0,0,0,0,0,0,0,0,0,0,0,0,0,0,0,0,0,0,0,0,0,0,0,0,0,0,0,0,0,0,0,0,0,0,0,0,0,0,0,0,0,0,0,0,0,0,0,0,0,0,0,0,0,0,0,0,0,0,0,0,0,0,0,0,0,0,0,0,0,0,0,0,0,0,0,0,0,0,0,0,0,0,0,0,0,0,0,0,0,0,0,0,0,0,0,0,0,0,0,0,0,0,0,0,0,0,0,0,0,0,0,0,0,0,0,0,0,0,0,0,0,0,0,0,0,0,0,0,0,0,0,0,0,0,0,0,0,0,0,0,0,0,0,0,0,0,0,0,0,0,0,0,0,0,0,0,0,0,0,0,0,0,0,0,0,0,0,0,0,0,0,0,0,0,0,0,0,0,0,0,0,0,0,0,0,0,0,0,0,0,0,0,0,0,0,0,0,0,0,0,0,0,0,0,0,0,0,0,0,0,0,0,0,0,0,0,0,0,0,0,0,0,0,0,0,0,0,0,0,0,0,0,0,0,0,0,0,0,0,0,0,0,0,0,0,0,0,0,0,0,0,0,0,0,0,0,0,0,0,0,0,0,0,0,0,0,0,0,0,0,0,0,0,0,0,0,0,0,0,0,0,0,0,0,0,0,0,0,0,0,0,0,0,0,0,0,0,0,0,0,0,0,0,0,0,0,0,0,0,0,0,0,0,0,0,0,0,0,0,0,0,0,0,0,0,0,0,0,0,0,0,0,0,0,0,0,0,0,0,0,0,0,0,0,0,0,0,0,0,0,0,0,0,0,0,0,0,0,0,0,0,0,0,0,0,0,0,0,0,0,0,0,0,0,0,0,0,0,0,0,0,0,0,0,0,0,0,0,0,0,0,0,0,0,0,0,0,0,0,0,0,0,0,0,0,0,0,0,0,0,0,0,0,0,0,0,0,0,0,0,0,0,0,0,0,0,0,0,0,0,0,0,0,0,0,0,0,0,0,0,0,0,0,0,0,0,0,0,0,0,0,0,0,0,0,0,0,0,0,0,0,0,0,0,0,0,0,0,0,0,0,0,0,0,0,0,0,0,0,0,0,0,0,0,0,0,0,0,0,0,0,0,0,0,0,0,0,0,0,0,0,0,0,0,0,0,0,0,0,0,0,0,0,0,0,0,0,0,0,0,0,0,0,0,0,0,0,0,0,0,0,0,0,0,0,0,0,0,0,0,0,0,0,0
G4,0,0,0,0,0,0,0,0,0,0,0,0,0,0,0,0,0,0,0,0,0,0,0,0,0,0,0,0,0,0,0,0,0,0,0,0,0,0,0,0,0,0,0,0,0,0,0,0,0,0,0,0,0,0,0,0,0,0,0,0,0,0,0,0,0,0,0,0,0,0,0,0,0,0,0,0,0,0,0,0,0,0,0,0,0,0,0,0,0,0,0,0,0,0,0,0,0,0,0,0,0,0,0,0,0,0,0,0,0,0,0,0,0,0,0,0,0,0,0,0,0,0,0,0,0,0,0,1,0,0,0,0,0,0,0,0,0,0,0,0,0,0,0,0,0,0,0,0,0,0,0,0,0,0,0,0,0,0,0,0,0,0,0,1,0,0,0,0,0,0,0,0,0,0,0,0,0,0,0,0,0,0,0,1,0,0,0,0,0,0,0,0,0,0,0,0,0,0,0,0,0,0,0,0,0,0,0,0,0,0,0,0,0,0,1,0,0,0,0,0,0,0,0,0,0,0,0,0,0,0,0,0,0,0,0,0,0,0,0,0,0,0,0,0,0,0,0,0,0,0,0,0,0,0,0,0,0,0,0,0,0,0,0,0,0,0,0,0,0,0,0,0,0,0,0,0,0,0,0,1,0,0,0,0,0,0,0,0,0,0,0,0,0,0,0,0,0,0,0,0,0,0,0,0,0,0,0,0,0,0,0,0,0,0,0,0,0,0,0,0,0,0,0,0,0,0,0,0,0,0,0,0,0,0,0,0,0,0,0,0,0,0,0,0,0,0,0,0,0,0,0,0,0,0,0,0,0,0,0,0,0,0,0,0,1,0,0,0,0,0,0,0,0,0,0,0,0,0,0,0,0,0,0,0,0,0,0,0,0,0,0,0,0,0,1,0,0,0,0,0,0,0,0,0,1,0,0,0,0,0,0,0,0,0,0,0,0,0,0,1,0,0,0,0,0,0,0,0,0,0,0,0,0,0,0,0,0,0,0,0,0,0,0,0,0,0,0,0,0,0,0,0,0,0,0,0,0,0,0,0,0,1,0,0,0,0,0,1,0,0,0,0,0,0,0,0,0,0,0,0,0,0,0,0,0,0,0,0,0,0,0,0,0,0,0,0,0,0,0,0,0,0,0,0,0,0,0,0,0,0,0,0,0,0,0,0,0,0,0,0,0,0,0,0,0,0,0,0,0,0,0,0,0,0,0,0,0,0,0,0,0,0,0,0,0,0,0,0,0,0,0,0,0,0,0,0,0,0,0,0,0,0,0,0,0,0,0,0,0,0,0,0,0,0,0,0,0,0,0,0,0,0,0,0,0,0,0,0,0,0,0,0,0,0,0,0,0,0,0,0,0,0,0,0,0,0,0,0,0,0,0,0,0,0,0,0,0,0,0,0,0,0,0,0,0,0,0,0,0,0,0,0,0,0,0,0,0,0,0,0,0,0,0,0,0,0,0,0,0,0,0,0,0,0,0,0,0,0,0,0,0,0,0,0,0,0,0,0,0,0,0,0,0,0,0,0,0,0,0,0,0,0,0,0,0,0,0,0,0,0,0,0,0,0,0,0,0,0,0,0,0,0,0,0,0,0,0,0,0,0,0,0,0,0,0,0,0,0,0,0,0,0,0,0,0,0,0,0,0,0,0,0,0,0,0,0,0,0,0,0,0,0,0,0,0,0,0,0,0,0,0,0,0,0,0,0,0,0,0,0,0,0,0,0,0,0,0,0,0,0,0,0,0,0,0,0,0,0,0,0,0,0,0,0,0,0,0,0,0,0,0,0,0,0,0,0,0,0,0,0,0,0,0,0,0,0,0,0,0,0,0,0,0,0,0,0,0,0,0,0,0,0,0,0,0,0,0,0,0,0,0,0,0,0,0,0,0,0,0,0,0,0,0,0,0,0,0,0,0
G5,0,0,0,0,0,0,0,0,0,0,0,0,0,0,0,0,0,0,0,0,0,0,0,0,0,0,0,0,0,0,0,0,0,0,0,0,0,0,0,0,0,0,0,0,0,0,0,0,0,0,0,0,0,0,0,0,0,0,0,0,0,0,0,0,0,0,0,0,0,0,0,0,0,0,0,0,0,0,0,0,0,0,0,0,0,0,0,0,0,0,0,0,0,0,0,0,0,0,0,0,0,0,0,0,0,0,0,0,0,0,0,0,0,0,0,0,0,0,0,0,0,0,0,0,0,0,0,0,0,0,0,0,0,0,0,0,0,0,0,0,0,0,0,0,0,0,0,0,0,0,0,0,0,0,0,0,0,0,0,0,0,0,0,0,0,0,0,0,0,0,0,0,0,0,0,0,0,0,0,0,0,0,0,0,0,0,0,0,0,0,0,0,0,0,0,0,0,0,0,0,0,0,0,0,0,0,0,0,0,0,0,0,0,0,0,0,0,0,0,0,0,0,0,0,0,0,0,0,0,0,0,0,0,0,0,0,0,0,0,0,0,0,0,0,0,0,0,0,0,0,0,0,0,0,0,0,0,0,0,0,0,0,0,0,0,0,0,0,0,0,0,0,0,0,0,0,0,0,0,0,0,0,0,0,0,0,0,0,0,0,0,0,0,0,0,0,0,0,0,0,0,0,0,0,0,0,0,0,0,0,0,0,0,0,0,0,0,0,0,0,0,0,0,0,0,0,0,0,0,0,0,0,0,0,0,0,0,0,0,0,0,0,0,0,0,0,0,0,0,0,0,0,0,0,0,0,0,0,0,0,0,0,0,0,0,0,0,0,0,0,0,0,0,0,0,0,0,0,0,0,0,0,0,0,0,0,0,0,0,0,0,0,0,0,0,0,0,0,0,0,0,0,0,0,0,0,0,0,0,0,0,0,0,0,0,0,0,0,0,0,0,0,0,0,0,0,0,0,0,0,0,0,0,0,0,0,0,0,0,0,0,0,0,0,0,0,0,0,0,0,0,0,0,0,0,0,0,0,0,0,0,0,0,0,0,0,0,0,0,0,0,0,0,0,0,0,0,0,0,0,0,0,0,0,0,0,0,0,0,0,0,0,0,0,0,0,0,0,0,0,0,0,0,0,0,0,0,0,0,0,0,0,0,0,0,0,0,0,0,0,0,0,0,0,0,0,0,0,0,0,0,0,0,0,0,0,0,0,0,0,0,0,0,0,0,0,0,0,0,0,0,0,0,0,0,0,0,0,0,0,0,0,0,0,0,0,0,0,0,0,0,0,0,0,0,0,0,0,0,0,0,0,0,0,0,0,0,0,0,0,0,0,0,0,0,0,0,0,0,0,0,0,0,0,0,0,0,0,0,0,0,0,0,0,0,0,0,0,0,0,0,0,0,0,0,0,0,0,0,0,0,0,0,0,0,0,0,0,0,0,0,0,0,0,0,0,0,0,0,0,0,0,0,0,0,0,0,0,0,0,0,0,0,0,0,0,0,0,0,0,0,0,0,0,0,0,0,0,0,0,0,0,0,0,0,0,0,0,0,0,0,0,0,0,0,0,0,0,0,0,0,0,0,0,0,0,0,0,0,0,0,0,0,0,0,0,0,0,0,0,0,0,0,0,0,0,0,0,0,0,0,0,0,0,0,0,0,0,0,0,0,0,0,0,0,0,0,0,0,0,0,0,0,0,0,0,0,0,0,0,0,0,0,0,0,0,0,0,0,0,0,0,0,0,0,0,0,0,0,0,0,0,0,0,0,0,0,0,0,0,0,0,0,0,0,0,0,0,0,0,0,0,0,0,0,0,0,0,0,0,0,0,0,0,0,0,0,0,0,0,0,0,0,0,0,0,0,0,0,0,0,0,0,0,0,0,0,0,0,0,0,0,0,0,0,0,0,0,0
G6,0,0,0,0,0,0,0,0,0,0,0,0,0,0,0,0,0,0,0,0,0,0,0,0,0,0,0,0,0,0,0,0,0,0,0,0,0,0,0,0,0,0,0,0,0,0,0,0,0,0,0,0,0,0,0,0,0,0,0,0,0,0,0,0,0,0,0,0,0,0,0,0,0,0,0,0,0,0,0,0,0,0,0,0,0,0,0,0,0,0,0,0,0,0,0,0,0,0,0,0,0,0,0,0,0,0,0,0,0,0,0,0,0,0,0,0,0,0,0,0,0,0,0,0,0,0,0,0,0,0,0,0,0,0,0,0,0,0,0,0,0,0,0,0,0,0,0,0,0,0,0,0,0,0,0,0,0,0,0,0,0,0,0,0,0,0,0,0,0,0,0,0,0,0,0,0,0,0,0,0,0,0,0,0,0,0,0,0,0,0,0,0,0,0,0,0,0,0,0,0,0,0,0,0,0,0,0,0,0,0,0,0,0,0,0,0,0,0,0,0,0,0,0,0,0,0,0,0,0,0,0,0,0,0,0,0,0,0,0,0,0,0,0,0,0,0,0,0,0,0,0,0,0,0,0,0,0,0,0,0,0,0,0,0,0,0,0,0,0,0,0,0,0,0,0,0,0,0,0,0,0,0,0,0,0,0,0,0,0,0,0,0,0,0,0,0,0,0,0,0,0,0,0,0,0,0,0,0,0,0,0,0,0,0,0,0,0,0,0,0,0,0,0,0,0,0,0,0,0,0,0,0,0,0,0,0,0,0,0,0,0,0,0,0,0,0,0,0,0,0,0,0,0,0,0,0,0,0,0,0,0,0,0,0,0,0,0,0,0,0,0,0,0,0,0,0,0,0,0,0,0,0,0,0,0,0,0,0,0,0,0,0,0,0,0,0,0,0,0,0,0,0,0,0,0,0,0,0,0,0,0,0,0,0,0,0,0,0,0,0,0,0,0,0,0,0,0,0,0,0,0,0,0,0,0,0,0,0,0,0,0,0,0,0,0,0,0,0,0,0,0,0,0,0,0,0,0,0,0,0,0,0,0,0,0,0,0,0,0,0,0,0,0,0,0,0,0,0,0,0,0,0,0,0,0,0,0,0,0,0,0,0,0,0,0,0,0,0,0,0,0,0,0,0,0,0,0,0,0,0,0,0,0,0,0,0,0,0,0,0,0,0,0,0,0,0,0,0,0,0,0,0,0,0,0,0,0,0,0,0,0,0,0,0,0,0,0,0,0,0,0,0,0,0,0,0,0,0,0,0,0,0,0,0,0,0,0,0,0,0,0,0,0,0,0,0,0,0,0,0,0,0,0,0,0,0,0,0,0,0,0,0,0,0,0,0,0,0,0,0,0,0,0,0,0,0,0,0,0,0,0,0,0,0,0,0,0,0,0,0,0,0,0,0,0,0,0,0,0,0,0,0,0,0,0,0,0,0,0,0,0,0,0,0,0,0,0,0,0,0,0,0,0,0,0,0,0,0,0,0,0,0,0,0,0,0,0,0,0,0,0,0,0,0,0,0,0,0,0,0,0,0,0,0,0,0,0,0,0,0,0,0,0,0,0,0,0,0,0,0,0,0,0,0,0,0,0,0,0,0,0,0,0,0,0,0,0,0,0,0,0,0,0,0,0,0,0,0,0,0,0,0,0,0,0,0,0,0,0,0,0,0,0,0,0,0,0,0,0,0,0,0,0,0,0,0,0,0,0,0,0,0,0,0,0,0,0,0,0,0,0,0,0,0,0,0,0,0,0,0,0,0,0,0,0,0,0,0,0,0,0,0,0,0,0,0,0,0,0,0,0,0,0,0,0,0,0,0,0,0,0,0,0,0,0,0,0,0,0,0,0,0,0,0,0,0,0,0,0,0,0,0,0,0,0,0,0,0,0,0,0,0,0,0,0,0,0,0,0
G7,0,0,0,0,0,0,0,0,0,0,0,0,0,0,0,0,0,0,0,0,0,0,0,0,0,0,0,0,0,0,0,0,0,0,0,0,0,0,0,0,0,0,0,0,0,0,0,0,0,0,0,0,0,0,0,0,0,0,0,0,0,0,0,0,0,0,0,0,0,0,0,0,0,0,0,0,0,0,0,0,0,0,0,0,0,0,0,0,0,0,0,0,0,0,0,0,0,0,0,0,0,0,0,0,0,0,0,0,0,0,0,0,0,0,0,0,0,0,0,0,0,0,0,0,0,0,0,0,0,0,0,0,0,0,0,0,0,0,0,0,0,0,0,0,0,0,0,0,0,0,0,0,0,0,0,0,0,0,0,0,0,0,0,0,0,0,0,0,0,0,0,0,0,0,0,0,0,0,0,0,0,0,0,0,0,0,0,0,0,0,0,0,0,0,0,0,0,0,0,0,0,0,0,0,0,0,0,0,0,0,0,0,0,0,0,0,0,0,0,0,0,0,0,0,0,0,0,0,0,0,0,0,0,0,0,0,0,0,0,0,0,0,0,0,0,0,0,0,0,0,0,0,0,0,0,0,0,0,0,0,0,0,0,0,0,0,0,0,0,0,0,0,0,0,0,0,0,0,0,0,0,0,0,0,0,0,0,0,0,0,0,0,0,0,0,0,0,0,0,0,0,0,0,0,0,0,0,0,0,0,0,0,0,0,0,0,0,0,0,0,0,0,0,0,0,0,0,0,0,0,0,0,0,0,0,0,0,0,0,0,0,0,0,0,0,0,0,0,0,0,0,0,0,0,0,0,0,0,0,0,0,0,0,0,0,0,0,0,0,0,0,0,0,0,0,0,0,0,0,0,0,0,0,0,0,0,0,0,0,0,0,0,0,0,0,0,0,0,0,0,0,0,0,0,0,0,0,0,0,0,0,0,0,0,0,0,0,0,0,0,0,0,0,0,0,0,0,0,0,0,0,0,0,0,0,0,0,0,0,0,0,0,0,0,0,0,0,0,0,0,0,0,0,0,0,0,0,0,0,0,0,0,0,0,0,0,0,0,0,0,0,0,0,0,0,0,0,0,0,0,0,0,0,0,0,0,0,0,0,0,0,0,0,0,0,0,0,0,0,0,0,0,0,0,0,0,0,0,0,0,0,0,0,0,0,0,0,0,0,0,0,0,0,0,0,0,0,0,0,0,0,0,0,0,0,0,0,0,0,0,0,0,0,0,0,0,0,0,0,0,0,0,0,0,0,0,0,0,0,0,0,0,0,0,0,0,0,0,0,0,0,0,0,0,0,0,0,0,0,0,0,0,0,0,0,0,0,0,0,0,0,0,0,0,0,0,0,0,0,0,0,0,0,0,0,0,0,0,0,0,0,0,0,0,0,0,0,0,0,0,0,0,0,0,0,0,0,0,0,0,0,0,0,0,0,0,0,0,0,0,0,0,0,0,0,0,0,0,0,0,0,0,0,0,0,0,0,0,0,0,0,0,0,0,0,0,0,0,0,0,0,0,0,0,0,0,0,0,0,0,0,0,0,0,0,0,0,0,0,0,0,0,0,0,0,0,0,0,0,0,0,0,0,0,0,0,0,0,0,0,0,0,0,0,0,0,0,0,0,0,0,0,0,0,0,0,0,0,0,0,0,0,0,0,0,0,0,0,0,0,0,0,0,0,0,0,0,0,0,0,0,0,0,0,0,0,0,0,0,0,0,0,0,0,0,0,0,0,0,0,0,0,0,0,0,0,0,0,0,0,0,0,0,0,0,0,0,0,0,0,0,0,0,0,0,0,0,0,0,0,0,0,0,0,0,0,0,0,0,0,0,0,0,0,0,0,0,0,0,0,0,0,0,0,0,0,0,0,0,0,0,0,0,0,0,0,0,0,0,0,0,0,0,0,0,0,0,0,0
G8,0,0,0,0,0,0,0,0,0,0,0,0,0,0,0,0,0,0,0,0,0,0,0,0,0,0,0,0,0,0,0,0,0,0,0,0,0,0,0,0,0,0,0,0,0,0,0,0,0,0,0,0,0,0,0,0,0,0,0,0,0,0,0,0,0,0,0,0,0,0,0,0,0,0,0,0,0,0,0,0,0,0,0,0,0,0,0,0,0,0,0,0,0,0,0,0,0,0,0,0,0,0,0,0,0,0,0,0,0,0,0,0,0,0,0,0,0,0,0,0,0,0,0,0,0,0,0,0,0,0,0,0,0,0,0,0,0,0,0,0,0,0,0,0,0,0,0,0,0,0,0,0,0,0,0,0,0,0,0,0,0,0,0,0,0,0,0,0,0,0,0,0,0,0,0,0,0,0,0,0,0,0,0,0,0,0,0,0,0,0,0,0,0,0,0,0,0,0,0,0,0,0,0,0,0,0,0,0,0,0,0,0,0,0,0,0,0,0,0,0,0,0,0,0,0,0,0,0,0,0,0,0,0,0,0,0,0,0,0,0,0,0,0,0,0,0,0,0,0,0,0,0,0,0,0,0,0,0,0,0,0,0,0,0,0,0,0,0,0,0,0,0,0,0,0,0,0,0,0,0,0,0,0,0,0,0,0,0,0,0,0,0,0,0,0,0,0,0,0,0,0,0,0,0,0,0,0,0,0,0,0,0,0,0,0,0,0,0,0,0,0,0,0,0,0,0,0,0,0,0,0,0,0,0,0,0,0,0,0,0,0,0,0,0,0,0,0,0,0,0,0,0,0,0,0,0,0,0,0,0,0,0,0,0,0,0,0,0,0,0,0,0,0,0,0,0,0,0,0,0,0,0,0,0,0,0,0,0,0,0,0,0,0,0,0,0,0,0,0,0,0,0,0,0,0,0,0,0,0,0,0,0,0,0,0,0,0,0,0,0,0,0,0,0,0,0,0,0,0,0,0,0,0,0,0,0,0,0,0,0,0,0,0,0,0,0,0,0,0,0,0,0,0,0,0,0,0,0,0,0,0,0,0,0,0,0,0,0,0,0,0,0,0,0,0,0,0,0,0,0,0,0,0,0,0,0,0,0,0,0,0,0,0,0,0,0,0,0,0,0,0,0,0,0,0,0,0,0,0,0,0,0,0,0,0,0,0,0,0,0,0,0,0,0,0,0,0,0,0,0,0,0,0,0,0,0,0,0,0,0,0,0,0,0,0,0,0,0,0,0,0,0,0,0,0,0,0,0,0,0,0,0,0,0,0,0,0,0,0,0,0,0,0,0,0,0,0,0,0,0,0,0,0,0,0,0,0,0,0,0,0,0,0,0,0,0,0,0,0,0,0,0,0,0,0,0,0,0,0,0,0,0,0,0,0,0,0,0,0,0,0,0,0,0,0,0,0,0,0,0,0,0,0,0,0,0,0,0,0,0,0,0,0,0,0,0,0,0,0,0,0,0,0,0,0,0,0,0,0,0,0,0,0,0,0,0,0,0,0,0,0,0,0,0,0,0,0,0,0,0,0,0,0,0,0,0,0,0,0,0,0,0,0,0,0,0,0,0,0,0,0,0,0,0,0,0,0,0,0,0,0,0,0,0,0,0,0,0,0,0,0,0,0,0,0,0,0,0,0,0,0,0,0,0,0,0,0,0,0,0,0,0,0,0,0,0,0,0,0,0,0,0,0,0,0,0,0,0,0,0,0,0,0,0,0,0,0,0,0,0,0,0,0,0,0,0,0,0,0,0,0,0,0,0,0,0,0,0,0,0,0,0,0,0,0,0,0,0,0,0,0,0,0,0,0,0,0,0,0,0,0,0,0,0,0,0,0,0,0,0,0,0,0,0,0,0,0,0,0,0,0,0,0,0,0,0,0,0,0,0,0,0,0,0,0,0,0,0,0
G9,3,0,0,0,0,0,0,0,0,0,0,0,0,0,0,0,0,0,0,0,0,0,0,0,0,0,0,0,0,0,0,0,0,0,0,0,0,0,0,0,0,0,0,0,0,0,0,0,0,0,0,0,0,0,0,0,0,0,0,0,0,0,0,0,0,0,0,0,0,0,0,0,0,0,0,0,0,0,0,0,0,0,0,0,0,0,0,0,0,0,0,0,0,0,0,0,0,0,0,0,0,0,0,0,0,0,0,0,0,0,0,0,0,0,0,0,0,0,0,0,0,0,0,0,0,0,0,0,0,0,0,0,0,0,0,0,0,0,0,0,0,0,0,0,0,0,0,0,0,0,0,0,0,0,0,0,0,0,0,0,0,0,0,0,0,0,0,0,0,0,0,0,0,0,0,0,0,0,0,0,0,0,0,0,0,0,0,0,0,0,0,0,0,0,0,0,0,0,0,0,0,0,0,0,0,0,0,0,0,0,0,0,0,0,0,0,0,0,0,0,0,0,0,0,0,0,0,0,0,0,0,0,0,0,0,0,0,0,0,0,0,0,0,0,0,0,0,0,0,0,0,0,0,0,0,0,0,0,0,0,0,0,0,0,0,0,0,0,0,0,0,0,0,0,0,0,0,0,0,0,0,0,0,0,0,0,0,0,0,0,0,0,0,0,0,0,0,0,0,0,0,0,0,0,0,0,0,0,0,0,0,0,0,0,0,0,0,0,0,0,0,0,0,0,0,0,0,0,0,0,0,0,0,0,0,0,0,0,0,0,0,0,0,0,0,0,0,0,0,0,0,0,0,0,0,0,0,0,0,0,0,0,0,0,0,0,0,0,0,0,0,0,0,0,0,0,0,0,0,0,0,0,0,0,0,0,0,0,0,0,0,0,0,0,0,0,0,0,0,0,0,0,0,0,0,0,0,0,0,0,0,0,0,0,0,0,0,0,0,0,0,0,0,0,0,0,0,0,0,0,0,0,0,0,0,0,0,0,0,0,0,0,0,0,0,0,0,0,0,0,0,0,0,0,0,0,0,0,0,0,0,0,0,0,0,0,0,0,0,0,0,0,0,0,0,0,0,0,0,0,0,0,0,0,0,0,0,0,0,0,0,0,0,0,0,0,0,0,0,0,0,0,0,0,0,0,0,0,0,0,0,0,0,0,0,0,0,0,0,0,0,0,0,0,0,0,0,0,0,0,0,0,0,0,0,0,0,0,0,0,0,0,0,0,0,0,0,0,0,0,0,0,0,0,0,0,0,0,0,0,0,0,0,0,0,0,0,0,0,0,0,0,0,0,0,0,0,0,0,0,0,0,0,0,0,0,0,0,0,0,0,0,0,0,0,0,0,0,0,0,0,0,0,0,0,0,0,0,0,0,0,0,0,0,0,0,0,0,0,0,0,0,0,0,0,0,0,0,0,0,0,0,0,0,0,0,0,0,0,0,0,0,0,0,0,0,0,0,0,0,0,0,0,0,0,0,0,0,0,0,0,0,0,0,0,0,0,0,0,0,0,0,0,0,0,0,0,0,0,0,0,0,0,0,0,0,0,0,0,0,0,0,0,0,0,0,0,0,0,0,0,0,0,0,0,0,0,0,0,0,0,0,0,0,0,0,0,0,0,0,0,0,0,0,0,0,0,0,0,0,0,0,0,0,0,0,0,0,0,0,0,0,0,0,0,0,0,0,0,0,0,0,0,0,0,0,0,0,0,0,0,0,0,0,0,0,0,0,0,0,0,0,0,0,0,0,0,0,0,0,0,0,0,0,0,0,0,0,0,0,0,0,0,0,0,0,0,0,0,0,0,0,0,0,0,0,0,0,0,0,0,0,0,0,0,0,0,0,0,0,0,0,0,0,0,0,0,0,0,0,0,0,0,0,0,0,0,0,0,0,0,0,0,0,0,0,0,0,0
TF1,0,0,0,0,0,0,0,0,0,0,0,0,0,0,0,0,0,0,0,0,0,0,0,0,0,0,0,0,0,0,0,0,0,0,0,0,0,0,0,0,0,0,0,0,0,0,0,0,0,0,0,0,0,0,0,0,0,0,0,0,0,0,0,0,0,0,0,0,0,0,0,0,0,0,0,0,0,0,0,0,0,0,0,0,0,0,0,0,0,0,0,0,0,0,0,0,0,0,0,0,0,0,0,0,0,0,0,0,0,0,0,0,0,0,0,0,0,0,0,0,0,0,0,0,0,0,0,0,0,0,0,0,0,0,0,0,0,0,0,0,0,0,0,0,0,0,0,0,0,0,0,0,0,0,0,0,0,0,0,0,0,0,0,0,0,0,0,0,0,0,0,0,0,0,0,0,0,0,0,0,0,0,0,0,0,0,0,0,0,0,0,0,0,0,0,0,0,0,0,0,0,0,0,0,0,0,0,0,0,0,0,0,0,0,0,0,0,0,0,0,0,0,0,0,0,0,0,0,0,0,0,0,0,0,0,0,0,0,0,0,0,0,0,0,0,0,0,0,0,0,0,0,0,0,0,0,0,0,0,0,0,0,0,0,0,0,0,0,0,0,0,0,0,0,0,0,0,0,0,0,0,0,0,0,0,0,0,0,0,0,0,0,0,0,0,0,0,0,0,0,0,0,0,0,0,0,0,0,0,0,0,0,0,0,0,0,0,0,0,0,0,0,0,0,0,0,0,0,0,0,0,0,0,0,0,0,0,0,0,0,0,0,0,0,0,0,0,0,0,0,0,0,0,0,0,0,0,0,0,0,0,0,0,0,0,0,0,0,0,0,0,0,0,0,0,0,0,0,0,0,0,0,0,0,0,0,0,0,0,0,0,0,0,0,0,0,0,0,0,0,0,0,0,0,0,0,0,0,0,0,0,0,0,0,0,0,0,0,0,0,0,0,0,0,0,0,0,0,0,0,0,0,0,0,0,0,0,0,0,0,0,0,0,0,0,0,0,0,0,0,0,0,0,0,0,0,0,0,0,0,0,0,0,0,0,0,0,0,0,0,0,0,0,0,0,0,0,0,0,0,0,0,0,0,0,0,0,0,0,0,0,0,0,0,0,0,0,0,0,0,0,0,0,0,0,0,0,0,0,0,0,0,0,0,0,0,0,0,0,0,0,0,0,0,0,0,0,0,0,0,0,0,0,0,0,0,0,0,0,0,0,0,0,0,0,0,0,0,0,0,0,0,0,0,0,0,0,0,0,0,0,0,0,0,0,0,0,0,0,0,0,0,0,0,0,0,0,0,0,0,0,0,0,0,0,0,0,0,0,0,0,0,0,0,0,0,0,0,0,0,0,0,0,0,0,0,0,0,0,0,0,0,0,0,0,0,0,0,0,0,0,0,0,0,0,0,0,0,0,0,0,0,0,0,0,0,0,0,0,0,0,0,0,0,0,0,0,0,0,0,0,0,0,0,0,0,0,0,0,0,0,0,0,0,0,0,0,0,0,0,0,0,0,0,0,0,0,0,0,0,0,0,0,0,0,0,0,0,0,0,0,0,0,0,0,0,0,0,0,0,0,0,0,0,0,0,0,0,0,0,0,0,0,0,0,0,0,0,0,0,0,0,0,0,0,0,0,0,0,0,0,0,0,0,0,0,0,0,0,0,0,0,0,0,0,0,0,0,0,0,0,0,0,0,0,0,0,0,0,0,0,0,0,0,0,0,0,0,0,0,0,0,0,0,0,0,0,0,0,0,0,0,0,0,0,0,0,0,0,0,0,0,0,0,0,0,0,0,0,0,0,0,0,0,0,0,0,0,0,0,0,0,0,0,0,0,0,0,0,0,0,0,0,0,0,0,0,0,0,0,0,0,0,0,0,0,0,0,0,0,0,0,0,0,0,0,0,0,0
TF2,0,0,0,0,0,0,0,0,0,0,0,0,0,0,0,0,0,0,0,0,0,0,0,0,0,0,0,0,0,0,0,0,0,0,0,0,0,0,0,0,0,0,0,0,0,0,0,0,0,0,0,0,0,0,0,0,0,0,0,0,0,0,0,0,0,0,0,0,0,0,1,0,0,0,0,0,0,0,1,0,0,1,0,0,0,0,0,0,0,0,0,0,0,0,0,0,0,0,0,0,0,0,0,0,0,0,0,0,0,0,0,0,0,0,1,1,0,0,0,0,0,0,0,0,0,4,0,0,0,0,1,0,0,0,0,1,0,0,0,0,0,0,2,0,1,0,0,0,0,0,0,0,0,0,0,0,0,0,0,0,0,0,0,3,0,0,0,0,0,0,0,0,0,0,0,0,0,0,1,0,0,0,0,0,0,0,0,0,0,0,1,0,0,0,0,0,0,0,0,0,0,0,0,1,0,0,0,0,0,0,1,1,0,1,1,0,0,0,0,0,0,0,0,0,0,1,0,0,0,0,0,0,0,0,0,0,0,0,1,0,0,0,0,0,0,0,0,0,0,0,0,0,0,0,0,0,0,0,0,0,0,0,0,0,1,0,0,0,0,0,0,0,0,0,0,0,0,0,0,0,0,0,0,0,0,0,0,0,0,0,0,0,0,0,0,0,4,2,0,0,0,0,0,0,0,0,0,0,0,0,0,0,0,0,0,0,0,0,0,0,0,0,0,0,0,0,0,0,0,0,0,0,0,0,0,0,0,0,0,0,0,0,0,0,0,0,0,0,0,0,0,0,0,0,0,0,0,0,0,0,3,0,1,0,0,0,0,0,0,0,0,0,0,0,0,1,1,0,0,0,0,0,0,1,0,0,0,0,2,2,0,0,0,0,0,0,0,0,0,0,0,0,0,0,1,0,0,0,0,2,0,0,0,2,0,0,0,1,0,0,0,0,0,0,0,0,0,0,0,0,0,0,0,0,0,0,3,0,1,0,0,2,0,0,0,0,0,1,1,1,0,0,1,0,0,0,0,0,0,0,0,0,0,0,1,0,0,0,0,0,0,0,0,3,0,0,0,0,0,0,0,0,0,0,0,0,0,0,0,0,0,0,0,0,0,0,0,0,0,0,0,0,0,0,0,0,0,0,0,0,0,0,0,0,0,0,0,0,0,0,0,0,0,0,0,0,0,0,0,0,0,0,0,0,0,0,0,0,0,0,0,0,0,0,0,0,0,0,0,0,0,0,0,0,0,0,0,0,0,0,0,0,0,0,0,0,0,0,0,0,0,0,0,0,0,0,0,0,0,0,0,0,0,0,0,0,0,0,0,0,0,0,0,0,0,0,0,0,0,0,0,0,0,0,0,0,0,0,0,0,0,0,0,0,0,0,0,0,0,0,0,0,0,0,0,0,0,0,0,0,0,0,0,0,0,0,0,0,0,0,0,0,0,0,0,0,0,0,0,0,0,0,0,0,0,0,0,0,0,0,0,0,0,0,0,0,0,0,0,0,0,0,0,0,0,0,0,0,0,0,0,0,0,0,0,0,0,0,0,0,0,0,0,0,0,0,0,0,0,0,0,0,0,0,0,0,0,0,0,0,0,0,0,0,0,0,0,0,0,0,0,0,0,0,0,0,0,0,0,0,0,0,0,0,0,0,0,0,0,0,0,0,0,0,0,0,0,0,0,0,0,0,0,0,0,0,0,0,0,0,0,0,0,0,0,0,0,0,0,0,0,0,0,0,0,0,0,0,0,0,0,0,0,0,0,0,0,0,0,0,0,0,0,0,0,0,0,0,0,0,0,0,0,0,0,0,0,0,0,0,0,0,0,0,0,0,0,0,0,0,0,0,0,0,0,0,0,0,0,0,0,0,0,0,0,0,0,0,0,0,0,0,0,0,0,0,0,0,0
TF3,0,0,0,0,0,0,0,0,0,0,0,0,0,0,0,0,0,0,0,0,0,0,0,0,0,0,0,0,0,0,0,0,0,0,0,19,0,0,8,2,34,205,8,291,0,5,452,14,59,32,37,7,16,3,90,37,0,173,0,0,2,484,5,601,22,7,1,0,90,1686,59,3,3,51,57,2,6,0,28,0,3,78,24,31,0,0,63,305,55,24,240,8,17,26,0,237,7,43,0,60,7660,13,64,37,81,9,101,3,130,4,178,32,13,4,112,3,16,0,10,236,344,6,54,0,221,0,4,18,89,13,88,6,38,181,0,34,0,7,9,0,2,33,24,0,4294,0,46,261,1,2126,19,4,0,0,13,32,134,4,0,24,206,0,20,23,0,10,2,45,0,12,0,0,0,36,19,82,0,0,4,2,4,8,0,82,0,0,5,61,917,1,125,23,3,31,85,0,2,1,5,1,12,28,0,25,1,4,72,1,1,1,16,0,117,123,8,89,1,125,7,10,24,71,39,1936,3,235,5,19,0,58,41,0,88,8,33,0,27,44,2,10,8,0,811,0,1,32,11,91,122,1,22,3,0,11,106,94,1,20,59,206,14,1061,5,38,4,61,0,3,12,22,4,0,714,13,0,12,2,60,66,47,6,42,138,68,19,238,0,32,23,3,8,9,4,1,3,0,9,0,0,36,15,79,217,0,11,2,27,8,2,1,1,1,7,46,64,0,0,30,8,37,25,3,52,0,6,11,469,4,6,1,4,93,3,5,8,0,0,100,60,7,38,9,130,14,99,1,166,7,16,0,44,8,17,67,7,0,2,77,50,1034,4,123,5,2,58,259,23,13,67,12,28,32,11,7,2,0,112,1,3,830,71,10,0,54,304,187,226,9,280,0,50,5,33,5,2,10,200,4,6,6,1,708,0,234,57,1,105,15,5,14945,0,76,31,281,3,12,5,123,328,13,16,110,14,3,60,8,16,8,2,5,6,0,1,4,4,0,68,3,0,11,115,9,11,0,7,16,1,4,19,24,0,14,12,18,113,4552,0,278,2,2,0,771,20,136,31,14,124,0,7,2,127,2241,4,3,52,5,11,188,29,158,24,0,20,0,2,8,1,11,0,92,0,0,1,0,6,53,5,69,81,10,8,2,24,14,139,0,60,16,2,6,20,110,879,7,169,153,1,261,73,7,1,100,185,8,7,4,8,86,7,55,4,21,2,391,37,15,0,174,5,67,10,6,9,0,36,3,9,41,72,9,1,1,1031,269,178,61,17,51,96,29,12,9,7,112,1,25,577,4563,7,35,109,36,0,5,7,0,12,1,1,31,47,15,1,54,3665,11,105,23,5,37,0,7,8,13,3,3,0,986,3,0,9,54,79,251,0,7,7,10,9,59,0,139,1,52,152,23,20,1996,112,153,142,21,37,98,116,6,10,13,1,83,0,3,26,2,176,124,1,152,18,0,9,42,7,14,2,561,21,13,0,38,3,1,280,126,1,5,26,36,198,317,2,2,156,10,3,19,3,6,23,9,4,8,1370,0,1,24,12,15,68,212,2,5,4,3,2,0,9,210,23,4,9,2,3,16,200,2,4,752,57,29,5,37,54,664,13,336,75,239,3,2,354,376,64,24,6,7,215,2,31,23,6,11,4,7,43,19,0,6,14,1,7,287,223,58,5,143,6,18,2,1,147,114,83,917,52,332,20,9,12,4,6,246,7,0,96,21,45,236,14,8,0,319,0,5,11,60,149,2,9,9,107,5,6,4,9,1,127,3,1,26,0,8,1,5,21,3,8,7,1,11,8,6,85,194,18,37,916,11,8,1,7,19,9,2,18,36,296,2,19,2,0,3,1,11,71,0,12,2,71,0,9,2,68,252,24,23,25,77,65,5,164,4,10,4,5,93,0,40,45,642,82,20,8,27,5,83,29,89,21
TF4,0,0,0,0,0,0,0,0,0,0,0,0,0,0,0,0,1,4,3,1,0,5,2,11,8,7,6,17,2,6,1,0,0,0,0,0,1,0,2,0,1,5,3,1,0,2,14,8,0,4,46,4,19,0,1,1,0,7,4,6,2,0,0,8,0,4,0,0,2,12,14,0,3,9,1,16,1,7,2,0,0,33,1,14,4,0,3,3,1,1,5,8,1,0,0,2,1,4,1,1,6,2,12,15,2,607,1,0,0,40,0,1,2,0,8,4,0,0,9,5,0,1,0,0,24,0,0,1,2,1,0,0,0,33,1,3,0,0,0,0,0,0,50,0,4,0,2,1,0,2,1,0,0,1,0,0,4,1,13,2,0,0,4,4,0,0,0,15,0,0,0,0,3,1,14,9,0,1,0,0,1,4,1,3,0,0,1,6,0,5,35,5,11,0,6,11,1,0,0,7,0,5,0,7,0,27,20,0,4,5,2,2,2,13,0,4,1,2,0,2,1,5,1,1,0,8,0,0,0,11,0,0,0,0,5,0,6,9,2,1,0,0,1,0,1,1,0,3,5,0,0,0,0,0,0,4,0,0,21,17,0,0,0,16,5,0,0,1,0,7,0,0,0,1,0,2,0,5,2,9,6,1,5,21,7,2,0,0,2,4,1,8,2,0,1,0,25,3,0,8,1,3,0,5,2,1,0,2,0,3,0,15,0,4,0,0,1,3,1,11,0,0,4,0,0,4,12,0,0,1,1,0,5,1,9,0,1,1,16,0,1,4,4,0,9,2,1,0,5,0,0,0,0,0,1,0,0,5,6,6,5,0,0,0,4,4,9,0,2,1,2,11,3,1,0,1,4,0,0,0,1,0,0,15,0,5,1,2,0,4,71,0,0,0,3,0,33,2,2,1,0,0,0,1,10,0,3,4,1,1,0,1,0,6,0,29,1,2,0,0,2,4,2,0,0,0,0,1,1,7,1,0,0,16,0,0,3,0,3,9,17,2,0,2,58,10,0,22,11,3,0,0,5,0,0,1,13,11,0,12,1,4,6,0,2,1,8,3,0,0,0,6,3,8,22,2,1,2,8,0,2,0,1,0,0,1,1,9,3,19,0,1,1,1,0,7,2,1,1,0,8,0,3,3,7,0,0,2,0,10,5,3,41,29,5,6,9,7,1,1,3,2,3,1,0,0,8,3,0,0,1,18,0,2,2,0,2,1,0,7,1,1,0,0,4,0,0,0,4,1,0,1,11,16,5,5,0,40,5,12,0,1,0,68,6,0,4,0,0,1,0,2,0,0,2,2,18,0,1,2,1,6,2,15,7,0,0,4,0,8,66,1,2,23,0,0,0,0,0,0,4,13,19,1,0,0,21,0,1,1,0,0,2,1,0,0,0,2,5,6,5,2,0,4,13,0,0,0,2,5,9,0,0,0,4,0,0,3,4,1,0,3,3,0,1,0,15,2,0,0,0,2,17,6,0,3,0,1,7,0,0,9,1,0,0,2,0,60,0,0,12,0,4,1,1,19,1,12,3,1,1,0,3,6,12,1,3,3,3,1,3,1,1,0,0,9,3,0,2,0,12,9,9,1,0,2,3,0,0,4,3,10,0,0,0,0,0,0,8,0,19,0,0,1,3,30,0,0,3,0,2,24,1,7,0,0,0,1,3,0,0,0,1,0,9,2,5,1,3,0,0,0,7,0,0,0,0,1,0,0,0,3,1,0,2,13,4,0,0,2,1,0,0,2,5,0,5,1,0,4,0,4,1,0,1,0,1,3,0,0,4,0,2,1,7,0,5,3,3,0,6,0,0,0,7,0,0,0,1,1,26,2,0,0,7,0,0,0,0,6,24,1,7,2,0,5,23,2,0,2,1,0,0,3,3,3,0,0,0,24,0,3,0,0,0,2,0,0,0
TF5,0,0,0,0,0,32,1,9,1,3,9,1,0,2,5,0,11,3,0,13,6,0,3,3,14,8,3,1,0,603,1,2,0,0,0,9,0,0,0,0,3,2,1,10,0,2,82,1,3,3,0,0,5,0,2,0,0,1,19,2,1,1,2,17,0,1,0,0,5,6,4,0,0,35,3,6,24,0,4,0,0,0,0,1,17,0,0,17,5,5,0,0,4,0,1,4,7,2,0,0,3,3,16,1,0,1,3,0,8,5,0,0,0,0,3,3,3,0,2,0,0,0,0,0,1,0,0,2,6,1,11,18,2,5,0,2,0,1,23,0,0,0,27,4,0,0,4,1,0,7,4,0,0,5,0,0,1,2,1,3,0,1,1,102,1,0,0,0,0,0,0,0,0,0,60,17,0,3,11,0,0,0,3,1,1,0,0,0,0,5,2,0,0,0,9,1,3,0,1,0,0,2,0,1,1,0,18,1,23,0,0,2,4,11,49,1,22,0,1,11,4,0,0,9,1,1,0,0,0,1,0,0,2,0,0,0,0,4,8,0,0,0,1,0,1,0,0,0,0,0,0,0,0,129,0,3,0,0,0,0,1,1,1,3,0,1,0,0,0,1,5,0,1,0,6,35,0,7,1,20,1,120,3,16,9,4,0,0,3,0,14,6,0,1,23,0,22,19,4,13,1,0,2,1,0,0,0,0,0,0,0,1,5,1,0,0,0,2,5,0,0,0,1,0,0,0,186,0,175,0,0,1,4,0,3,0,1,3,0,4,1,0,1,0,3,2,6,1,1,0,9,0,1,9,1,0,0,2,7,4,8,5,7,113,2,13,4,0,0,1,0,1,0,0,2,64,0,0,0,5,1,0,0,0,0,1,1,4,6,3,1,0,0,0,20,0,0,0,0,0,0,0,0,20,5,0,14,8,1,0,0,0,1,4,0,3,2,1,0,79,6,0,0,1,0,0,0,1,3,0,0,0,0,1,0,0,6,0,2,2,1,3,0,2,4,3,0,3,0,0,0,0,18,3,2,0,27,24,0,9,0,12,16,1,1,0,1,20,0,0,0,0,2,16,1,0,5,11,3,6,8,0,6,0,0,0,1,2,1,16,1,1,1,2,0,6,5,1,3,3,1,0,11,11,0,0,0,9,0,22,2,12,2,3,1,0,19,1,9,0,1,7,5,0,0,0,2,3,0,0,2,24,0,12,0,1,1,3,6,1,0,5,0,0,1,0,1,0,1,1,0,0,0,0,0,0,3,7,26,5,24,0,4,2,2,0,0,1,0,0,0,1,0,0,1,0,3,3,4,0,0,6,1,5,9,2,26,0,1,0,0,12,1,5,0,1,0,25,12,1,0,2,3,5,1,0,24,0,0,13,12,0,2,52,5,0,0,0,3,9,0,16,2,0,5,1,37,7,0,1,0,5,6,0,0,0,10,1,5,2,5,2,3,1,11,5,10,8,0,4,0,1,9,2,0,1,4,14,10,1,0,0,11,1,1,1,2,2,0,6,7,1,1,1,0,0,0,0,1,3,5,0,0,2,0,2,0,4,22,1,1,17,1,3,34,3,0,6,0,1,2,1,4,0,0,0,0,3,0,2,3,0,4,1,0,0,3,0,0,0,3,11,0,8,6,1,0,0,2,5,0,0,3,0,8,2,0,0,0,1,0,2,0,1,12,35,0,1,5,0,1,5,58,1,1,0,2,2,1,1,1,2,8,2,0,0,2,1,0,0,28,0,0,7,0,2,13,1,0,1,0,0,2,13,2,0,16,8,0,0,1,17,1,8,4,0,4,0,0,0,0,0,0,0,4,0,0,0,0,0,1,1,0,2,6,7,0,0,0,0,4,2,4,0,9,5,0,0,0,0,0,2,0,0,1,1,0,4,0,1,10,3,0,2,0,1,2,0,0
TF6,0,0,0,0,0,0,0,0,0,0,0,0,0,0,0,0,0,0,0,0,0,0,0,0,0,0,0,0,0,0,0,0,0,0,0,0,0,0,0,0,0,0,0,0,0,0,0,0,0,0,0,0,0,0,0,0,0,0,0,0,0,0,0,0,0,0,0,0,0,0,0,0,0,0,0,0,0,0,0,0,0,0,0,0,0,0,0,0,0,0,0,0,0,0,0,0,0,0,0,0,0,0,0,0,0,0,0,0,0,0,0,0,0,0,0,0,0,0,0,0,0,0,0,0,0,0,0,0,0,0,0,0,0,0,0,0,0,0,0,0,0,0,0,0,0,0,0,0,0,0,0,0,0,0,0,0,0,0,0,0,0,0,0,0,0,0,0,0,0,0,0,0,0,0,0,0,0,0,0,0,0,0,0,0,0,0,0,0,0,0,0,0,0,0,0,0,0,0,0,0,0,0,0,0,0,0,0,0,0,0,0,0,0,0,0,0,0,0,0,0,0,0,0,0,0,0,0,0,0,0,0,0,0,0,0,0,0,0,0,0,0,0,0,0,0,0,0,0,0,0,0,0,0,0,0,0,0,0,0,0,0,0,0,0,0,0,0,0,0,0,0,0,0,0,0,0,0,0,0,0,0,0,0,0,0,0,0,0,0,0,0,0,0,0,0,0,0,0,0,0,0,0,0,0,0,0,0,0,0,0,0,0,0,0,0,0,0,0,0,0,0,0,0,0,0,0,0,0,0,0,0,0,0,0,0,0,0,0,0,0,0,0,0,0,0,0,0,0,0,0,0,0,0,0,0,0,0,0,0,0,0,0,0,0,0,0,0,0,0,0,0,0,0,0,0,0,0,0,0,0,0,0,0,0,0,0,0,0,0,0,0,0,0,0,0,0,0,0,0,0,0,0,0,0,0,0,0,0,0,0,0,0,0,0,0,0,0,0,0,0,0,0,0,0,0,0,0,0,0,0,0,0,0,0,0,0,0,0,0,0,0,0,0,0,0,0,0,0,0,0,0,0,0,0,0,0,0,0,0,0,0,0,0,0,0,0,0,0,0,0,0,0,0,0,0,0,0,0,0,0,0,0,0,0,0,0,0,0,0,0,0,0,0,0,0,0,0,0,0,0,0,0,0,0,0,0,0,0,0,0,0,0,0,0,0,0,0,0,0,0,0,0,0,0,0,0,0,0,0,0,0,0,0,0,0,0,0,0,0,0,0,0,0,0,0,0,0,0,0,0,0,0,0,0,0,0,0,0,0,0,0,0,0,0,0,0,0,0,0,0,0,0,0,0,0,0,0,0,0,0,0,0,0,0,0,0,0,0,0,0,0,0,0,0,0,0,0,0,0,0,0,0,0,0,0,0,0,0,0,0,0,0,0,0,0,0,0,0,0,0,0,0,0,0,0,0,0,0,0,0,0,0,0,0,0,0,0,0,0,0,0,0,0,0,0,0,0,0,0,0,0,0,0,0,0,0,0,0,0,0,0,0,0,0,0,0,0,0,0,0,0,0,0,0,0,0,0,0,0,0,0,0,0,0,0,0,0,0,0,0,0,0,0,0,0,0,0,0,0,0,0,0,0,0,0,0,0,0,0,0,0,0,0,0,0,0,0,0,0,0,0,0,0,0,0,0,0,0,0,0,0,0,0,0,0,0,0,0,0,0,0,0,0,0,0,0,0,0,0,0,0,0,0,0,0,0,0,0,0,0,0,0,0,0,0,0,0,0,0,0,0,0,0,0,0,0,0,0,0,0,0,0,0,0,0,0,0,0,0,0,0,0,0,0,0,0,0,0,0,0,0,0,0,0,0,0,0,0,0,0,0,0,0,0,0,0,0,0,0,0,0,0,0,0,0,0,0,0,0,0,0,0,0,0,0,0,0,0,0,0,0,0,0,0,0,0,0,0,0
TF7,1633,2770,5950,1067,838,1755,873,5195,2687,5473,2116,3819,899,672,1299,3255,3699,10355,1254,3003,1674,969,3860,4020,4388,1669,4029,3397,271,5864,4494,131,207,135,38,489,592,12,720,123,4404,2560,817,2072,9,1139,3856,2953,4030,2053,3746,2199,2077,127,3258,1169,34,1804,2425,1720,3985,377,199,5494,209,948,40,4,3953,7136,5220,395,1221,4080,3263,3658,6846,766,5086,152,564,4381,240,1976,1326,26,2110,1014,1970,5733,2221,3873,8526,731,598,1169,1379,1752,130,2926,4059,2352,1283,7464,3960,8491,4874,287,3422,1673,3680,1518,1298,619,2503,4632,1338,66,5257,5564,848,476,1454,58,3283,2852,189,4661,8266,6869,5182,847,497,2919,783,3667,33,832,1299,15,114,528,2972,176,4695,68,2824,2716,237,7469,2346,592,120,619,643,135,1489,1857,3378,2610,1987,580,2492,6286,148,115,16,2298,65,580,35,772,128,1155,7480,2481,15,3004,2080,198,297,1328,5886,4947,96,347,1735,3554,1927,1484,4843,1260,1697,191,2101,1431,2206,64,635,1545,1494,3041,147,4575,713,847,4803,2781,543,2044,5676,4192,967,2903,3730,1404,1460,2439,2644,1154,645,1548,8579,2793,590,2892,673,710,1858,1293,718,302,992,147,1410,74,1908,4308,2460,447,2628,156,2809,314,1662,2617,778,3001,2564,177,835,789,224,828,1270,2254,54,488,1460,1985,658,2050,193,1671,2154,368,100,2027,492,2927,998,170,3264,1144,733,2298,67,1811,2295,3967,668,2835,3195,1645,3463,3964,565,1528,2634,236,1965,2582,1292,1031,737,197,2888,2771,1102,3119,1047,1425,934,735,1446,506,660,755,163,1087,149,2709,1261,3331,1421,57,746,1208,1433,3961,598,275,4218,1088,1304,548,3860,477,970,407,200,524,1376,342,1719,155,1548,3515,591,916,1510,1834,2115,942,5170,1190,2627,137,1604,1603,624,589,602,2905,576,263,184,2290,1964,2755,1939,2167,1972,1057,3524,3565,4944,1385,649,639,1456,869,1109,412,733,3442,10011,281,165,2885,2482,339,140,8171,3802,3832,3307,2991,5694,2576,1113,260,1199,223,3237,121,4329,650,2677,1097,416,2114,123,6175,5169,300,967,4479,1275,2973,53,1622,505,4205,528,535,1638,2162,1235,3470,2809,2044,226,261,1202,338,756,1045,359,7156,939,153,584,3670,976,71,3717,522,3692,4718,2765,2123,226,1328,3172,1243,92,3622,4698,2561,1038,1459,3160,592,2819,8429,6947,6227,613,3892,399,3619,5411,301,3767,713,1333,3393,223,68,298,1865,1986,2063,2513,250,622,1953,2699,1003,1288,190,1930,1088,566,508,7242,2897,2025,2431,164,1110,2983,742,353,1850,2784,6714,2698,2583,4405,1380,4270,4047,1767,175,2434,1677,316,1591,2955,4491,7557,3923,1661,1661,6787,2214,2409,2422,957,1807,2854,611,216,199,3198,1853,156,288,1958,2939,391,3768,533,2641,1317,1189,3374,2904,1613,805,248,283,2145,1257,918,650,1812,463,331,1070,2449,3943,1484,5112,937,1450,6313,2270,2549,510,2098,4601,1498,323,3053,1087,1492,2917,1429,1775,575,388,3159,787,3255,733,650,784,463,4690,1442,2008,1876,2442,2708,5906,1161,522,5857,1512,1076,1891,1446,959,617,881,430,765,651,3592,5207,1666,1050,661,2767,743,668,2767,570,1436,1012,1677,1588,628,426,5750,858,1597,3463,1221,1755,2066,1522,731,738,1182,529,963,2597,1741,1012,640,1690,1754,2144,1619,797,429,468,2791,1761,798,1681,2833,5485,837,376,978,263,498,5127,1614,542,1275,1956,4457,2236,1612,65,4246,9880,446,820,2526,685,2463,1841,514,2124,422,5162,1243,4241,479,1644,580,174,2640,344,1187,1825,1861,760,2039,4241,3088,3441,942,1465,5126,1120,3612,1369,1975,764,6616,1761,960,4992,1459,1259,1398,483,1581,984,2199,991,4511,2297,2691,2281,781,1370,1710,1379,679,2798,1523,1820,4197,1503,1130,2235,3170,1015,425,1271,973,1246,2785,3145,1265,1120,724,287,1446,852,559,5092,2698,1700,969,1450,3158,6128,458,2982,285,656,2199,1710,932,1100,164,1840,610,601,1434,1046,2684,788,924,332,1527,3561,771,373,686,2353,240,584,1853,1073,487,3758,692,178,2288,1465,1222,278,488,1396,1988,1268,2044,1073,1277,1502,1777,1849,1005,1297,1689,2715,1197,918,1089,933,1173,1653,682,2516,686,2153,1120,842,542,2112,831,1132,1297,1353,2953,1258,1752,1224,541,4240,3663,3652,954,483,1028,2173,6171,465,791,511,1041,688,1176,368,1094,293,3147,415,1419,2179,2256,315,1583,729,3742,2785,593,928
