,init_to_steady1_1_0,init_to_steady1_1_1,init_to_steady1_2_0,init_to_steady1_2_1,init_to_steady1_2_2,init_to_steady1_3_0,init_to_steady1_3_1,init_to_steady1_3_2,init_to_steady1_3_3,init_to_steady1_3_4,init_to_steady1_3_5,init_to_steady1_3_6,init_to_steady1_4_0,init_to_steady1_4_1,init_to_steady1_4_2,init_to_steady1_4_3,init_to_steady1_4_4,init_to_steady1_4_5,init_to_steady1_4_6,init_to_steady1_4_7,init_to_steady1_4_8,init_to_steady1_4_9,init_to_steady1_4_10,init_to_steady1_4_11,init_to_steady1_4_12,init_to_steady1_4_13,init_to_steady1_4_14,init_to_steady1_4_15,init_to_steady1_5_0,init_to_steady1_5_1,init_to_steady1_5_2,init_to_steady1_5_3,init_to_steady1_5_4,init_to_steady1_5_5,init_to_steady1_5_6,init_to_steady1_5_7,init_to_steady1_5_8,init_to_steady1_5_9,init_to_steady1_5_10,init_to_steady1_5_11,init_to_steady1_5_12,init_to_steady1_5_13,init_to_steady1_5_14,init_to_steady1_5_15,init_to_steady1_5_16,init_to_steady1_5_17,init_to_steady1_5_18,init_to_steady1_5_19,init_to_steady1_5_20,init_to_steady1_5_21,init_to_steady1_5_22,init_to_steady1_5_23,init_to_steady1_5_24,init_to_steady1_5_25,init_to_steady1_5_26,init_to_steady1_5_27,init_to_steady1_5_28,init_to_steady1_5_29,init_to_steady1_5_30,init_to_steady1_5_31,init_to_steady1_5_32,init_to_steady1_5_33,init_to_steady1_5_34,init_to_steady1_5_35,init_to_steady1_5_36,init_to_steady1_5_37,init_to_steady1_5_38,init_to_steady1_5_39,init_to_steady1_5_40,init_to_steady1_5_41,init_to_steady1_5_42,init_to_steady1_5_43,init_to_steady1_6_0,init_to_steady1_6_1,init_to_steady1_6_2,init_to_steady1_6_3,init_to_steady1_6_4,init_to_steady1_6_5,init_to_steady1_6_6,init_to_steady1_6_7,init_to_steady1_6_8,init_to_steady1_6_9,init_to_steady1_6_10,init_to_steady1_6_11,init_to_steady1_6_12,init_to_steady1_6_13,init_to_steady1_6_14,init_to_steady1_6_15,init_to_steady1_6_16,init_to_steady1_6_17,init_to_steady1_6_18,init_to_steady1_6_19,init_to_steady1_6_20,init_to_steady1_6_21,init_to_steady1_6_22,init_to_steady1_6_23,init_to_steady1_6_24,init_to_steady1_6_25,init_to_steady1_6_26,init_to_steady1_6_27,init_to_steady1_6_28,init_to_steady1_6_29,init_to_steady1_6_30,init_to_steady1_6_31,init_to_steady1_6_32,init_to_steady1_6_33,init_to_steady1_6_34,init_to_steady1_6_35,init_to_steady1_6_36,init_to_steady1_6_37,init_to_steady1_6_38,init_to_steady1_6_39,init_to_steady1_6_40,init_to_steady1_6_41,init_to_steady1_6_42,init_to_steady1_6_43,init_to_steady1_6_44,init_to_steady1_7_0,init_to_steady1_7_1,init_to_steady1_7_2,init_to_steady1_7_3,init_to_steady1_7_4,init_to_steady1_7_5,init_to_steady1_7_6,init_to_steady1_7_7,init_to_steady1_7_8,init_to_steady1_7_9,init_to_steady1_7_10,init_to_steady1_7_11,init_to_steady1_7_12,init_to_steady1_7_13,init_to_steady1_7_14,init_to_steady1_7_15,init_to_steady1_7_16,init_to_steady1_7_17,init_to_steady1_7_18,init_to_steady1_7_19,init_to_steady1_7_20,init_to_steady1_7_21,init_to_steady1_7_22,init_to_steady1_7_23,init_to_steady1_7_24,init_to_steady1_7_25,init_to_steady1_7_26,init_to_steady1_7_27,init_to_steady1_7_28,init_to_steady1_7_29,init_to_steady1_7_30,init_to_steady1_7_31,init_to_steady1_7_32,init_to_steady1_7_33,init_to_steady1_7_34,init_to_steady1_7_35,init_to_steady1_7_36,init_to_steady1_7_37,init_to_steady1_7_38,init_to_steady1_7_39,init_to_steady1_7_40,init_to_steady1_7_41,init_to_steady1_7_42,init_to_steady1_7_43,init_to_steady1_7_44,init_to_steady1_7_45,init_to_steady1_7_46,init_to_steady1_7_47,init_to_steady1_7_48,init_to_steady1_7_49,init_to_steady1_7_50,init_to_steady1_7_51,init_to_steady1_7_52,init_to_steady1_7_53,init_to_steady1_7_54,init_to_steady1_7_55,init_to_steady1_7_56,init_to_steady1_7_57,init_to_steady1_7_58,init_to_steady1_7_59,init_to_steady1_7_60,init_to_steady1_7_61,init_to_steady1_7_62,init_to_steady1_7_63,init_to_steady1_7_64,init_to_steady1_7_65,init_to_steady1_7_66,init_to_steady1_7_67,init_to_steady1_7_68,init_to_steady1_7_69,init_to_steady1_7_70,init_to_steady1_7_71,init_to_steady1_7_72,init_to_steady1_7_73,init_to_steady1_7_74,init_to_steady1_7_75,init_to_steady1_8_0,init_to_steady1_8_1,init_to_steady1_8_2,init_to_steady1_8_3,init_to_steady1_8_4,init_to_steady1_8_5,init_to_steady1_8_6,init_to_steady1_8_7,init_to_steady1_8_8,init_to_steady1_8_9,init_to_steady1_8_10,init_to_steady1_8_11,init_to_steady1_8_12,init_to_steady1_8_13,init_to_steady1_8_14,init_to_steady1_8_15,init_to_steady1_8_16,init_to_steady1_8_17,init_to_steady1_8_18,init_to_steady1_8_19,init_to_steady1_8_20,init_to_steady1_8_21,init_to_steady1_8_22,init_to_steady1_8_23,init_to_steady1_8_24,init_to_steady1_8_25,init_to_steady1_8_26,init_to_steady1_8_27,init_to_steady1_8_28,init_to_steady1_8_29,init_to_steady1_8_30,init_to_steady1_8_31,init_to_steady1_8_32,init_to_steady1_8_33,init_to_steady1_8_34,init_to_steady1_8_35,init_to_steady1_8_36,init_to_steady1_8_37,init_to_steady1_8_38,init_to_steady1_8_39,init_to_steady1_8_40,init_to_steady1_8_41,init_to_steady1_8_42,init_to_steady1_8_43,init_to_steady1_8_44,init_to_steady1_8_45,init_to_steady1_8_46,init_to_steady1_8_47,init_to_steady1_8_48,init_to_steady1_8_49,init_to_steady1_8_50,init_to_steady1_8_51,init_to_steady1_8_52,init_to_steady1_8_53,init_to_steady1_8_54,init_to_steady1_8_55,init_to_steady1_8_56,init_to_steady1_8_57,init_to_steady1_8_58,init_to_steady1_8_59,init_to_steady1_8_60,init_to_steady1_8_61,init_to_steady1_8_62,init_to_steady1_8_63,init_to_steady1_8_64,init_to_steady1_8_65,init_to_steady1_8_66,init_to_steady1_8_67,init_to_steady1_8_68,init_to_steady1_8_69,init_to_steady1_8_70,init_to_steady1_8_71,init_to_steady1_8_72,init_to_steady1_8_73,init_to_steady1_8_74,init_to_steady1_8_75,init_to_steady1_8_76,init_to_steady1_8_77,init_to_steady1_8_78,init_to_steady1_8_79,init_to_steady1_8_80,init_to_steady1_8_81,init_to_steady1_8_82,init_to_steady1_8_83,init_to_steady1_8_84,init_to_steady1_8_85,init_to_steady1_8_86,init_to_steady1_8_87,init_to_steady1_8_88,init_to_steady1_8_89,init_to_steady1_8_90,steady1_0,steady1_1,steady1_2,steady1_3,steady1_4,steady1_5,steady1_6,steady1_7,steady1_8,steady1_9,steady1_10,steady1_11,steady1_12,steady1_13,steady1_14,steady1_15,steady1_16,steady1_17,steady1_18,steady1_19,steady1_20,steady1_21,steady1_22,steady1_23,steady1_24,steady1_25,steady1_26,steady1_27,steady1_28,steady1_29,steady1_30,steady1_31,steady1_32,steady1_33,steady1_34,steady1_35,steady1_36,steady1_37,steady1_38,steady1_39,steady1_40,steady1_41,steady1_42,steady1_43,steady1_44,steady1_45,steady1_46,steady1_47,steady1_48,steady1_49,steady1_50,steady1_51,steady1_52,steady1_53,steady1_54,steady1_55,steady1_56,steady1_57,steady1_58,steady1_59,steady1_60,steady1_61,steady1_62,steady1_63,steady1_64,steady1_65,steady1_66,steady1_67,steady1_68,steady1_69,steady1_70,steady1_71,steady1_72,steady1_73,steady1_74,steady1_75,steady1_76,steady1_77,steady1_78,steady1_79,steady1_80,steady1_81,steady1_82,steady1_83,steady1_84,steady1_85,steady1_86,steady1_87,steady1_88,steady1_89,steady1_90,steady1_91,steady1_92,steady1_93,steady1_94,steady1_95,steady1_96,steady1_97,steady1_98,steady1_99,steady1_100,steady1_101,steady1_102,steady1_103,steady1_104,steady1_105,steady1_106,steady1_107,steady1_108,steady1_109,steady1_110,steady1_111,steady1_112,steady1_113,steady1_114,steady1_115,steady1_116,steady1_117,steady1_118,steady1_119,steady1_120,steady1_121,steady1_122,steady1_123,steady1_124,steady1_125,steady1_126,steady1_127,steady1_128,steady1_129,steady1_130,steady1_131,steady1_132,steady1_133,steady1_134,steady1_135,steady1_136,steady1_137,steady1_138,steady1_139,steady1_140,steady1_141,steady1_142,steady1_143,steady1_144,steady1_145,steady1_146,steady1_147,steady1_148,steady1_149,steady1_150,steady1_151,steady1_152,steady1_153,steady1_154,steady1_155,steady1_156,steady1_157,steady1_158,steady1_159,steady1_160,steady1_161,steady1_162,steady1_163,steady1_164,steady1_165,steady1_166,steady1_167,steady1_168,steady1_169,steady1_170,steady1_171,steady1_172,steady1_173,steady1_174,steady1_175,steady1_176,steady1_177,steady1_178,steady1_179,steady1_180,steady1_181,steady1_182,steady1_183,steady1_184,steady1_185,steady1_186,steady1_187,steady1_188,steady1_189,steady1_190,steady1_191,steady1_192,steady1_193,steady1_194,steady1_195,steady1_196,steady1_197,steady1_198,steady1_199,steady1_200,steady1_201,steady1_202,steady1_203,steady1_204,steady1_205,steady1_206,steady1_207,steady1_208,steady1_209,steady1_210,steady1_211,steady1_212,steady1_213,steady1_214,steady1_215,steady1_216,steady1_217,steady1_218,steady1_219,steady1_220,steady1_221,steady1_222,steady1_223,steady1_224,steady1_225,steady1_226,steady1_227,steady1_228,steady1_229,steady1_230,steady1_231,steady1_232,steady1_233,steady1_234,steady1_235,steady1_236,steady1_237,steady1_238,steady1_239,steady1_240,steady1_241,steady1_242,steady1_243,steady1_244,steady1_245,steady1_246,steady1_247,steady1_248,steady1_249,steady1_250,steady1_251,steady1_252,steady1_253,steady1_254,steady1_255,steady1_256,steady1_257,steady1_258,steady1_259,steady1_260,steady1_261,steady1_262,steady1_263,steady1_264,steady1_265,steady1_266,steady1_267,steady1_268,steady1_269,steady1_270,steady1_271,steady1_272,steady1_273,steady1_274,steady1_275,steady1_276,steady1_277,steady1_278,steady1_279,steady1_280,steady1_281,steady1_282,steady1_283,steady1_284,steady1_285,steady1_286,steady1_287,steady1_288,steady1_289,steady1_290,steady1_291,steady1_292,steady1_293,steady1_294,steady1_295,steady1_296,steady1_297,steady1_298,steady1_299,steady1_300,steady1_301,steady1_302,steady1_303,steady1_304,steady1_305,steady1_306,steady1_307,steady1_308,steady1_309,steady1_310,steady1_311,steady1_312,steady1_313,steady1_314,steady1_315,steady1_316,steady1_317,steady1_318,steady1_319,steady1_320,steady1_321,steady1_322,steady1_323,steady1_324,steady1_325,steady1_326,steady1_327,steady1_328,steady1_329,steady1_330,steady1_331,steady1_332,steady1_333,steady1_334,steady1_335,steady1_336,steady1_337,steady1_338,steady1_339,steady1_340,steady1_341,steady1_342,steady1_343,steady1_344,steady1_345,steady1_346,steady1_347,steady1_348,steady1_349,steady1_350,steady1_351,steady1_352,steady1_353,steady1_354,steady1_355,steady1_356,steady1_357,steady1_358,steady1_359,steady1_360,steady1_361,steady1_362,steady1_363,steady1_364,steady1_365,steady1_366,steady1_367,steady1_368,steady1_369,steady1_370,steady1_371,steady1_372,steady1_373,steady1_374,steady1_375,steady1_376,steady1_377,steady1_378,steady1_379,steady1_380,steady1_381,steady1_382,steady1_383,steady1_384,steady1_385,steady1_386,steady1_387,steady1_388,steady1_389,steady1_390,steady1_391,steady1_392,steady1_393,steady1_394,steady1_395,steady1_396,steady1_397,steady1_398,steady1_399,steady1_400,steady1_401,steady1_402,steady1_403,steady1_404,steady1_405,steady1_406,steady1_407,steady1_408,steady1_409,steady1_410,steady1_411,steady1_412,steady1_413,steady1_414,steady1_415,steady1_416,steady1_417,steady1_418,steady1_419,steady1_420,steady1_421,steady1_422,steady1_423,steady1_424,steady1_425,steady1_426,steady1_427,steady1_428,steady1_429,steady1_430,steady1_431,steady1_432,steady1_433,steady1_434,steady1_435,steady1_436,steady1_437,steady1_438,steady1_439,steady1_440,steady1_441,steady1_442,steady1_443,steady1_444,steady1_445,steady1_446,steady1_447,steady1_448,steady1_449,steady1_450,steady1_451,steady1_452,steady1_453,steady1_454,steady1_455,steady1_456,steady1_457,steady1_458,steady1_459,steady1_460,steady1_461,steady1_462,steady1_463,steady1_464,steady1_465,steady1_466,steady1_467,steady1_468,steady1_469,steady1_470,steady1_471,steady1_472,steady1_473,steady1_474,steady1_475,steady1_476,steady1_477,steady1_478,steady1_479,steady1_480,steady1_481,steady1_482,steady1_483,steady1_484,steady1_485,steady1_486,steady1_487,steady1_488,steady1_489,steady1_490,steady1_491,steady1_492,steady1_493,steady1_494,steady1_495,steady1_496,steady1_497,steady1_498,steady1_499,steady1_500,steady1_501,steady1_502,steady1_503,steady1_504,steady1_505,steady1_506,steady1_507,steady1_508,steady1_509,steady1_510,steady1_511,steady1_512,steady1_513,steady1_514,steady1_515,steady1_516,steady1_517,steady1_518,steady1_519,steady1_520,steady1_521,steady1_522,steady1_523,steady1_524,steady1_525,steady1_526,steady1_527,steady1_528,steady1_529,steady1_530,steady1_531,steady1_532
tf,20,55,28,14,5,1,15,60,57,25,0,1,4,0,26,68,1,105,377,13,29,2,4,14,6,82,65,0,0,265,5,76,3,111,321,45,17,33,3,98,12,1,0,0,0,1,1,78,2,8,16,22,43,0,14,11,94,0,7,3,0,16,1,61,0,24,1,13,0,11,26,158,3,33,92,2,1,7,6,0,34,10,377,11,12,0,0,10,53,4,21,112,0,0,28,62,0,0,2,1,28,207,0,2,2,245,33,47,1532,1058,0,1,11,5,0,18,9,1,3,12,13,0,3,124,1,34,21,2,2,30,43,5,26,10,3,0,1,281,13,10,2,2,5,8,43,13,1,0,53,19,1,73,5,15,0,1,42,42,0,2,301,245,0,0,77,62,26,14,36,3,2,27,6,57,95,3,3,2,0,0,3,0,23,0,23,0,242,30,5,16,0,19,6,4,0,551,46,30,78,31,5,1,1,2,8,10,11,2,3,191,20,375,20,7,7,5,1,3,1,3,27,8,1,2,2,1,51,2,4,21,2,9,2,0,27,1,1,7,28,4,18,2,1,54,34,1,29,9,0,4,15,23,10,4,20,1,1,2,0,1,2,0,1,2,2,5,62,1,94,2,0,2,86,31,20,13,5,4,4,8,2,28,1,43,5,6,35,4,1,3,67,28,8,12,20,39,86,3,10,5,9,2,2,6,1,36,3,2,1,2,10,1,10,4,83,11,1,2,6,0,12,4,3,6,3,4,9,55,10,2,2,1,2,6,1,5,7,14,17,151,4,1,0,19,5,30,0,2,5,4,63,11,4,43,20,17,7,8,5,4,12,6,1,16,9,3,41,4,2,0,76,13,8,3,11,0,17,83,5,125,13,2,134,5,15,13,0,4,93,4,1,1,1,3,18,37,2,2,0,24,16,0,10,7,127,2,24,80,7,0,4,6,0,10,6,6,101,2,18,1,14,3,17,1,1,35,14,0,111,12,6,2,7,5,2,9,43,9,26,3,9,0,1,4,1,8,168,3,3,3,18,16,33,36,2,19,72,12,8,3,1,4,5,35,2,12,1,7,1,9,1,3,2374,4,4,24,2,0,66,1,0,1,9,8,24,70,1,1,243,2,2,0,5,1,10,259,11,50,39,5,4,34,3,2,8,3,50,1,4,5,14,17,7,15,0,6,0,29,4,7,93,11,46,4,7,3,2,50,9,12,0,17,2,2,10,29,3,9,0,8,5,3,1,3,2,1,5,1,1,56,0,1,16,11,2,5,16,3,8,3,0,7,59,4,0,2,5,10,1,5,46,5,61,20,12,2,28,32,2,11,2,5,15,16,31,3,5,2,2,5,14,5,18,15,4,89,12,0,152,53,6,2,6,6,4,10,1,3,19,10,3,10,64,10,9,20,0,5,3,237,1,18,7,4,5,8,7,8,2,1,2,87,0,2,18,2,1,1,244,13,14,3,32,4,2,2,26,51,0,10,6,6,43,2,2,273,9,2,6,4,4,2,21,12,2,0,36,7,1,80,107,0,20,3,2,7,8,4,3,2,26,3,15,6,2,2,3,0,6,3,3,0,0,16,12,6,1,51,6,56,7,4,5,14,1,1,7,4,17,10,66,1,24,10,1,3,1,3,7,31,1,8,11,20,12,17,15,3,3,7,7,18,10,19,2,27,8,2,3,0,58,16,2,4,89,17,3,44,127,46,0,58,4,79,3,7,7,4,35,6,3,12,63,0,27,37,15,7,4,12,2,0,32,6,5,6,20,11,40,7,38,9,12,13,19,2,2,2,25,2,1,70,3,2,8,24,10,0,3,14,6,15,37,4,10,2,3,5,0,2,4,26,6,50,30,0,2
gene1,0,0,0,0,0,0,0,0,0,0,0,0,0,0,0,0,0,0,0,0,0,0,0,0,0,0,0,0,0,0,0,0,0,0,0,0,0,0,0,0,0,0,0,0,0,0,0,0,0,0,0,0,0,0,0,0,0,0,0,0,0,0,0,0,0,0,0,0,0,0,0,0,0,0,0,0,0,0,0,0,0,0,0,0,0,0,0,0,0,0,0,0,0,0,0,0,0,0,0,0,0,0,0,0,0,0,0,0,0,0,0,0,0,0,0,0,0,0,0,0,0,0,0,0,0,0,0,0,0,0,0,0,0,0,0,0,0,0,0,0,0,0,0,0,0,0,0,0,0,0,0,0,0,0,0,0,0,0,0,0,0,0,0,0,0,0,0,0,0,0,0,0,0,0,0,0,0,0,0,0,0,0,0,0,0,0,0,0,0,0,0,0,0,0,0,0,0,0,0,0,0,0,0,0,0,0,0,0,0,0,0,0,0,0,0,0,0,0,0,0,0,0,0,0,0,0,0,0,0,0,0,0,0,0,0,0,0,0,0,0,0,0,0,0,0,0,0,0,0,0,0,0,0,0,0,0,0,0,0,0,0,0,0,0,0,0,0,0,0,0,0,0,0,0,0,0,0,0,0,0,0,0,0,0,0,0,0,0,0,0,0,0,0,0,0,0,0,0,0,0,0,0,0,0,0,0,0,0,0,0,0,0,0,0,0,0,0,0,0,0,0,0,0,0,0,0,0,0,0,0,0,0,0,0,0,0,0,0,0,0,0,0,0,0,0,0,0,0,0,0,0,0,0,0,0,0,0,0,0,0,0,0,0,0,0,0,0,0,0,0,0,0,0,0,0,0,0,0,0,0,0,0,0,0,0,0,0,0,0,0,0,0,0,0,0,0,0,0,0,0,0,0,0,0,0,0,0,0,0,0,0,0,0,0,0,0,0,0,0,0,0,0,0,0,0,0,0,0,0,0,0,0,0,0,0,0,0,0,0,0,0,0,0,0,0,0,0,0,0,0,0,0,0,0,0,0,0,0,0,0,0,0,0,0,0,0,0,0,0,0,0,0,0,0,0,0,0,0,0,0,0,0,0,0,0,0,0,0,0,0,0,0,0,0,0,0,0,0,0,0,0,0,0,0,0,0,0,0,0,0,0,0,0,0,0,0,0,0,0,0,0,0,0,0,0,0,0,0,0,0,0,0,0,0,0,0,0,0,0,0,0,0,0,0,0,0,0,0,0,0,0,0,0,0,0,0,0,0,0,0,0,0,0,0,0,0,0,0,0,0,0,0,0,0,0,0,0,0,0,0,0,0,0,0,0,0,0,0,0,0,0,0,0,0,0,0,0,0,0,0,0,0,0,0,0,0,0,0,0,0,0,0,0,0,0,0,0,0,0,0,0,0,0,0,0,0,0,0,0,0,0,0,0,0,0,0,0,0,0,0,0,0,0,0,0,0,0,0,0,0,0,0,0,0,0,0,0,0,0,0,0,0,0,0,0,0,0,0,0,0,0,0,0,0,0,0,0,0,0,0,0,0,0,0,0,0,0,0,0,0,0,0,0,0,0,0,0,0,0,0,0,0,0,0,0,0,0,0,0,0,0,0,0,0,0,0,0,0,0,0,0,0,0,0,0,0,0,0,0,0,0,0,0,0,0,0,0,0,0,0,0,0,0,0,0,0,0,0,0,0,0,0,0,0,0,0,0,0,0,0,0,0,0,0,0,0,0,0,0,0,0,0,0,0,0,0,0,0,0,0,0,0,0,0,0,0,0,0,0,0,0,0,0,0,0,0,0,0,0,0,0,0,0,0,0,0,0,0,0,0,0,0,0,0,0,0,0
gene2,0,4,16,2,3,59,6,3,10,0,150,0,41,1,6,22,0,120,14,26,571,0,2,113,2,5,806,0,1,157,1,9,2,3,19,26,0,3,15,2,7,0,0,0,0,1,2,370,5,35,11,2,359,2,12,244,490,16,32,11,0,165,11,55,0,0,0,5,0,335,9,308,3,143,16,7,0,4,1,1,475,6,23,26,13,0,55,8,350,175,24,46,3,0,17,110,64,0,0,10,29,68,0,0,40,16,1,11,15,52,0,0,121,10,0,5,7,0,0,15,14,1,1,11,0,154,159,2,7,224,1,27,21,10,0,2,1,36,98,57,0,7,7,0,10,10,0,0,267,3,0,7,11,0,0,22,16,4,0,3,8,14,0,3,86,28,9,23,0,1,1,15,1,1405,0,0,135,5,0,4,4,0,0,2,14,0,11,11,3,12,2,102,61,44,29,40,14,1350,20,1,1,3,1,1,15,6,12,3,38,0,2646,140,17,18,12,24,36,8,11,4,137,10,0,1,1,2,22,1,1,8,0,10,4,0,89,2,0,0,1,2,23,1,4,10,9,4,51,12,0,0,0,45,4,0,11,0,1,0,0,0,1,0,0,0,0,35,24,0,217,0,0,0,133,20,19,0,1,1,2,45,7,3,3,11,1,102,16,1,0,18,7,3,63,0,1,1,68,33,6,3,3,0,1,1,9,3,1,18,2,10,6,2,12,1,18,4,82,1,0,1,4,70,4,2,1,6,75,25,38,4,9,1,0,0,4,163,6,50,8,2363,6,2,3,2,7,3,0,2,3,2,0,7,1,0,1,206,1,2,2,197,2,4,517,1,1,0,69,10,1,0,2,2,2,0,7,0,8,3,2,2,1,4,3,12,5,257,5,21,16,19,0,38,0,6,0,1,1,2,1,2,1,0,2,4,60,7,235,23,18,3,15,1,17,13,15,19,19,3,209,13,10,7,4,0,2,28,247,0,38,16,19,1,1,2,7,42,13,54,32,7,4,0,0,28,1,7,3,1,5,1,5,60,1,3,105,1,40,5,1,1,1,2,75,27,0,8,0,2,30,0,0,1,231,20,3,21,0,173,30,0,0,2,5,10,4,17,2,23,42,1,1,0,42,0,124,59,3,1,5,1,44,5,1,0,4,0,36,2,101,4,94,0,30,4,0,1,0,0,86,23,2,11,0,43,1,7,1,34,5,3,1008,3,0,2,2,10,0,45,0,4,3,1,0,0,6,2,2,1,1,2,0,0,29,4,10,2,12,36,2,2,8,12,3,5,9,0,0,4,1,1,7,1,0,4,0,26,10,0,3,27,43,20,3,9,0,2,1,0,0,2,8,16,7,2,5,1,9,0,2,2,74,1,34,1,22,48,1,1,45,1,14,2,12,9,8,4,1,1,15,2,1,14,10,16,0,6,182,5,1,0,4,1,0,18,11,8,0,1,0,3,10,25,97,1,6,1,2,2,1,2,0,2,0,7,35,5,2,0,0,2,7,1,2,0,84,7,0,5,0,1,3,7,4,155,1,3,5,19,2,2,27,1,6,7,15,1,0,0,0,2,9,0,0,48,2,11,20,2,4,0,58,9,1,2,1,22,6,1,2,5,3,0,0,13,0,0,3,3,7,119,75,1,2,22,2,0,7,2,19,1,1,126,51,4,6,1,1,15,3,0,2,12,6,4,3,55,9,3,12,6,0,5,86,13,31,5,126,6,38,4,2,3,23,11,7,0,7,0,21,1,0,0,2130,57,2,2,6,2,235,5,3,7,0,6,13,1,2,0,11,0,12,9,15,0,0,3,16,5,1,4,5,4,7,1112,1,9,4,0,2,1,4,23,101,3,114,1,1
gene3,0,0,0,0,0,0,0,24,6,0,0,134,0,0,9,43,0,2906,906,617,0,0,0,0,0,12,0,0,1,107,8,9,23,0,0,52,577,3,2,1,0,0,3,0,0,0,55,6,76,9,116,0,0,247,0,71,37,0,906,0,0,3,1,1186,0,0,0,0,0,0,0,1,2,4,28,4,0,17,2,0,9,0,13394,0,0,16,0,0,26555,79,17,70,0,52,40921,144,0,0,0,0,10,6810,0,10,4,17,4,0,0,128,1,5,693,164,5,1,218,2,0,4,15,8,1,7583,1,0,44,0,0,0,55,287,0,0,26,3,12,76,2,236,4,0,0,22,112,733,1,12,3,0,1,8,0,1274,0,8,17,0,0,0,4,133,2,2,48,56,5,31,0,0,0,1,2,1641,4,0,0,0,0,0,0,2,0,4,0,0,11,5,0,0,1,1,0,1,776,10,2,0,970,1,21700,12,0,0,14,0,28,0,6,1,5,30,7,8,113,10,0,0,8,0,2007,0,2,256,40,10,51,2,0,9,0,14,0,0,1,7,19,4,0,3271,0,0,16,141,2,1,0,0,89,297,0,0,0,0,0,0,48,0,0,0,0,0,0,0,15,0,1,1,0,0,816,0,16,2105,0,2598,184,3,185,7,0,2,12,2,0,0,284,0,4,0,174,22461,19219,2287,0,11,2,6,0,2,146,5,0,0,4,0,3,14,0,0,68,2,1306,46,53,0,390,1,10,409,3159,1,21,0,0,0,0,18,8,0,1,335,16,0,27,1,0,16,0,0,0,0,0,71,141,252,1,28,322,0,31,85,0,10,0,51,0,0,1,217,0,2,4,0,2,14,17,0,0,0,0,0,16,3,53,2,1,0,1,0,0,133,2,6,0,3,0,0,123,1883,15,1712,23,8,1,0,4,63,0,1,0,0,25165,29,4,3,0,0,0,60,14,14,1,0,33,0,200,0,9176,90,0,19,17,0,0,186,11,5,46,3,0,14,53,66,4,532,1,10,683,1,0,0,0,110,11,0,4,0,1,0,219,0,0,186,16,3,0,12,2,0,3,7,0,0,8,209,2,24,1,1,0,0,54,1,4,7,21,27,12,3,0,0,195,78,0,0,529,9,0,1,0,12,0,0,2,5,0,2,0,2,958,2,1,0,0,0,0,0,0,0,9,0,1364,2,0,1,0,0,2,0,2,13,1,5,1,0,1,4,62,0,120,2,1,0,0,2,0,0,1,0,15,0,0,2,0,18,0,0,1,11,14,1,0,1,518,100,0,0,0,37,37,0,739,108,0,11,96,0,164,135,25,0,4,65,12,0,10,6,0,0,0,0,0,0,86,1,1,244,0,618,305,0,9,1,3,79,150,130,5,4,0,218,34,0,0,0,3,0,9,0,0,0,0,2486,4,11,0,8,0,51,1,261,274,0,0,1157,92,209,1,0,30,0,0,0,67,0,350,0,0,0,0,3,0,2,1,0,0,12,0,3,0,0,0,0,0,0,0,0,1,3,3,0,36,108,0,0,0,0,0,0,0,12,0,2,8,0,19,6,10071,86,0,0,0,144,1,0,0,0,5,58,0,0,2,6,30,405,0,3328,0,0,960,1,0,4,65,826306,0,0,0,2014,0,64,6,53,0,300,2,0,0,0,0,0,33,726,1,20,28,0,3938,2,2,43,2,1688,15,10,0,345,20,0,0,365,7,96894,0,45,0,124,20,3,0,149,2,0,9,21,0,0,3,0,5,272,72,0,4024,0,38,300,0,18,0,12,14,6,39,240,0,0,3,1,0,38,0,0,0,48,0,0,0,0,0,39,325,0,0,119,0,1,0,0,1,38,852,0,1,1,0,0,0,0,0,161,0,23,177,0,0
gene4,0,0,0,0,0,0,0,0,0,0,0,0,1,0,261,6,17,0,46,0,0,0,36,1177,0,5,386,0,7,10,0,0,0,5,2124031,135,9,0,1,0,14,0,0,1,0,1,0,999,3,0,0,0,421,0,0,2,2,0,1,2,0,4,0,219,0,0,0,0,0,0,36,0,0,3088,22,0,3120,2,0,0,0,2,0,4,0,0,0,0,0,2,0,4,1,0,0,0,8751,0,0,86,3,0,0,24,1,118,0,91,0,3,0,0,1,1,0,31,505,0,0,18,34,1,0,18,0,3,0,0,0,0,0,14,18,1,183,0,0,14,0,3696,0,0,0,2,64,0,0,0,0,5,0,0,0,0,0,0,0,0,0,0,104,17,0,0,629,0,24,0,10,0,0,0,0,0,0,313,0,0,0,0,0,0,1,0,0,0,0,25,0,0,0,2,0,0,0,0,0,9,0,0,0,11,0,0,0,0,0,0,387,0,0,13,0,13,0,0,1,5,0,1,0,0,0,0,275,2,1095,0,5,0,0,0,0,0,164,0,0,53,1,13,0,2,0,0,0,0,1,0,2,0,0,0,0,0,1,0,0,0,4,18,0,0,10,2,7,0,942,0,49,0,0,0,2,58,0,463,0,1,0,51,0,0,3,5,6,32,0,27,0,0,0,0,0,0,0,0,0,67,0,0,1,0,3,0,4,0,0,0,0,0,0,0,0,0,0,40,1,0,0,10,17,17,0,0,0,21116,0,0,0,0,0,0,0,0,0,0,0,0,0,83,0,0,0,3,121,2982,0,2,24,2,53,0,0,0,5,0,2,14,3,103,0,0,2,0,0,0,1,0,243,0,13,0,0,0,0,0,11,0,0,1,0,0,0,0,18,0,1,0,0,0,0,0,25,0,0,1,0,6,207,0,1,0,0,0,5,0,17,0,0,16,111,0,10,2,30,0,1,0,0,0,0,22,0,0,3,0,0,9,0,7033,17,0,0,36,0,12,21,0,3,142,9,0,0,0,76,30,0,0,82,0,0,0,0,0,0,5,0,0,0,2,0,0,0,0,0,6,0,0,0,0,0,1,301,0,0,0,2,0,0,1,3,0,0,0,2,0,1,0,2,0,1,0,359,0,5,13998,0,38,11,0,0,3,7887,1,1,94,0,0,0,0,0,0,0,0,0,0,0,105,0,0,531,0,2,0,13,0,1,0,0,51,0,0,0,0,0,90,12,0,130,0,0,1,0,0,1,0,43,0,0,0,0,0,0,0,2,2,37,0,0,0,0,0,1,0,0,4292,7,21,0,0,281,0,0,0,0,4,0,0,2,0,43,0,0,0,0,0,0,0,0,0,0,0,3,1,0,0,0,0,26,0,0,0,25,0,8249,1,0,0,1,0,0,0,11,0,2,343,0,0,0,9,0,30,0,0,3,0,0,0,13,0,4,0,0,0,0,0,9,0,0,0,0,0,0,0,0,0,0,13,0,3,42,0,1,0,0,0,0,1,12,0,5,1,0,26,0,0,8,0,0,6,45,72,27,0,92,7,0,0,20,0,0,0,1,0,0,0,0,0,0,0,0,51,2,0,0,1,28,0,3,413,0,15133,861,0,1,0,1,26,0,0,10,0,30,0,10,0,0,0,99,7,1394,0,6,0,0,0,0,0,0,0,0,0,3,0,0,0,3,413,0,0,0,0,0,0,2,2,0,0,0,0,0,0,0,0,0,0,0,0,0,0,0,16,0,0,0,0,0,0,3,2,0,0,1,1,0,0,143,1,223,0,6048,0,0,0,919,0,0,0,0,1,0,0,0,1,0,5,0,17,357,2,0,0,0,0,0,108,2,0,0,0,0,0,0,39,0,0,24
gene5,0,0,0,0,0,0,0,0,0,0,0,0,0,0,0,0,0,0,0,0,0,0,0,0,0,0,0,0,0,0,0,0,0,0,0,0,0,0,0,0,0,0,0,0,0,0,0,0,0,0,0,0,0,0,0,0,0,0,0,0,0,0,0,0,0,0,0,0,0,0,0,0,0,0,0,0,0,0,1,0,0,2,0,0,0,0,0,0,3186,0,0,16,0,0,0,0,0,0,0,0,0,0,10,0,0,0,0,4,0,0,55,0,0,20,0,0,0,0,0,0,21,0,0,0,0,0,0,0,0,0,0,0,0,0,0,0,0,0,0,6,0,0,0,0,0,0,0,0,0,0,0,0,0,6,0,0,0,0,0,0,1,0,5,0,0,0,0,0,7,12,0,16,0,81,0,0,1,0,0,1,0,0,0,8,0,0,0,123,0,1,0,0,0,0,0,0,0,164,4,0,0,0,0,2,0,0,0,0,0,0,0,0,0,0,0,0,0,0,0,0,0,0,0,0,0,0,2,0,0,54,0,0,0,0,0,0,0,0,0,0,0,0,0,3,0,0,0,0,0,0,0,0,0,0,0,0,0,0,6,0,1,0,0,0,0,0,0,0,0,8,0,0,0,0,0,328,0,31,0,0,0,0,0,0,0,0,0,0,4,0,0,1,0,0,0,7,0,0,0,1,0,5,0,0,0,1,0,0,0,0,20,0,0,0,0,0,0,1,0,0,14,0,0,0,0,0,0,0,0,0,0,1,0,0,0,0,0,0,0,2,0,0,0,0,0,0,0,0,11,42,1,0,0,0,0,0,0,0,0,0,0,0,0,0,0,0,0,4,0,2,0,82,0,0,0,0,0,1,0,0,0,0,0,0,0,0,0,0,0,0,0,0,0,0,0,0,0,0,0,0,0,0,0,0,0,0,2,0,0,0,11,0,0,0,1,0,0,0,2,0,0,2209,0,0,104,0,0,0,0,0,0,0,0,0,1,0,0,0,0,0,0,0,1,0,0,0,0,0,0,0,0,0,0,0,0,13,0,0,0,0,0,13,0,0,0,0,0,0,0,0,0,0,0,0,0,0,0,1,0,2,23,0,0,0,179,746,0,1009,0,1,0,0,0,0,0,0,0,0,0,1,0,0,0,0,0,0,0,0,0,0,25,0,0,0,0,0,5,0,0,0,0,1,0,0,0,0,0,0,0,1,0,0,2,0,0,0,0,0,0,0,0,0,0,40,0,7,0,0,0,0,0,0,1,0,0,0,276,3,0,0,0,4,0,0,0,0,0,0,1,0,0,1,4,0,0,0,0,0,0,0,0,0,0,0,1,0,0,0,0,0,0,3,0,0,0,0,6,0,0,0,0,0,0,0,9,0,0,0,0,0,0,0,0,0,3,0,97,0,0,0,4,0,4,0,0,0,1,0,0,0,0,0,0,0,0,0,0,0,0,0,0,1,0,0,0,0,0,0,0,0,4,0,0,0,0,0,0,0,0,0,5,0,0,0,0,0,36,0,0,0,0,0,0,0,0,0,0,0,0,0,0,0,0,0,0,0,0,0,0,1,0,0,0,0,5,0,0,0,4,0,0,0,0,0,0,0,0,0,0,0,0,0,0,0,32,1,0,8,0,0,0,0,70,0,90,0,0,0,0,0,0,0,0,0,0,0,0,0,0,0,0,0,21,0,2,0,0,0,0,129,0,0,0,0,0,0,0,19,0,0,0,0,0,0,0,0,4,0,0,0,0,5,166,0,681,0,1,0,0,0,0,0,15,0,0,0,0,0,0,0,0,0,0,0,0,0,0,0,0,202,0,0,0,0,0,6,0,0,0,0,0,0,0,0,3,0,0
gene6,0,0,0,0,0,0,0,0,0,0,0,0,0,0,0,0,0,0,0,0,0,0,0,0,0,0,0,0,0,0,0,0,0,0,0,0,0,0,0,0,0,0,0,0,0,0,0,0,0,0,0,0,0,0,0,0,0,0,0,0,0,0,0,0,0,0,0,0,0,0,0,0,0,0,0,0,0,0,0,0,0,0,0,0,0,0,0,0,0,0,0,0,0,0,0,0,0,0,0,0,0,0,0,0,0,0,0,0,0,0,0,0,0,0,0,0,0,0,0,0,0,0,0,0,0,0,0,0,0,0,0,0,0,0,0,0,0,0,0,0,0,0,0,0,0,0,0,0,0,0,0,0,0,0,0,0,0,0,0,0,0,0,0,0,0,0,0,0,0,0,0,0,0,0,0,0,0,0,0,0,0,0,0,0,0,0,0,0,0,0,0,0,0,0,0,0,0,0,0,0,0,0,0,0,0,0,0,0,0,0,0,0,0,0,0,0,0,0,0,0,0,0,0,0,0,0,0,0,0,0,0,0,0,0,0,0,0,0,0,0,0,0,0,0,0,0,0,0,0,0,0,0,0,0,0,0,0,0,0,0,0,0,0,0,0,0,0,0,0,0,0,0,0,0,0,0,0,0,0,0,0,0,0,0,0,0,0,0,0,0,0,0,0,0,0,0,0,0,0,0,0,0,0,0,0,0,0,0,0,0,0,0,0,0,0,0,0,0,0,0,0,0,0,0,0,0,0,0,0,0,0,0,0,0,0,0,0,0,0,0,0,0,0,0,0,0,0,0,0,0,0,0,0,0,0,0,0,0,0,0,0,0,0,0,0,0,0,0,0,0,0,0,0,0,0,0,0,0,0,0,0,0,0,0,0,0,0,0,0,0,0,0,0,0,0,0,0,0,0,0,0,0,0,0,0,0,0,0,0,0,0,0,0,0,0,0,0,0,0,0,0,0,0,0,0,0,0,0,0,0,0,0,0,0,0,0,0,0,0,0,0,0,0,0,0,0,0,0,0,0,0,0,0,0,0,0,0,0,0,0,0,0,0,0,0,0,0,0,0,0,0,0,0,0,0,0,0,0,0,0,0,0,0,0,0,0,0,0,0,0,0,0,0,0,0,0,0,0,0,0,0,0,0,0,0,0,0,0,0,0,0,0,0,0,0,0,0,0,0,0,0,0,0,0,0,0,0,0,0,0,0,0,0,0,0,0,0,0,0,0,0,0,0,0,0,0,0,0,0,0,0,0,0,0,0,0,0,0,0,0,0,0,0,0,0,0,0,0,0,0,0,0,0,0,0,0,0,0,0,0,0,0,0,0,0,0,0,0,0,0,0,0,0,0,0,0,0,0,0,0,0,0,0,0,0,0,0,0,0,0,0,0,0,0,0,0,0,0,0,0,0,0,0,0,0,0,0,0,0,0,0,0,0,0,0,0,0,0,0,0,0,0,0,0,0,0,0,0,0,0,0,0,0,0,0,0,0,0,0,0,0,0,0,0,0,0,0,0,0,0,0,0,0,0,0,0,0,0,0,0,0,0,0,0,0,0,0,0,0,0,0,0,0,0,0,0,0,0,0,0,0,0,0,0,0,0,0,0,0,0,0,0,0,0,0,0,0,0,0,0,0,0,0,0,0,0,0,0,0,0,0,0,0,0,0,0,0,0,0,0,0,0,0,0,0,0,0,0,0,0,0,0,0,0,0,0,0,0,0,0,0,0,0,0,0,0,0,0,0,0,0,0,0,0,0,0,0,0,0,0,0,0,0,0,0,0,0,0,0,0,0,0,0,0,0,0,0,0,0,0,0,0,0,0,0,0,0,0,0,0,0,0,0,0,0,0,0
gene7,0,0,0,0,0,0,0,0,0,0,0,0,0,0,0,0,0,0,0,0,0,0,0,0,0,0,0,0,0,0,0,0,0,0,0,0,0,0,0,0,0,0,0,0,0,0,0,0,0,0,0,0,0,0,0,0,0,0,0,0,0,0,0,0,0,0,0,0,0,0,0,0,0,0,0,0,0,0,0,0,0,0,0,0,0,0,0,0,0,0,0,0,0,0,0,0,0,0,0,0,0,0,0,0,0,0,0,0,0,0,0,0,0,0,0,0,0,0,0,0,0,0,0,0,0,0,0,0,0,0,0,0,0,0,0,0,0,0,0,0,0,0,0,0,0,0,0,0,0,0,0,0,0,0,0,0,0,0,0,0,0,0,0,0,0,0,0,0,0,0,0,0,0,0,0,0,0,0,0,0,0,0,0,0,0,0,0,0,0,0,0,0,0,0,0,0,0,0,0,0,0,0,0,0,0,0,0,0,0,0,0,0,0,0,0,0,0,0,0,0,0,0,0,0,0,0,0,0,0,0,0,0,0,0,0,0,0,0,0,0,0,0,0,0,0,0,0,0,0,0,0,0,0,0,0,0,0,0,0,0,0,0,0,0,0,0,0,0,0,0,0,0,0,0,0,0,0,0,0,0,0,0,0,0,0,0,0,0,0,0,0,0,0,0,0,0,0,0,0,0,0,0,0,0,0,0,0,0,0,0,0,0,0,0,0,0,0,0,0,0,0,0,0,0,0,0,0,0,0,0,0,0,0,0,0,0,0,0,0,0,0,0,0,0,0,0,0,0,0,0,0,0,0,0,0,0,0,0,0,0,0,0,0,0,0,0,0,0,0,0,0,0,0,0,0,0,0,0,0,0,0,0,0,0,0,0,0,0,0,0,0,0,0,0,0,0,0,0,0,0,0,0,0,0,0,0,1,0,0,0,0,0,0,0,0,0,0,0,0,0,0,0,0,0,0,0,0,0,0,0,0,0,0,0,0,0,0,0,0,0,0,0,0,0,0,0,0,0,0,0,0,0,0,0,0,0,0,0,0,0,0,0,0,0,0,0,0,0,0,0,0,0,0,0,0,0,0,0,0,0,0,0,0,0,0,0,0,0,0,0,0,0,0,0,0,0,0,0,0,0,0,0,0,0,0,0,0,0,0,0,0,0,0,0,0,0,0,0,0,0,0,0,0,0,0,0,0,0,0,0,0,0,0,0,0,0,0,0,0,0,0,0,0,0,0,0,0,0,0,0,0,0,0,0,0,0,0,0,0,0,0,0,0,0,0,0,0,0,0,0,0,0,0,0,0,0,0,0,0,0,0,0,0,0,0,0,0,0,0,0,0,0,0,0,0,0,0,0,0,0,0,0,0,0,0,0,0,0,0,0,0,0,0,0,0,0,0,0,0,0,0,0,0,0,0,0,0,0,0,0,0,0,0,0,0,0,0,0,0,0,0,0,0,0,0,0,0,0,0,0,0,0,0,0,0,0,0,0,0,0,0,0,0,0,0,0,0,0,0,0,0,0,0,0,0,0,0,0,0,0,0,0,0,0,0,0,0,0,0,0,0,0,0,0,0,0,0,0,0,0,0,0,0,0,0,0,0,0,0,0,0,0,0,0,0,0,0,0,0,0,0,0,0,0,0,0,0,0,0,0,0,0,0,0,0,0,0,0,0,0,0,0,0,0,0,0,0,0,0,0,0,0,0,0,0,0,0,0,0,0,0,0,0,0,0,0,0,0,0,0,0,0,0,0,0,0,0,0,0,0,0,0,0,0,0,0,0,0,0,0,0,0,0,0,0,1,0,0,0,0,0,0,0,0,0,0,0,0,0,0,0,0,0,0,0,0,0
gene8,0,0,83,247,0,7,9,0,18,112,270,58,26,0,10,7,2,41,41,355,321,1,9,103,1,0,0,8,17,11098,1,139,30,0,6457,4,0,3,45,197,62,0,0,0,3,5,9,268,1,0,1,0,10,0,41,15,509,7,4,0,0,5651,0,0,0,3,72,1,7,7,27,14,0,0,53,0,0,6,1,0,197,0,2452,46,0,0,38,3,29,3,0,2,16,0,0,53,30,5,0,0,18,54,0,2,0,8,0,52,5,64,0,0,0,14,0,3,26,0,0,158,0,192,0,4,55,38,1117,0,7,0,0,1254,15,556,2,8,0,224,23,101,0,939,0,0,5,151,2,23,0,1,3,25,0,5,150,26,167,0,1,1,48,0,0,8,30,4,6,5,8,0,0,394,8,13,15,0,45,0,0,4,0,0,0,0,0,17,108,15,0,2,3,61,0,1,2961,1072,0,34,3,0,0,0,22,1,0,1,0,0,0,0,66,2,0,633,0,0,0,0,0,27,7595,0,96,0,11,29,3,1,0,1,0,44,2,0,29,0,0,6,0,110,30,122,1,6,20,0,0,0,2,22,133,0,0,15,0,1,6,6,0,33,0,1,1,0,417,0,0,0,10,0,0,5,731,6,5,2,13,0,4,26,1,0,2,1729771,7,0,0,1,29,39,83,543,15,0,0,3,2,56,6,12,9,3,2,287,14,27,1056,20,0,0,1,5,1,0,0,13,0,1,16,0,0,0,7,3,1,3,428,8,0,2,1,0,0,2,60,748,3,0,19,7,0,0,0,8,4,99,0,0,6,6,1,538,3,1,0,0,9,1,638,348,328,4,1242,8,0,0,756,0,2,19,348,48,0,0,1,2,9,1,34,0,8,0,0,484,85,59,11,1004,0,1,40,0,16,2,4,0,3,0,0,0,238,0,0,1,51,0,458,0,0,3,33,0,101,45,0,344,42,36,699,22,23,4,49,57,105,0,1129,152,0,41,5,0,0,1,0,129,0,0,0,1,0,6,0,13,26,4512,0,0,5,13,0,0,67,0,5,26,0,5,0,52,0,6,4,120,0,1,0,0,1,317,0,2,42,0,0,48,217,39422,0,3,125,18,3,0,3,0,0,0,30,7,0,0,1,0,4,5440,0,1,84,1123,0,2,1,2,0,0,4,1,2,2,10,6,96,6,83,8931,1,4,0,0,0,2,5,20,1,0,68,1,12,12,4,1,0,3,2,3,2,0,7,0,0,5,5,49,0,4,2,6,17,0,2,0,455,5,3,0,62,5,60,0,82,433,92,10,3076,0,0,463,18,153,47,1502,4,0,2,0,9,6227,0,5,49,3,0,0,6,3,1,15,0,5,1,0,14,11,18,19,2,1,1,1,1193,8,664,0,0,0,50,7,6,101,2,0,0,0,0,2,3,11,387,3,707,25,0,0,59,1,110,1,1,0,1,2,2,1,6,7,0,0,0,0,11,0,0,1,1,0,0,0,64,1,0,0,0,3,62,308,16,462,33,1,0,8,0,1,32,0,50,1805,1,2,1,27,7,2,1731,172,15,15,0,1,0,0,0,1,7,2,3,51,0,11,0,2,0,0,1,0,0,9,6,8,0,245,6,5,52,1,2,183,1,2,3,0,1,0,0,27,0,15,126,2,2,35,1,2,0,0,0,215,15,334,0,4,4,6,8,0,0,6,1,0,17,22,0,4,602,4,38,1,0,1278,0,0,2,225,0,2,392,0,0,1,12,0,19,0,0,0,79,24,4,0,82,0,987,2,0,0,0,0,30,1,70,0,3,202,2,1,0,0,5,23,0,4,0,109,1,0,0,0,1,0,44,0,0,37,0,1,0,0,9,559,54,1,41,39,2,0,14
gene9,0,0,0,0,0,0,0,0,0,0,0,0,0,0,0,0,0,0,0,0,0,0,0,0,0,0,0,0,0,0,14604,0,0,0,0,0,0,0,49,0,1,66,0,0,0,0,0,0,688,0,289,0,0,0,0,0,0,22928,0,24,0,306,0,0,0,0,0,0,0,1,0,0,0,0,0,0,0,0,0,0,0,709,0,4,0,0,0,0,2,8,7,0,0,0,0,0,0,0,15,55,9,0,0,0,0,0,4,751,0,0,521,0,107,0,0,0,0,0,0,62,110,0,0,0,0,0,11,21,0,0,0,0,0,2,0,0,0,148,0,2,0,0,10,0,13695,0,0,24,0,0,0,0,0,21,0,0,0,0,4,0,0,1615,0,16,150,8,0,0,0,0,66,38,0,1,0,305,0,0,0,0,9,0,9,0,0,0,0,0,0,0,0,0,0,0,0,0,0,0,0,0,0,1,0,0,0,0,3,0,0,13,0,0,0,0,0,0,0,0,0,0,0,1,1,0,0,1,0,0,0,0,4,0,0,148,7,2,0,0,0,0,0,0,0,0,2,0,2,0,0,0,0,0,1,29,215,0,0,0,0,0,0,0,0,0,0,0,0,0,0,0,0,0,0,2,0,0,0,0,2,58,0,0,22,0,0,0,0,0,0,0,71,0,0,0,0,0,0,0,382,0,0,0,2,5,0,138,110,0,0,0,0,5,0,0,1,0,0,11,0,0,0,0,4,0,0,0,5,1,9,0,0,24,0,0,0,0,0,0,0,0,64,0,0,65,0,0,0,0,131,0,1,5,5,0,0,3,0,2,0,0,0,0,0,0,0,0,93420,0,0,2,0,0,0,0,0,0,0,8226,16,2,0,1,0,75,0,12,0,0,0,0,0,0,0,1,0,0,0,0,16,0,0,0,1,0,3,0,0,0,0,0,1,0,0,0,221,0,0,0,0,3,0,0,0,0,2,2,0,1,0,0,4,1,0,0,1,1,0,0,0,0,0,2,0,0,0,0,0,1,32,781,0,3,0,0,0,0,0,2,42,0,0,5,0,0,59,0,0,0,0,0,0,31,508,0,0,20,0,0,0,0,0,16,0,4,0,0,0,0,0,8,0,0,0,0,5,0,0,0,0,52,4,0,0,0,0,18,0,0,0,0,0,0,0,2,0,37,0,4,1,0,0,0,3931,0,874,0,0,0,0,0,0,0,0,1603,0,6,0,0,1246,92,0,0,0,0,10,0,0,48,0,0,6,1,10286,0,0,11,19,0,0,0,0,0,0,0,0,3,0,0,0,0,5,0,0,0,0,0,0,2,10,0,0,1,0,0,1,0,0,0,1,0,0,0,0,0,0,26,0,0,0,52,0,0,0,0,0,0,0,0,0,8,0,198,0,1,0,0,4,0,0,0,1716,0,0,1,0,0,0,17,0,10,1,6,0,0,0,0,4,0,0,0,6,0,0,0,0,20,0,0,0,0,0,0,0,0,705,0,0,610,0,0,2,0,0,0,0,117,116195,0,49,0,0,1,0,0,0,0,0,0,0,0,0,7715,0,588,21,0,0,0,0,868,0,0,899,35,0,0,0,0,4,2,0,0,2,0,0,0,0,0,0,0,0,0,0,1280,0,3,0,28,0,56,0,0,205,0,0,1512,494,0,93,0,3,0,0,0,3,0,0,0,0,0,2,0,2,1,0,0,0,0,4,796,0,0,0,0,0,0,0,0,0,80,0,0,1,0,0,0,0,0,0,0,0,0,0,0,0,0,0,0,0,0,1,0,0,0,0,0,0,0,0,0,0,0,2,1,0,0,0,0,0,0,0,0,0,52,0,0,0,0,215,0,0,0,45,0,231,0,0
gene10,0,0,0,0,0,0,0,0,0,0,0,0,0,0,0,0,0,0,0,0,0,0,0,0,0,0,0,0,0,0,0,0,0,0,0,0,0,0,0,0,0,0,0,0,0,0,0,0,0,0,0,0,0,0,0,0,0,0,0,0,0,0,0,0,0,0,0,0,0,0,0,0,0,0,0,0,0,0,0,0,0,0,0,0,0,0,0,0,0,0,0,0,0,0,0,0,0,0,0,0,0,0,0,0,0,0,0,0,0,0,0,0,0,0,0,0,0,0,0,0,0,0,0,0,0,0,0,0,0,0,0,0,0,0,0,0,0,0,4,0,0,0,1,0,0,0,0,0,0,0,0,0,0,0,0,0,0,0,0,0,0,0,0,0,0,0,147,0,0,0,0,0,0,0,0,0,0,0,0,0,0,0,0,0,920,0,0,2,0,1,0,0,0,0,0,0,0,0,0,0,0,0,0,0,0,0,0,0,0,0,0,0,0,0,0,0,0,0,0,0,0,0,0,0,0,0,0,0,0,9,0,0,0,0,0,0,0,0,0,13,0,0,0,0,0,0,0,0,0,0,0,0,0,0,0,0,0,0,0,0,0,10,0,0,0,2,0,0,0,0,0,0,0,0,0,0,0,0,0,0,0,0,0,0,0,0,0,0,0,0,0,0,0,0,0,0,0,0,0,0,0,0,0,0,0,0,0,0,0,0,0,0,0,0,0,0,0,1,0,0,0,0,0,0,0,7,0,0,0,0,0,0,0,0,0,0,0,0,0,0,0,1,0,0,0,0,1,0,0,0,0,0,0,0,1,0,0,0,0,0,0,0,0,0,0,0,0,0,0,0,0,0,0,0,0,12,4,0,0,0,0,0,0,0,0,0,0,0,0,0,0,0,0,0,0,0,0,0,0,0,0,0,0,0,0,0,0,0,0,0,0,0,0,0,0,0,0,0,0,0,0,0,0,0,0,0,0,0,0,0,0,0,0,0,0,0,0,0,0,0,0,2,0,0,0,0,0,0,0,0,0,0,0,0,2,0,0,0,0,0,0,0,0,0,0,0,0,0,0,0,0,0,0,0,0,0,12,0,0,0,0,0,0,0,0,0,0,0,0,0,0,0,0,0,3,0,0,0,0,0,0,0,0,0,0,0,0,0,0,0,0,0,0,0,0,0,7,5,0,0,0,0,0,0,0,0,0,0,0,0,1,0,0,0,0,0,0,0,0,0,0,0,6,0,0,0,0,0,0,0,0,0,0,0,0,1,0,0,0,0,0,0,0,0,0,0,0,0,0,0,0,0,0,3,0,0,0,0,0,0,0,1,0,0,0,0,0,0,0,0,0,0,0,0,0,0,0,0,0,0,0,0,0,0,0,0,0,0,0,0,0,0,0,0,0,0,0,0,3,0,0,0,0,0,0,23,0,0,0,0,2,0,0,0,0,0,0,0,0,0,0,0,0,0,0,0,0,0,0,0,0,2,0,0,2,0,0,0,0,0,3,0,0,1,0,0,0,0,0,0,0,0,0,0,0,95,0,0,0,0,0,0,0,0,1,0,0,0,0,0,0,0,0,0,0,0,0,0,0,0,0,0,0,0,0,0,0,0,0,0,0,0,0,0,0,0,0,0,0,0,0,1,0,0,0,0,0,0,0,0,0,0,0,0,0,1,0,0,0,0,0,0,0,0,0,0,0,0,0,0,0,4,0,0,0,0,0,0,0,0,0,0,0,0,0,0,0,0,0,0,0,0,0,1,0,0,0,5,0,0,0,0,0,0,0,0,0,0,24,0,1,0,0,0,0,0,0,0,0,0,0,0,0,0,0,0,0,0,0,0,0,6,0,0,0,0,0
